customer_id,split,actual_subscription,subscription_label,predicted_probability,predicted_probability_x10000,predicted_probability_display,score_rank,score_percentile,selected_policy_flag,recommendation_group,score_band,score_band_tableau,age,job,marital,education,contact,month,campaign,previous,poutcome,recommended_top_5,recommended_top_10,recommended_top_15,recommended_top_20,recommended_top_25,recommended_top_30,predicted_label_0_5
test_003812,test,1,Subscribed,0.97976035,9798,97.98%,1,1.0,1,Recommended: Top 20%,0.80 to 1.00,80% to 100%,60,admin.,married,university.degree,cellular,jul,1,2,success,1,1,1,1,1,1,1
test_000117,test,1,Subscribed,0.9789079,9789,97.89%,2,0.9997462572951028,1,Recommended: Top 20%,0.80 to 1.00,80% to 100%,80,housemaid,married,basic.4y,cellular,apr,1,1,success,1,1,1,1,1,1,1
test_003151,test,1,Subscribed,0.9778569,9779,97.79%,3,0.9994925145902056,1,Recommended: Top 20%,0.80 to 1.00,80% to 100%,80,retired,divorced,basic.4y,cellular,apr,1,2,success,1,1,1,1,1,1,1
test_002892,test,1,Subscribed,0.97317785,9732,97.32%,4,0.9992387718853084,1,Recommended: Top 20%,0.80 to 1.00,80% to 100%,36,admin.,married,university.degree,cellular,may,1,2,success,1,1,1,1,1,1,1
test_002118,test,1,Subscribed,0.97259474,9726,97.26%,5,0.9989850291804112,1,Recommended: Top 20%,0.80 to 1.00,80% to 100%,36,admin.,single,university.degree,cellular,jun,1,1,success,1,1,1,1,1,1,1
test_003386,test,1,Subscribed,0.97234195,9723,97.23%,6,0.9987312864755138,1,Recommended: Top 20%,0.80 to 1.00,80% to 100%,34,admin.,married,university.degree,cellular,jun,1,2,success,1,1,1,1,1,1,1
test_002420,test,1,Subscribed,0.97217786,9722,97.22%,7,0.9984775437706166,1,Recommended: Top 20%,0.80 to 1.00,80% to 100%,24,student,single,professional.course,cellular,jul,2,3,success,1,1,1,1,1,1,1
test_000264,test,1,Subscribed,0.9720408,9720,97.20%,8,0.9982238010657194,1,Recommended: Top 20%,0.80 to 1.00,80% to 100%,48,admin.,divorced,high.school,cellular,jun,1,1,success,1,1,1,1,1,1,1
test_002055,test,1,Subscribed,0.971798,9718,97.18%,9,0.997970058360822,1,Recommended: Top 20%,0.80 to 1.00,80% to 100%,26,student,single,university.degree,cellular,nov,1,1,success,1,1,1,1,1,1,1
test_002710,test,1,Subscribed,0.9717723,9718,97.18%,10,0.9977163156559248,1,Recommended: Top 20%,0.80 to 1.00,80% to 100%,55,unemployed,divorced,university.degree,cellular,mar,3,3,success,1,1,1,1,1,1,1
test_002861,test,1,Subscribed,0.97166663,9717,97.17%,11,0.9974625729510276,1,Recommended: Top 20%,0.80 to 1.00,80% to 100%,53,housemaid,married,university.degree,cellular,apr,1,1,success,1,1,1,1,1,1,1
test_000379,test,1,Subscribed,0.97149855,9715,97.15%,12,0.9972088302461304,1,Recommended: Top 20%,0.80 to 1.00,80% to 100%,42,admin.,single,high.school,cellular,sep,1,1,success,1,1,1,1,1,1,1
test_000990,test,1,Subscribed,0.9714201,9714,97.14%,13,0.9969550875412332,1,Recommended: Top 20%,0.80 to 1.00,80% to 100%,41,technician,divorced,university.degree,cellular,mar,1,1,success,1,1,1,1,1,1,1
test_003751,test,1,Subscribed,0.9711341,9711,97.11%,14,0.996701344836336,1,Recommended: Top 20%,0.80 to 1.00,80% to 100%,24,student,single,high.school,cellular,sep,2,2,success,1,1,1,1,1,1,1
test_001399,test,1,Subscribed,0.9703827,9704,97.04%,15,0.9964476021314388,1,Recommended: Top 20%,0.80 to 1.00,80% to 100%,34,admin.,single,university.degree,cellular,mar,2,1,success,1,1,1,1,1,1,1
test_001372,test,0,Did Not Subscribe,0.9702257,9702,97.02%,16,0.9961938594265416,1,Recommended: Top 20%,0.80 to 1.00,80% to 100%,30,technician,single,professional.course,cellular,sep,1,1,success,1,1,1,1,1,1,1
test_000753,test,1,Subscribed,0.970089,9701,97.01%,17,0.9959401167216444,1,Recommended: Top 20%,0.80 to 1.00,80% to 100%,33,admin.,single,university.degree,cellular,apr,1,2,success,1,1,1,1,1,1,1
test_001071,test,1,Subscribed,0.97001934,9700,97.00%,18,0.995686374016747,1,Recommended: Top 20%,0.80 to 1.00,80% to 100%,27,admin.,single,university.degree,cellular,apr,1,1,success,1,1,1,1,1,1,1
test_001717,test,1,Subscribed,0.9699892,9700,97.00%,19,0.9954326313118498,1,Recommended: Top 20%,0.80 to 1.00,80% to 100%,31,admin.,single,university.degree,cellular,jul,2,2,success,1,1,1,1,1,1,1
test_002795,test,1,Subscribed,0.9699117,9699,96.99%,20,0.9951788886069526,1,Recommended: Top 20%,0.80 to 1.00,80% to 100%,29,admin.,single,university.degree,cellular,jun,1,3,success,1,1,1,1,1,1,1
test_001393,test,1,Subscribed,0.9690778,9691,96.91%,21,0.9949251459020552,1,Recommended: Top 20%,0.80 to 1.00,80% to 100%,36,management,married,university.degree,cellular,jun,1,2,success,1,1,1,1,1,1,1
test_001718,test,1,Subscribed,0.968966,9690,96.90%,22,0.994671403197158,1,Recommended: Top 20%,0.80 to 1.00,80% to 100%,35,technician,single,professional.course,cellular,jul,1,1,success,1,1,1,1,1,1,1
test_002183,test,1,Subscribed,0.9689088,9689,96.89%,23,0.9944176604922608,1,Recommended: Top 20%,0.80 to 1.00,80% to 100%,63,retired,married,professional.course,cellular,may,2,1,success,1,1,1,1,1,1,1
test_003096,test,1,Subscribed,0.96889335,9689,96.89%,24,0.9941639177873636,1,Recommended: Top 20%,0.80 to 1.00,80% to 100%,29,technician,single,professional.course,cellular,jun,2,1,success,1,1,1,1,1,1,1
test_002182,test,1,Subscribed,0.9685185,9685,96.85%,25,0.9939101750824664,1,Recommended: Top 20%,0.80 to 1.00,80% to 100%,29,admin.,single,high.school,cellular,jul,3,1,success,1,1,1,1,1,1,1
test_000562,test,1,Subscribed,0.96844864,9684,96.84%,26,0.9936564323775692,1,Recommended: Top 20%,0.80 to 1.00,80% to 100%,35,technician,single,professional.course,cellular,jul,1,2,success,1,1,1,1,1,1,1
test_002369,test,1,Subscribed,0.96799904,9680,96.80%,27,0.993402689672672,1,Recommended: Top 20%,0.80 to 1.00,80% to 100%,30,student,single,unknown,telephone,mar,1,2,success,1,1,1,1,1,1,1
test_002265,test,1,Subscribed,0.96724164,9672,96.72%,28,0.9931489469677748,1,Recommended: Top 20%,0.80 to 1.00,80% to 100%,34,technician,married,high.school,cellular,jun,1,4,success,1,1,1,1,1,1,1
test_003627,test,1,Subscribed,0.9671427,9671,96.71%,29,0.9928952042628776,1,Recommended: Top 20%,0.80 to 1.00,80% to 100%,75,retired,divorced,high.school,telephone,apr,1,2,success,1,1,1,1,1,1,1
test_002347,test,1,Subscribed,0.96705395,9671,96.71%,30,0.9926414615579802,1,Recommended: Top 20%,0.80 to 1.00,80% to 100%,42,technician,married,university.degree,cellular,aug,3,2,success,1,1,1,1,1,1,1
test_000083,test,1,Subscribed,0.9668983,9669,96.69%,31,0.992387718853083,1,Recommended: Top 20%,0.80 to 1.00,80% to 100%,30,student,single,professional.course,cellular,sep,2,1,success,1,1,1,1,1,1,1
test_000248,test,1,Subscribed,0.9666376,9666,96.66%,32,0.9921339761481858,1,Recommended: Top 20%,0.80 to 1.00,80% to 100%,50,housemaid,married,basic.6y,cellular,jul,3,2,success,1,1,1,1,1,1,1
test_003079,test,1,Subscribed,0.966521,9665,96.65%,33,0.9918802334432884,1,Recommended: Top 20%,0.80 to 1.00,80% to 100%,78,retired,married,unknown,cellular,mar,1,2,success,1,1,1,1,1,1,1
test_003731,test,1,Subscribed,0.9660922,9661,96.61%,34,0.9916264907383912,1,Recommended: Top 20%,0.80 to 1.00,80% to 100%,41,admin.,married,unknown,cellular,sep,1,3,success,1,1,1,1,1,1,1
test_003630,test,1,Subscribed,0.96546614,9655,96.55%,35,0.991372748033494,1,Recommended: Top 20%,0.80 to 1.00,80% to 100%,80,retired,divorced,unknown,cellular,nov,2,1,success,1,1,1,1,1,1,1
test_001517,test,1,Subscribed,0.96535814,9654,96.54%,36,0.9911190053285968,1,Recommended: Top 20%,0.80 to 1.00,80% to 100%,26,technician,single,university.degree,cellular,dec,1,1,success,1,1,1,1,1,1,1
test_000526,test,1,Subscribed,0.96444714,9644,96.44%,37,0.9908652626236996,1,Recommended: Top 20%,0.80 to 1.00,80% to 100%,24,technician,single,professional.course,cellular,jul,2,1,success,1,1,1,1,1,1,1
test_002261,test,1,Subscribed,0.96427244,9643,96.43%,38,0.9906115199188024,1,Recommended: Top 20%,0.80 to 1.00,80% to 100%,84,retired,divorced,unknown,cellular,sep,1,2,success,1,1,1,1,1,1,1
test_000543,test,1,Subscribed,0.9640756,9641,96.41%,39,0.990357777213905,1,Recommended: Top 20%,0.80 to 1.00,80% to 100%,77,management,married,unknown,cellular,aug,1,6,success,1,1,1,1,1,1,1
test_002614,test,1,Subscribed,0.9640066,9640,96.40%,40,0.990104034509008,1,Recommended: Top 20%,0.80 to 1.00,80% to 100%,30,student,single,unknown,cellular,dec,1,2,success,1,1,1,1,1,1,1
test_002685,test,1,Subscribed,0.96394104,9639,96.39%,41,0.9898502918041108,1,Recommended: Top 20%,0.80 to 1.00,80% to 100%,76,retired,married,university.degree,cellular,dec,3,2,success,1,1,1,1,1,1,1
test_001980,test,1,Subscribed,0.96341425,9634,96.34%,42,0.9895965490992134,1,Recommended: Top 20%,0.80 to 1.00,80% to 100%,34,admin.,single,university.degree,cellular,nov,1,2,success,1,1,1,1,1,1,1
test_000791,test,0,Did Not Subscribe,0.96324325,9632,96.32%,43,0.9893428063943162,1,Recommended: Top 20%,0.80 to 1.00,80% to 100%,27,admin.,single,university.degree,cellular,oct,1,2,success,1,1,1,1,1,1,1
test_003389,test,1,Subscribed,0.96281683,9628,96.28%,44,0.989089063689419,1,Recommended: Top 20%,0.80 to 1.00,80% to 100%,67,housemaid,divorced,professional.course,cellular,aug,1,2,success,1,1,1,1,1,1,1
test_003864,test,1,Subscribed,0.96276367,9628,96.28%,45,0.9888353209845216,1,Recommended: Top 20%,0.80 to 1.00,80% to 100%,61,admin.,married,university.degree,telephone,aug,1,2,success,1,1,1,1,1,1,1
test_000160,test,1,Subscribed,0.9616223,9616,96.16%,46,0.9885815782796245,1,Recommended: Top 20%,0.80 to 1.00,80% to 100%,31,admin.,single,high.school,cellular,sep,2,2,success,1,1,1,1,1,1,1
test_001945,test,1,Subscribed,0.96134645,9613,96.13%,47,0.9883278355747273,1,Recommended: Top 20%,0.80 to 1.00,80% to 100%,70,retired,married,professional.course,cellular,oct,1,3,success,1,1,1,1,1,1,1
test_003551,test,1,Subscribed,0.96066827,9607,96.07%,48,0.98807409286983,1,Recommended: Top 20%,0.80 to 1.00,80% to 100%,45,management,married,unknown,cellular,apr,3,1,success,1,1,1,1,1,1,1
test_001928,test,1,Subscribed,0.95988786,9599,95.99%,49,0.9878203501649327,1,Recommended: Top 20%,0.80 to 1.00,80% to 100%,23,student,single,high.school,telephone,mar,1,1,success,1,1,1,1,1,1,1
test_000767,test,1,Subscribed,0.9598628,9599,95.99%,50,0.9875666074600356,1,Recommended: Top 20%,0.80 to 1.00,80% to 100%,28,services,single,basic.6y,cellular,jun,2,1,success,1,1,1,1,1,1,1
test_000975,test,0,Did Not Subscribe,0.95904285,9590,95.90%,51,0.9873128647551382,1,Recommended: Top 20%,0.80 to 1.00,80% to 100%,30,self-employed,single,university.degree,cellular,dec,2,1,success,1,1,1,1,1,1,1
test_000206,test,1,Subscribed,0.9590043,9590,95.90%,52,0.987059122050241,1,Recommended: Top 20%,0.80 to 1.00,80% to 100%,42,blue-collar,married,professional.course,cellular,oct,1,1,success,1,1,1,1,1,1,1
test_001714,test,1,Subscribed,0.9575686,9576,95.76%,53,0.9868053793453438,1,Recommended: Top 20%,0.80 to 1.00,80% to 100%,57,admin.,divorced,high.school,cellular,sep,1,5,success,1,1,1,1,1,1,1
test_001782,test,0,Did Not Subscribe,0.9574799,9575,95.75%,54,0.9865516366404464,1,Recommended: Top 20%,0.80 to 1.00,80% to 100%,25,unemployed,single,high.school,cellular,aug,1,3,success,1,1,1,1,1,1,1
test_003892,test,0,Did Not Subscribe,0.9574464,9574,95.74%,55,0.9862978939355492,1,Recommended: Top 20%,0.80 to 1.00,80% to 100%,39,blue-collar,married,basic.6y,telephone,jul,1,1,success,1,1,1,1,1,1,1
test_003919,test,1,Subscribed,0.9569459,9569,95.69%,56,0.986044151230652,1,Recommended: Top 20%,0.80 to 1.00,80% to 100%,35,unemployed,married,university.degree,cellular,oct,1,1,success,1,1,1,1,1,1,1
test_000733,test,1,Subscribed,0.95667046,9567,95.67%,57,0.9857904085257548,1,Recommended: Top 20%,0.80 to 1.00,80% to 100%,41,admin.,divorced,university.degree,cellular,jul,1,2,success,1,1,1,1,1,1,1
test_000482,test,1,Subscribed,0.9553972,9554,95.54%,58,0.9855366658208576,1,Recommended: Top 20%,0.80 to 1.00,80% to 100%,29,admin.,single,university.degree,cellular,sep,2,3,success,1,1,1,1,1,1,1
test_000263,test,0,Did Not Subscribe,0.95371616,9537,95.37%,59,0.9852829231159604,1,Recommended: Top 20%,0.80 to 1.00,80% to 100%,30,student,single,high.school,cellular,apr,3,1,success,1,1,1,1,1,1,1
test_001001,test,1,Subscribed,0.9532009,9532,95.32%,60,0.9850291804110632,1,Recommended: Top 20%,0.80 to 1.00,80% to 100%,31,student,single,university.degree,cellular,aug,4,2,success,1,1,1,1,1,1,1
test_002000,test,1,Subscribed,0.95223355,9522,95.22%,61,0.984775437706166,1,Recommended: Top 20%,0.80 to 1.00,80% to 100%,31,admin.,single,high.school,cellular,apr,1,1,success,1,1,1,1,1,1,1
test_002583,test,0,Did Not Subscribe,0.9521702,9522,95.22%,62,0.9845216950012688,1,Recommended: Top 20%,0.80 to 1.00,80% to 100%,26,management,single,university.degree,cellular,oct,1,1,success,1,1,1,1,1,1,1
test_001422,test,1,Subscribed,0.9520376,9520,95.20%,63,0.9842679522963714,1,Recommended: Top 20%,0.80 to 1.00,80% to 100%,57,admin.,married,university.degree,cellular,nov,1,2,success,1,1,1,1,1,1,1
test_000580,test,1,Subscribed,0.95138294,9514,95.14%,64,0.9840142095914742,1,Recommended: Top 20%,0.80 to 1.00,80% to 100%,68,retired,divorced,high.school,cellular,oct,1,1,success,1,1,1,1,1,1,1
test_003553,test,1,Subscribed,0.95048434,9505,95.05%,65,0.983760466886577,1,Recommended: Top 20%,0.80 to 1.00,80% to 100%,56,retired,married,professional.course,cellular,oct,1,1,success,1,1,1,1,1,1,1
test_001038,test,1,Subscribed,0.9504599,9505,95.05%,66,0.9835067241816796,1,Recommended: Top 20%,0.80 to 1.00,80% to 100%,37,technician,married,professional.course,cellular,apr,1,1,success,1,1,1,1,1,1,1
test_000043,test,1,Subscribed,0.950328,9503,95.03%,67,0.9832529814767824,1,Recommended: Top 20%,0.80 to 1.00,80% to 100%,36,management,single,university.degree,cellular,jun,2,1,success,1,1,1,1,1,1,1
test_002445,test,1,Subscribed,0.95004225,9500,95.00%,68,0.9829992387718852,1,Recommended: Top 20%,0.80 to 1.00,80% to 100%,24,admin.,single,university.degree,cellular,oct,3,2,success,1,1,1,1,1,1,1
test_003724,test,0,Did Not Subscribe,0.9492673,9493,94.93%,69,0.982745496066988,1,Recommended: Top 20%,0.80 to 1.00,80% to 100%,28,admin.,single,university.degree,cellular,apr,1,1,success,1,1,1,1,1,1,1
test_002287,test,1,Subscribed,0.9484161,9484,94.84%,70,0.9824917533620908,1,Recommended: Top 20%,0.80 to 1.00,80% to 100%,49,admin.,married,high.school,cellular,oct,1,3,success,1,1,1,1,1,1,1
test_001965,test,0,Did Not Subscribe,0.94805384,9481,94.81%,71,0.9822380106571936,1,Recommended: Top 20%,0.80 to 1.00,80% to 100%,29,blue-collar,single,basic.9y,telephone,jun,1,2,success,1,1,1,1,1,1,1
test_002966,test,1,Subscribed,0.9478984,9479,94.79%,72,0.9819842679522964,1,Recommended: Top 20%,0.80 to 1.00,80% to 100%,60,retired,married,university.degree,cellular,dec,3,2,success,1,1,1,1,1,1,1
test_001649,test,1,Subscribed,0.94753414,9475,94.75%,73,0.9817305252473992,1,Recommended: Top 20%,0.80 to 1.00,80% to 100%,32,admin.,married,professional.course,cellular,oct,1,1,success,1,1,1,1,1,1,1
test_001660,test,1,Subscribed,0.94734657,9473,94.73%,74,0.981476782542502,1,Recommended: Top 20%,0.80 to 1.00,80% to 100%,22,student,single,basic.9y,cellular,oct,2,1,success,1,1,1,1,1,1,1
test_001338,test,1,Subscribed,0.94733727,9473,94.73%,75,0.9812230398376046,1,Recommended: Top 20%,0.80 to 1.00,80% to 100%,48,management,married,university.degree,cellular,oct,1,1,success,1,1,1,1,1,1,1
test_001884,test,1,Subscribed,0.947214,9472,94.72%,76,0.9809692971327074,1,Recommended: Top 20%,0.80 to 1.00,80% to 100%,24,admin.,single,high.school,cellular,jul,1,1,success,1,1,1,1,1,1,1
test_000521,test,1,Subscribed,0.9459295,9459,94.59%,77,0.9807155544278102,1,Recommended: Top 20%,0.80 to 1.00,80% to 100%,42,blue-collar,married,basic.6y,cellular,mar,1,3,failure,1,1,1,1,1,1,1
test_003395,test,1,Subscribed,0.9459039,9459,94.59%,78,0.9804618117229128,1,Recommended: Top 20%,0.80 to 1.00,80% to 100%,33,admin.,married,university.degree,cellular,oct,2,1,success,1,1,1,1,1,1,1
test_000082,test,1,Subscribed,0.944735,9447,94.47%,79,0.9802080690180156,1,Recommended: Top 20%,0.80 to 1.00,80% to 100%,29,admin.,single,high.school,cellular,sep,2,1,success,1,1,1,1,1,1,1
test_003409,test,1,Subscribed,0.94418544,9442,94.42%,80,0.9799543263131184,1,Recommended: Top 20%,0.80 to 1.00,80% to 100%,37,housemaid,married,university.degree,cellular,oct,2,2,success,1,1,1,1,1,1,1
test_001761,test,1,Subscribed,0.94400907,9440,94.40%,81,0.9797005836082212,1,Recommended: Top 20%,0.80 to 1.00,80% to 100%,34,admin.,single,university.degree,cellular,sep,3,2,success,1,1,1,1,1,1,1
test_002805,test,1,Subscribed,0.9437469,9437,94.37%,82,0.979446840903324,1,Recommended: Top 20%,0.80 to 1.00,80% to 100%,30,management,married,university.degree,cellular,apr,1,1,success,1,1,1,1,1,1,1
test_003217,test,1,Subscribed,0.94305426,9431,94.31%,83,0.9791930981984268,1,Recommended: Top 20%,0.80 to 1.00,80% to 100%,43,technician,married,high.school,cellular,sep,1,1,success,1,1,1,1,1,1,1
test_002010,test,1,Subscribed,0.9428335,9428,94.28%,84,0.9789393554935296,1,Recommended: Top 20%,0.80 to 1.00,80% to 100%,28,technician,single,professional.course,cellular,jun,1,1,success,1,1,1,1,1,1,1
test_001947,test,1,Subscribed,0.94242334,9424,94.24%,85,0.9786856127886324,1,Recommended: Top 20%,0.80 to 1.00,80% to 100%,27,management,single,professional.course,cellular,nov,1,1,success,1,1,1,1,1,1,1
test_001602,test,1,Subscribed,0.9408583,9409,94.09%,86,0.9784318700837352,1,Recommended: Top 20%,0.80 to 1.00,80% to 100%,30,technician,married,professional.course,cellular,oct,1,2,success,1,1,1,1,1,1,1
test_000144,test,0,Did Not Subscribe,0.9407506,9408,94.08%,87,0.978178127378838,1,Recommended: Top 20%,0.80 to 1.00,80% to 100%,49,admin.,divorced,university.degree,cellular,jun,1,1,success,1,1,1,1,1,1,1
test_003801,test,1,Subscribed,0.94055873,9406,94.06%,88,0.9779243846739406,1,Recommended: Top 20%,0.80 to 1.00,80% to 100%,30,technician,unknown,university.degree,cellular,mar,2,2,success,1,1,1,1,1,1,1
test_001275,test,0,Did Not Subscribe,0.9405253,9405,94.05%,89,0.9776706419690434,1,Recommended: Top 20%,0.80 to 1.00,80% to 100%,36,services,married,high.school,cellular,oct,1,1,success,1,1,1,1,1,1,1
test_002840,test,0,Did Not Subscribe,0.9389184,9389,93.89%,90,0.977416899264146,1,Recommended: Top 20%,0.80 to 1.00,80% to 100%,20,services,single,unknown,cellular,mar,3,3,success,1,1,1,1,1,1,1
test_001398,test,0,Did Not Subscribe,0.9388203,9388,93.88%,91,0.9771631565592488,1,Recommended: Top 20%,0.80 to 1.00,80% to 100%,40,technician,single,university.degree,cellular,nov,1,1,success,1,1,1,1,1,1,1
test_003292,test,0,Did Not Subscribe,0.93877786,9388,93.88%,92,0.9769094138543516,1,Recommended: Top 20%,0.80 to 1.00,80% to 100%,63,unknown,married,professional.course,cellular,oct,1,1,success,1,1,1,1,1,1,1
test_001130,test,1,Subscribed,0.9372031,9372,93.72%,93,0.9766556711494544,1,Recommended: Top 20%,0.80 to 1.00,80% to 100%,53,admin.,single,university.degree,cellular,jun,2,1,success,1,1,1,1,1,1,1
test_003904,test,0,Did Not Subscribe,0.93681043,9368,93.68%,94,0.9764019284445572,1,Recommended: Top 20%,0.80 to 1.00,80% to 100%,37,unemployed,married,university.degree,telephone,jun,3,2,success,1,1,1,1,1,1,1
test_000018,test,1,Subscribed,0.9365728,9366,93.66%,95,0.97614818573966,1,Recommended: Top 20%,0.80 to 1.00,80% to 100%,23,unemployed,single,basic.9y,cellular,oct,1,1,success,1,1,1,1,1,1,1
test_002086,test,0,Did Not Subscribe,0.9354926,9355,93.55%,96,0.9758944430347628,1,Recommended: Top 20%,0.80 to 1.00,80% to 100%,65,retired,married,high.school,cellular,oct,5,1,success,1,1,1,1,1,1,1
test_002868,test,0,Did Not Subscribe,0.93535376,9354,93.54%,97,0.9756407003298656,1,Recommended: Top 20%,0.80 to 1.00,80% to 100%,28,unemployed,single,high.school,cellular,dec,3,3,success,1,1,1,1,1,1,1
test_003159,test,1,Subscribed,0.93437546,9344,93.44%,98,0.9753869576249684,1,Recommended: Top 20%,0.80 to 1.00,80% to 100%,53,admin.,single,university.degree,cellular,apr,1,1,success,1,1,1,1,1,1,1
test_002370,test,1,Subscribed,0.9341941,9342,93.42%,99,0.9751332149200712,1,Recommended: Top 20%,0.80 to 1.00,80% to 100%,46,housemaid,single,university.degree,cellular,jun,1,1,success,1,1,1,1,1,1,1
test_000077,test,1,Subscribed,0.9333445,9333,93.33%,100,0.9748794722151738,1,Recommended: Top 20%,0.80 to 1.00,80% to 100%,80,retired,married,illiterate,cellular,aug,1,1,success,1,1,1,1,1,1,1
test_001817,test,1,Subscribed,0.9325576,9326,93.26%,101,0.9746257295102766,1,Recommended: Top 20%,0.80 to 1.00,80% to 100%,34,admin.,single,university.degree,cellular,mar,1,0,nonexistent,1,1,1,1,1,1,1
test_001981,test,1,Subscribed,0.93187094,9319,93.19%,102,0.9743719868053794,1,Recommended: Top 20%,0.80 to 1.00,80% to 100%,33,management,married,university.degree,telephone,aug,1,2,success,1,1,1,1,1,1,1
test_001478,test,0,Did Not Subscribe,0.9315194,9315,93.15%,103,0.974118244100482,1,Recommended: Top 20%,0.80 to 1.00,80% to 100%,49,technician,divorced,unknown,cellular,oct,1,1,success,1,1,1,1,1,1,1
test_002677,test,1,Subscribed,0.93066865,9307,93.07%,104,0.9738645013955848,1,Recommended: Top 20%,0.80 to 1.00,80% to 100%,37,unemployed,married,university.degree,cellular,jun,3,2,success,1,1,1,1,1,1,1
test_002353,test,0,Did Not Subscribe,0.9275297,9275,92.75%,105,0.9736107586906876,1,Recommended: Top 20%,0.80 to 1.00,80% to 100%,47,housemaid,single,professional.course,cellular,jun,1,1,success,1,1,1,1,1,1,1
test_001794,test,0,Did Not Subscribe,0.9261764,9262,92.62%,106,0.9733570159857904,1,Recommended: Top 20%,0.80 to 1.00,80% to 100%,68,retired,married,basic.4y,cellular,apr,1,0,nonexistent,1,1,1,1,1,1,1
test_000012,test,1,Subscribed,0.92433333,9243,92.43%,107,0.9731032732808932,1,Recommended: Top 20%,0.80 to 1.00,80% to 100%,47,admin.,married,high.school,cellular,aug,2,1,success,1,1,1,1,1,1,1
test_000667,test,1,Subscribed,0.9233332,9233,92.33%,108,0.972849530575996,1,Recommended: Top 20%,0.80 to 1.00,80% to 100%,30,admin.,single,university.degree,cellular,apr,1,1,success,1,1,1,1,1,1,1
test_002147,test,0,Did Not Subscribe,0.92301726,9230,92.30%,109,0.9725957878710988,1,Recommended: Top 20%,0.80 to 1.00,80% to 100%,28,technician,married,high.school,cellular,sep,1,1,success,1,1,1,1,1,1,1
test_000769,test,1,Subscribed,0.9210273,9210,92.10%,110,0.9723420451662016,1,Recommended: Top 20%,0.80 to 1.00,80% to 100%,61,retired,married,basic.4y,cellular,nov,1,3,failure,1,1,1,1,1,1,1
test_003273,test,1,Subscribed,0.92032444,9203,92.03%,111,0.9720883024613044,1,Recommended: Top 20%,0.80 to 1.00,80% to 100%,24,technician,married,professional.course,cellular,jul,4,1,success,1,1,1,1,1,1,1
test_001184,test,1,Subscribed,0.9184393,9184,91.84%,112,0.971834559756407,1,Recommended: Top 20%,0.80 to 1.00,80% to 100%,30,admin.,married,university.degree,cellular,aug,3,1,success,1,1,1,1,1,1,1
test_002035,test,1,Subscribed,0.91827464,9183,91.83%,113,0.9715808170515098,1,Recommended: Top 20%,0.80 to 1.00,80% to 100%,53,entrepreneur,married,basic.4y,cellular,apr,2,0,nonexistent,1,1,1,1,1,1,1
test_003457,test,0,Did Not Subscribe,0.9181245,9181,91.81%,114,0.9713270743466126,1,Recommended: Top 20%,0.80 to 1.00,80% to 100%,28,technician,single,university.degree,cellular,apr,1,0,nonexistent,1,1,1,1,1,1,1
test_003652,test,0,Did Not Subscribe,0.91726834,9173,91.73%,115,0.9710733316417152,1,Recommended: Top 20%,0.80 to 1.00,80% to 100%,27,admin.,single,university.degree,cellular,apr,1,0,nonexistent,1,1,1,1,1,1,1
test_001493,test,1,Subscribed,0.91507214,9151,91.51%,116,0.970819588936818,1,Recommended: Top 20%,0.80 to 1.00,80% to 100%,73,retired,married,basic.4y,cellular,jul,1,0,nonexistent,1,1,1,1,1,1,1
test_002793,test,1,Subscribed,0.9147308,9147,91.47%,117,0.9705658462319208,1,Recommended: Top 20%,0.80 to 1.00,80% to 100%,37,admin.,married,university.degree,cellular,nov,2,1,success,1,1,1,1,1,1,1
test_001993,test,1,Subscribed,0.9137369,9137,91.37%,118,0.9703121035270236,1,Recommended: Top 20%,0.80 to 1.00,80% to 100%,59,admin.,single,university.degree,cellular,aug,3,1,success,1,1,1,1,1,1,1
test_000824,test,1,Subscribed,0.9133816,9134,91.34%,119,0.9700583608221264,1,Recommended: Top 20%,0.80 to 1.00,80% to 100%,40,technician,single,university.degree,cellular,nov,2,1,success,1,1,1,1,1,1,1
test_000390,test,1,Subscribed,0.9132759,9133,91.33%,120,0.9698046181172292,1,Recommended: Top 20%,0.80 to 1.00,80% to 100%,54,admin.,married,university.degree,cellular,aug,2,1,success,1,1,1,1,1,1,1
test_001920,test,1,Subscribed,0.9125593,9126,91.26%,121,0.969550875412332,1,Recommended: Top 20%,0.80 to 1.00,80% to 100%,32,admin.,married,high.school,telephone,oct,1,0,nonexistent,1,1,1,1,1,1,1
test_003933,test,1,Subscribed,0.91206485,9121,91.21%,122,0.9692971327074348,1,Recommended: Top 20%,0.80 to 1.00,80% to 100%,80,retired,married,basic.4y,cellular,mar,1,0,nonexistent,1,1,1,1,1,1,1
test_003196,test,0,Did Not Subscribe,0.9108327,9108,91.08%,123,0.9690433900025376,1,Recommended: Top 20%,0.80 to 1.00,80% to 100%,29,services,single,high.school,cellular,jun,6,1,success,1,1,1,1,1,1,1
test_000324,test,0,Did Not Subscribe,0.91010255,9101,91.01%,124,0.9687896472976402,1,Recommended: Top 20%,0.80 to 1.00,80% to 100%,45,technician,married,university.degree,cellular,nov,1,0,nonexistent,1,1,1,1,1,1,1
test_001894,test,1,Subscribed,0.9071232,9071,90.71%,125,0.968535904592743,1,Recommended: Top 20%,0.80 to 1.00,80% to 100%,30,management,married,university.degree,cellular,oct,1,0,nonexistent,1,1,1,1,1,1,1
test_000809,test,1,Subscribed,0.9066331,9066,90.66%,126,0.9682821618878458,1,Recommended: Top 20%,0.80 to 1.00,80% to 100%,28,student,single,basic.9y,cellular,mar,1,0,nonexistent,1,1,1,1,1,1,1
test_001298,test,1,Subscribed,0.90651906,9065,90.65%,127,0.9680284191829484,1,Recommended: Top 20%,0.80 to 1.00,80% to 100%,26,blue-collar,single,basic.6y,cellular,oct,1,0,nonexistent,1,1,1,1,1,1,1
test_000143,test,1,Subscribed,0.9064303,9064,90.64%,128,0.9677746764780512,1,Recommended: Top 20%,0.80 to 1.00,80% to 100%,29,admin.,single,unknown,cellular,mar,1,0,nonexistent,1,1,1,1,1,1,1
test_000220,test,0,Did Not Subscribe,0.9063583,9064,90.64%,129,0.967520933773154,1,Recommended: Top 20%,0.80 to 1.00,80% to 100%,56,management,married,professional.course,cellular,dec,1,0,nonexistent,1,1,1,1,1,1,1
test_001583,test,0,Did Not Subscribe,0.90615594,9062,90.62%,130,0.9672671910682568,1,Recommended: Top 20%,0.80 to 1.00,80% to 100%,38,entrepreneur,married,university.degree,cellular,nov,2,0,nonexistent,1,1,1,1,1,1,1
test_001140,test,1,Subscribed,0.9059434,9059,90.59%,131,0.9670134483633596,1,Recommended: Top 20%,0.80 to 1.00,80% to 100%,81,retired,divorced,basic.4y,cellular,dec,3,0,nonexistent,1,1,1,1,1,1,1
test_001917,test,0,Did Not Subscribe,0.9049358,9049,90.49%,132,0.9667597056584624,1,Recommended: Top 20%,0.80 to 1.00,80% to 100%,61,retired,married,high.school,cellular,apr,4,0,nonexistent,1,1,1,1,1,1,1
test_003359,test,0,Did Not Subscribe,0.90480655,9048,90.48%,133,0.9665059629535652,1,Recommended: Top 20%,0.80 to 1.00,80% to 100%,45,admin.,married,university.degree,cellular,aug,1,2,success,1,1,1,1,1,1,1
test_001949,test,1,Subscribed,0.90357786,9036,90.36%,134,0.966252220248668,1,Recommended: Top 20%,0.80 to 1.00,80% to 100%,39,blue-collar,married,basic.6y,cellular,aug,2,1,success,1,1,1,1,1,1,1
test_001194,test,1,Subscribed,0.90222836,9022,90.22%,135,0.9659984775437708,1,Recommended: Top 20%,0.80 to 1.00,80% to 100%,36,admin.,married,university.degree,cellular,may,1,0,nonexistent,1,1,1,1,1,1,1
test_002362,test,0,Did Not Subscribe,0.9015337,9015,90.15%,136,0.9657447348388734,1,Recommended: Top 20%,0.80 to 1.00,80% to 100%,62,retired,divorced,high.school,cellular,jun,4,0,nonexistent,1,1,1,1,1,1,1
test_003733,test,1,Subscribed,0.8972302,8972,89.72%,137,0.9654909921339762,1,Recommended: Top 20%,0.80 to 1.00,80% to 100%,33,admin.,married,university.degree,cellular,nov,1,0,nonexistent,1,1,1,1,1,1,1
test_002263,test,1,Subscribed,0.8969048,8969,89.69%,138,0.965237249429079,1,Recommended: Top 20%,0.80 to 1.00,80% to 100%,36,admin.,married,university.degree,cellular,may,4,0,nonexistent,1,1,1,1,1,1,1
test_001954,test,0,Did Not Subscribe,0.89646727,8965,89.65%,139,0.9649835067241816,1,Recommended: Top 20%,0.80 to 1.00,80% to 100%,41,admin.,married,university.degree,cellular,jul,7,3,success,1,1,1,1,1,1,1
test_002239,test,1,Subscribed,0.89474237,8947,89.47%,140,0.9647297640192845,1,Recommended: Top 20%,0.80 to 1.00,80% to 100%,29,technician,single,basic.9y,cellular,jul,1,0,nonexistent,1,1,1,1,1,1,1
test_001175,test,1,Subscribed,0.892631,8926,89.26%,141,0.9644760213143873,1,Recommended: Top 20%,0.80 to 1.00,80% to 100%,78,retired,divorced,professional.course,cellular,mar,1,1,failure,1,1,1,1,1,1,1
test_000502,test,1,Subscribed,0.8924297,8924,89.24%,142,0.96422227860949,1,Recommended: Top 20%,0.80 to 1.00,80% to 100%,29,admin.,single,high.school,cellular,mar,1,0,nonexistent,1,1,1,1,1,1,1
test_001656,test,1,Subscribed,0.8923871,8924,89.24%,143,0.9639685359045927,1,Recommended: Top 20%,0.80 to 1.00,80% to 100%,29,admin.,single,university.degree,cellular,jul,1,0,nonexistent,1,1,1,1,1,1,1
test_002161,test,1,Subscribed,0.8919588,8920,89.20%,144,0.9637147931996956,1,Recommended: Top 20%,0.80 to 1.00,80% to 100%,60,retired,married,high.school,cellular,sep,1,0,nonexistent,1,1,1,1,1,1,1
test_000596,test,0,Did Not Subscribe,0.8915327,8915,89.15%,145,0.9634610504947982,1,Recommended: Top 20%,0.80 to 1.00,80% to 100%,39,entrepreneur,married,university.degree,cellular,sep,3,0,nonexistent,1,1,1,1,1,1,1
test_001832,test,0,Did Not Subscribe,0.8913266,8913,89.13%,146,0.963207307789901,1,Recommended: Top 20%,0.80 to 1.00,80% to 100%,51,admin.,married,university.degree,cellular,jul,4,0,nonexistent,1,1,1,1,1,1,1
test_001012,test,1,Subscribed,0.8898623,8899,88.99%,147,0.9629535650850038,1,Recommended: Top 20%,0.80 to 1.00,80% to 100%,31,admin.,single,university.degree,telephone,oct,1,0,nonexistent,1,1,1,1,1,1,1
test_000797,test,1,Subscribed,0.8885615,8886,88.86%,148,0.9626998223801064,1,Recommended: Top 20%,0.80 to 1.00,80% to 100%,32,management,single,university.degree,cellular,mar,1,0,nonexistent,1,1,1,1,1,1,1
test_000898,test,1,Subscribed,0.8881732,8882,88.82%,149,0.9624460796752092,1,Recommended: Top 20%,0.80 to 1.00,80% to 100%,52,admin.,married,university.degree,cellular,jul,1,0,nonexistent,1,1,1,1,1,1,1
test_003795,test,1,Subscribed,0.88655394,8866,88.66%,150,0.962192336970312,1,Recommended: Top 20%,0.80 to 1.00,80% to 100%,41,admin.,divorced,high.school,cellular,aug,1,3,failure,1,1,1,1,1,1,1
test_000558,test,1,Subscribed,0.8858683,8859,88.59%,151,0.9619385942654148,1,Recommended: Top 20%,0.80 to 1.00,80% to 100%,54,unemployed,married,high.school,cellular,dec,1,0,nonexistent,1,1,1,1,1,1,1
test_000811,test,0,Did Not Subscribe,0.8856962,8857,88.57%,152,0.9616848515605176,1,Recommended: Top 20%,0.80 to 1.00,80% to 100%,71,retired,married,basic.4y,cellular,apr,3,0,nonexistent,1,1,1,1,1,1,1
test_002823,test,0,Did Not Subscribe,0.88496965,8850,88.50%,153,0.9614311088556204,1,Recommended: Top 20%,0.80 to 1.00,80% to 100%,24,technician,single,university.degree,cellular,oct,1,0,nonexistent,1,1,1,1,1,1,1
test_001020,test,0,Did Not Subscribe,0.8848656,8849,88.49%,154,0.9611773661507232,1,Recommended: Top 20%,0.80 to 1.00,80% to 100%,35,technician,married,university.degree,cellular,mar,1,1,failure,1,1,1,1,1,1,1
test_000149,test,1,Subscribed,0.88309264,8831,88.31%,155,0.960923623445826,1,Recommended: Top 20%,0.80 to 1.00,80% to 100%,33,technician,married,professional.course,cellular,sep,1,0,nonexistent,1,1,1,1,1,1,1
test_002720,test,1,Subscribed,0.88296413,8830,88.30%,156,0.9606698807409288,1,Recommended: Top 20%,0.80 to 1.00,80% to 100%,29,admin.,married,high.school,cellular,jun,3,0,nonexistent,1,1,1,1,1,1,1
test_000922,test,1,Subscribed,0.88160497,8816,88.16%,157,0.9604161380360314,1,Recommended: Top 20%,0.80 to 1.00,80% to 100%,28,admin.,single,high.school,cellular,mar,2,0,nonexistent,1,1,1,1,1,1,1
test_002575,test,1,Subscribed,0.88129294,8813,88.13%,158,0.9601623953311342,1,Recommended: Top 20%,0.80 to 1.00,80% to 100%,31,student,single,university.degree,cellular,jul,2,0,nonexistent,1,1,1,1,1,1,1
test_003270,test,1,Subscribed,0.88066924,8807,88.07%,159,0.959908652626237,1,Recommended: Top 20%,0.80 to 1.00,80% to 100%,38,technician,married,professional.course,telephone,aug,2,1,success,1,1,1,1,1,1,1
test_000300,test,0,Did Not Subscribe,0.8795419,8795,87.95%,160,0.9596549099213396,1,Recommended: Top 20%,0.80 to 1.00,80% to 100%,34,housemaid,married,university.degree,cellular,aug,3,1,success,1,1,1,1,1,1,1
test_001506,test,1,Subscribed,0.8792752,8793,87.93%,161,0.9594011672164424,1,Recommended: Top 20%,0.80 to 1.00,80% to 100%,46,admin.,single,university.degree,cellular,dec,2,0,nonexistent,1,1,1,1,1,1,1
test_000614,test,0,Did Not Subscribe,0.8787253,8787,87.87%,162,0.9591474245115452,1,Recommended: Top 20%,0.80 to 1.00,80% to 100%,60,admin.,married,unknown,cellular,nov,2,0,nonexistent,1,1,1,1,1,1,1
test_002067,test,1,Subscribed,0.87820214,8782,87.82%,163,0.958893681806648,1,Recommended: Top 20%,0.80 to 1.00,80% to 100%,41,admin.,married,university.degree,cellular,dec,2,0,nonexistent,1,1,1,1,1,1,1
test_000241,test,1,Subscribed,0.8771631,8772,87.72%,164,0.9586399391017508,1,Recommended: Top 20%,0.80 to 1.00,80% to 100%,58,housemaid,single,professional.course,cellular,apr,1,0,nonexistent,1,1,1,1,1,1,1
test_000065,test,1,Subscribed,0.8758794,8759,87.59%,165,0.9583861963968536,1,Recommended: Top 20%,0.80 to 1.00,80% to 100%,31,admin.,single,high.school,cellular,sep,5,3,success,1,1,1,1,1,1,1
test_001454,test,1,Subscribed,0.87561077,8756,87.56%,166,0.9581324536919564,1,Recommended: Top 20%,0.80 to 1.00,80% to 100%,32,services,single,unknown,cellular,jul,2,0,nonexistent,1,1,1,1,1,1,1
test_002533,test,0,Did Not Subscribe,0.8736962,8737,87.37%,167,0.9578787109870592,1,Recommended: Top 20%,0.80 to 1.00,80% to 100%,30,admin.,single,university.degree,cellular,apr,1,0,nonexistent,1,1,1,1,1,1,1
test_002176,test,0,Did Not Subscribe,0.87321347,8732,87.32%,168,0.957624968282162,1,Recommended: Top 20%,0.80 to 1.00,80% to 100%,29,admin.,single,high.school,cellular,apr,3,1,success,1,1,1,1,1,1,1
test_000827,test,1,Subscribed,0.8720375,8720,87.20%,169,0.9573712255772646,1,Recommended: Top 20%,0.80 to 1.00,80% to 100%,41,entrepreneur,married,university.degree,cellular,aug,1,0,nonexistent,1,1,1,1,1,1,1
test_001800,test,1,Subscribed,0.87192917,8719,87.19%,170,0.9571174828723674,1,Recommended: Top 20%,0.80 to 1.00,80% to 100%,36,management,married,university.degree,cellular,mar,1,2,failure,1,1,1,1,1,1,1
test_003143,test,0,Did Not Subscribe,0.87144375,8714,87.14%,171,0.9568637401674702,1,Recommended: Top 20%,0.80 to 1.00,80% to 100%,50,admin.,married,university.degree,cellular,may,1,1,failure,1,1,1,1,1,1,1
test_001329,test,0,Did Not Subscribe,0.8698793,8699,86.99%,172,0.9566099974625728,1,Recommended: Top 20%,0.80 to 1.00,80% to 100%,78,retired,married,professional.course,cellular,nov,1,0,nonexistent,1,1,1,1,1,1,1
test_001008,test,0,Did Not Subscribe,0.8690239,8690,86.90%,173,0.9563562547576756,1,Recommended: Top 20%,0.80 to 1.00,80% to 100%,33,management,single,university.degree,cellular,oct,3,0,nonexistent,1,1,1,1,1,1,1
test_002043,test,1,Subscribed,0.86902076,8690,86.90%,174,0.9561025120527784,1,Recommended: Top 20%,0.80 to 1.00,80% to 100%,39,technician,married,professional.course,cellular,may,3,1,success,1,1,1,1,1,1,1
test_000889,test,0,Did Not Subscribe,0.8685823,8686,86.86%,175,0.9558487693478812,1,Recommended: Top 20%,0.80 to 1.00,80% to 100%,30,student,single,university.degree,cellular,dec,1,0,nonexistent,1,1,1,1,1,1,1
test_000401,test,1,Subscribed,0.8660482,8660,86.60%,176,0.955595026642984,1,Recommended: Top 20%,0.80 to 1.00,80% to 100%,32,technician,single,university.degree,cellular,oct,1,0,nonexistent,1,1,1,1,1,1,1
test_002713,test,1,Subscribed,0.8656568,8657,86.57%,177,0.9553412839380868,1,Recommended: Top 20%,0.80 to 1.00,80% to 100%,26,admin.,married,high.school,cellular,jun,4,3,failure,1,1,1,1,1,1,1
test_003445,test,1,Subscribed,0.8652322,8652,86.52%,178,0.9550875412331896,1,Recommended: Top 20%,0.80 to 1.00,80% to 100%,31,admin.,single,university.degree,cellular,apr,3,0,nonexistent,1,1,1,1,1,1,1
test_000752,test,0,Did Not Subscribe,0.8651359,8651,86.51%,179,0.9548337985282924,1,Recommended: Top 20%,0.80 to 1.00,80% to 100%,28,student,single,unknown,cellular,jun,4,0,nonexistent,1,1,1,1,1,1,1
test_000443,test,1,Subscribed,0.864547,8645,86.45%,180,0.9545800558233952,1,Recommended: Top 20%,0.80 to 1.00,80% to 100%,60,retired,married,university.degree,cellular,sep,2,0,nonexistent,1,1,1,1,1,1,1
test_002052,test,1,Subscribed,0.8641859,8642,86.42%,181,0.9543263131184978,1,Recommended: Top 20%,0.80 to 1.00,80% to 100%,29,technician,single,university.degree,cellular,jun,1,0,nonexistent,1,1,1,1,1,1,1
test_000299,test,0,Did Not Subscribe,0.8641859,8642,86.42%,182,0.9540725704136006,1,Recommended: Top 20%,0.80 to 1.00,80% to 100%,29,technician,single,university.degree,cellular,jun,1,0,nonexistent,1,1,1,1,1,1,1
test_003334,test,1,Subscribed,0.8640599,8641,86.41%,183,0.9538188277087034,1,Recommended: Top 20%,0.80 to 1.00,80% to 100%,29,self-employed,married,university.degree,cellular,mar,4,0,nonexistent,1,1,1,1,1,1,1
test_003365,test,0,Did Not Subscribe,0.86362535,8636,86.36%,184,0.953565085003806,1,Recommended: Top 20%,0.80 to 1.00,80% to 100%,88,retired,divorced,basic.4y,cellular,oct,1,0,nonexistent,1,1,1,1,1,1,1
test_002345,test,0,Did Not Subscribe,0.86340517,8634,86.34%,185,0.9533113422989088,1,Recommended: Top 20%,0.80 to 1.00,80% to 100%,50,admin.,married,high.school,cellular,may,1,2,failure,1,1,1,1,1,1,1
test_002004,test,0,Did Not Subscribe,0.8621137,8621,86.21%,186,0.9530575995940116,1,Recommended: Top 20%,0.80 to 1.00,80% to 100%,56,admin.,divorced,high.school,cellular,nov,1,0,nonexistent,1,1,1,1,1,1,1
test_001254,test,0,Did Not Subscribe,0.86209184,8621,86.21%,187,0.9528038568891144,1,Recommended: Top 20%,0.80 to 1.00,80% to 100%,35,entrepreneur,single,university.degree,cellular,jul,1,2,failure,1,1,1,1,1,1,1
test_000486,test,0,Did Not Subscribe,0.8611288,8611,86.11%,188,0.9525501141842172,1,Recommended: Top 20%,0.80 to 1.00,80% to 100%,56,entrepreneur,married,university.degree,cellular,apr,1,0,nonexistent,1,1,1,1,1,1,1
test_000340,test,0,Did Not Subscribe,0.860237,8602,86.02%,189,0.95229637147932,1,Recommended: Top 20%,0.80 to 1.00,80% to 100%,28,technician,single,university.degree,cellular,jul,5,0,nonexistent,1,1,1,1,1,1,1
test_001081,test,1,Subscribed,0.8591007,8591,85.91%,190,0.9520426287744228,1,Recommended: Top 20%,0.80 to 1.00,80% to 100%,33,housemaid,married,high.school,telephone,oct,1,0,nonexistent,1,1,1,1,1,1,1
test_000666,test,0,Did Not Subscribe,0.8586249,8586,85.86%,191,0.9517888860695256,1,Recommended: Top 20%,0.80 to 1.00,80% to 100%,35,technician,divorced,professional.course,cellular,jun,1,0,nonexistent,1,1,1,1,1,1,1
test_000084,test,1,Subscribed,0.8582999,8583,85.83%,192,0.9515351433646284,1,Recommended: Top 20%,0.80 to 1.00,80% to 100%,51,technician,married,professional.course,cellular,aug,3,0,nonexistent,1,1,1,1,1,1,1
test_001246,test,0,Did Not Subscribe,0.857516,8575,85.75%,193,0.951281400659731,1,Recommended: Top 20%,0.80 to 1.00,80% to 100%,58,retired,married,basic.4y,cellular,jun,2,0,nonexistent,1,1,1,1,1,1,1
test_003656,test,1,Subscribed,0.85745156,8575,85.75%,194,0.9510276579548338,1,Recommended: Top 20%,0.80 to 1.00,80% to 100%,25,student,single,university.degree,cellular,jun,2,0,nonexistent,1,1,1,1,1,1,1
test_000806,test,1,Subscribed,0.85728234,8573,85.73%,195,0.9507739152499366,1,Recommended: Top 20%,0.80 to 1.00,80% to 100%,39,management,married,university.degree,cellular,sep,2,0,nonexistent,1,1,1,1,1,1,1
test_003887,test,0,Did Not Subscribe,0.85717404,8572,85.72%,196,0.9505201725450392,1,Recommended: Top 20%,0.80 to 1.00,80% to 100%,71,retired,married,unknown,cellular,dec,1,1,failure,1,1,1,1,1,1,1
test_003169,test,0,Did Not Subscribe,0.8567289,8567,85.67%,197,0.950266429840142,1,Recommended: Top 20%,0.80 to 1.00,80% to 100%,22,technician,single,professional.course,cellular,aug,1,0,nonexistent,1,1,1,1,1,1,1
test_002825,test,0,Did Not Subscribe,0.85611093,8561,85.61%,198,0.9500126871352448,1,Recommended: Top 20%,0.80 to 1.00,80% to 100%,60,retired,divorced,basic.4y,cellular,oct,1,0,nonexistent,1,1,1,1,1,1,1
test_003756,test,0,Did Not Subscribe,0.8555612,8556,85.56%,199,0.9497589444303476,1,Recommended: Top 20%,0.80 to 1.00,80% to 100%,59,services,single,high.school,cellular,mar,2,0,nonexistent,0,1,1,1,1,1,1
test_002242,test,1,Subscribed,0.854874,8549,85.49%,200,0.9495052017254504,1,Recommended: Top 20%,0.80 to 1.00,80% to 100%,36,admin.,married,university.degree,cellular,oct,1,0,nonexistent,0,1,1,1,1,1,1
test_003121,test,0,Did Not Subscribe,0.85425186,8543,85.43%,201,0.9492514590205532,1,Recommended: Top 20%,0.80 to 1.00,80% to 100%,31,admin.,single,university.degree,cellular,mar,1,0,nonexistent,0,1,1,1,1,1,1
test_000652,test,0,Did Not Subscribe,0.85323507,8532,85.32%,202,0.948997716315656,1,Recommended: Top 20%,0.80 to 1.00,80% to 100%,30,blue-collar,single,high.school,cellular,jun,2,0,nonexistent,0,1,1,1,1,1,1
test_002122,test,1,Subscribed,0.8530363,8530,85.30%,203,0.9487439736107588,1,Recommended: Top 20%,0.80 to 1.00,80% to 100%,41,technician,married,unknown,cellular,may,1,2,success,0,1,1,1,1,1,1
test_002986,test,1,Subscribed,0.8527693,8528,85.28%,204,0.9484902309058616,1,Recommended: Top 20%,0.80 to 1.00,80% to 100%,34,unemployed,single,university.degree,cellular,jun,2,0,nonexistent,0,1,1,1,1,1,1
test_003145,test,0,Did Not Subscribe,0.85193855,8519,85.19%,205,0.9482364882009642,1,Recommended: Top 20%,0.80 to 1.00,80% to 100%,21,student,single,basic.4y,cellular,mar,2,0,nonexistent,0,1,1,1,1,1,1
test_003769,test,0,Did Not Subscribe,0.85193175,8519,85.19%,206,0.947982745496067,1,Recommended: Top 20%,0.80 to 1.00,80% to 100%,33,admin.,married,university.degree,cellular,sep,1,0,nonexistent,0,1,1,1,1,1,1
test_000102,test,0,Did Not Subscribe,0.8512058,8512,85.12%,207,0.9477290027911698,1,Recommended: Top 20%,0.80 to 1.00,80% to 100%,23,admin.,single,university.degree,cellular,jul,1,2,failure,0,1,1,1,1,1,1
test_001029,test,0,Did Not Subscribe,0.8508339,8508,85.08%,208,0.9474752600862724,1,Recommended: Top 20%,0.80 to 1.00,80% to 100%,34,management,married,university.degree,cellular,mar,5,0,nonexistent,0,1,1,1,1,1,1
test_001239,test,0,Did Not Subscribe,0.8505116,8505,85.05%,209,0.9472215173813752,1,Recommended: Top 20%,0.80 to 1.00,80% to 100%,58,services,married,high.school,cellular,mar,4,0,nonexistent,0,1,1,1,1,1,1
test_001702,test,0,Did Not Subscribe,0.8503566,8504,85.04%,210,0.946967774676478,1,Recommended: Top 20%,0.80 to 1.00,80% to 100%,55,services,divorced,high.school,cellular,jul,3,0,nonexistent,0,1,1,1,1,1,1
test_003833,test,0,Did Not Subscribe,0.8495802,8496,84.96%,211,0.9467140319715808,1,Recommended: Top 20%,0.80 to 1.00,80% to 100%,23,admin.,single,high.school,cellular,apr,1,0,nonexistent,0,1,1,1,1,1,1
test_000058,test,0,Did Not Subscribe,0.8495149,8495,84.95%,212,0.9464602892666836,1,Recommended: Top 20%,0.80 to 1.00,80% to 100%,24,student,single,high.school,cellular,jul,3,1,failure,0,1,1,1,1,1,1
test_001208,test,0,Did Not Subscribe,0.84880036,8488,84.88%,213,0.9462065465617864,1,Recommended: Top 20%,0.80 to 1.00,80% to 100%,75,retired,divorced,basic.9y,cellular,mar,1,0,nonexistent,0,1,1,1,1,1,1
test_001284,test,1,Subscribed,0.8479085,8479,84.79%,214,0.9459528038568892,1,Recommended: Top 20%,0.80 to 1.00,80% to 100%,29,technician,married,professional.course,cellular,may,2,2,failure,0,1,1,1,1,1,1
test_002941,test,0,Did Not Subscribe,0.84760684,8476,84.76%,215,0.945699061151992,1,Recommended: Top 20%,0.80 to 1.00,80% to 100%,25,student,single,unknown,cellular,jul,1,0,nonexistent,0,1,1,1,1,1,1
test_000776,test,1,Subscribed,0.84755254,8476,84.76%,216,0.9454453184470948,1,Recommended: Top 20%,0.80 to 1.00,80% to 100%,52,technician,married,professional.course,cellular,nov,1,1,failure,0,1,1,1,1,1,1
test_000159,test,1,Subscribed,0.84587127,8459,84.59%,217,0.9451915757421974,1,Recommended: Top 20%,0.80 to 1.00,80% to 100%,54,unemployed,married,basic.9y,cellular,oct,1,0,nonexistent,0,1,1,1,1,1,1
test_003197,test,1,Subscribed,0.84525514,8453,84.53%,218,0.9449378330373002,1,Recommended: Top 20%,0.80 to 1.00,80% to 100%,31,services,married,high.school,cellular,jun,4,0,nonexistent,0,1,1,1,1,1,1
test_000360,test,0,Did Not Subscribe,0.84505385,8451,84.51%,219,0.944684090332403,1,Recommended: Top 20%,0.80 to 1.00,80% to 100%,30,admin.,single,university.degree,cellular,jun,1,0,nonexistent,0,1,1,1,1,1,1
test_000244,test,0,Did Not Subscribe,0.84475446,8448,84.48%,220,0.9444303476275056,1,Recommended: Top 20%,0.80 to 1.00,80% to 100%,61,technician,married,professional.course,cellular,oct,1,0,nonexistent,0,1,1,1,1,1,1
test_000882,test,0,Did Not Subscribe,0.84425956,8443,84.43%,221,0.9441766049226084,1,Recommended: Top 20%,0.80 to 1.00,80% to 100%,37,admin.,married,university.degree,cellular,jun,1,0,nonexistent,0,1,1,1,1,1,1
test_003231,test,0,Did Not Subscribe,0.84284806,8428,84.28%,222,0.9439228622177112,1,Recommended: Top 20%,0.80 to 1.00,80% to 100%,26,admin.,single,university.degree,cellular,jul,4,0,nonexistent,0,1,1,1,1,1,1
test_000397,test,0,Did Not Subscribe,0.84147257,8415,84.15%,223,0.943669119512814,1,Recommended: Top 20%,0.80 to 1.00,80% to 100%,32,self-employed,single,university.degree,cellular,apr,2,0,nonexistent,0,1,1,1,1,1,1
test_002259,test,0,Did Not Subscribe,0.841443,8414,84.14%,224,0.9434153768079168,1,Recommended: Top 20%,0.80 to 1.00,80% to 100%,29,admin.,single,professional.course,cellular,apr,2,0,nonexistent,0,1,1,1,1,1,1
test_002264,test,0,Did Not Subscribe,0.8412725,8413,84.13%,225,0.9431616341030196,1,Recommended: Top 20%,0.80 to 1.00,80% to 100%,31,technician,married,professional.course,cellular,apr,1,0,nonexistent,0,1,1,1,1,1,1
test_002572,test,1,Subscribed,0.8412475,8412,84.12%,226,0.9429078913981224,1,Recommended: Top 20%,0.80 to 1.00,80% to 100%,22,student,single,basic.9y,cellular,oct,1,1,failure,0,1,1,1,1,1,1
test_003055,test,1,Subscribed,0.8412456,8412,84.12%,227,0.9426541486932252,1,Recommended: Top 20%,0.80 to 1.00,80% to 100%,64,housemaid,married,basic.4y,cellular,dec,5,0,nonexistent,0,1,1,1,1,1,1
test_002252,test,0,Did Not Subscribe,0.8408158,8408,84.08%,228,0.942400405988328,1,Recommended: Top 20%,0.80 to 1.00,80% to 100%,30,self-employed,single,university.degree,cellular,sep,1,0,nonexistent,0,1,1,1,1,1,1
test_002197,test,1,Subscribed,0.84059733,8406,84.06%,229,0.9421466632834306,1,Recommended: Top 20%,0.80 to 1.00,80% to 100%,29,admin.,divorced,university.degree,cellular,jun,3,0,nonexistent,0,1,1,1,1,1,1
test_000657,test,1,Subscribed,0.8404063,8404,84.04%,230,0.9418929205785334,1,Recommended: Top 20%,0.80 to 1.00,80% to 100%,81,retired,married,basic.4y,cellular,sep,1,0,nonexistent,0,1,1,1,1,1,1
test_000451,test,1,Subscribed,0.8401694,8402,84.02%,231,0.9416391778736362,1,Recommended: Top 20%,0.80 to 1.00,80% to 100%,82,retired,married,unknown,cellular,apr,1,0,nonexistent,0,1,1,1,1,1,1
test_000798,test,0,Did Not Subscribe,0.83962613,8396,83.96%,232,0.9413854351687388,1,Recommended: Top 20%,0.80 to 1.00,80% to 100%,62,admin.,divorced,university.degree,cellular,nov,1,0,nonexistent,0,1,1,1,1,1,1
test_002322,test,0,Did Not Subscribe,0.8394912,8395,83.95%,233,0.9411316924638417,1,Recommended: Top 20%,0.80 to 1.00,80% to 100%,20,student,single,high.school,cellular,jun,2,1,failure,0,1,1,1,1,1,1
test_002660,test,1,Subscribed,0.8394868,8395,83.95%,234,0.9408779497589445,1,Recommended: Top 20%,0.80 to 1.00,80% to 100%,32,admin.,single,high.school,cellular,nov,1,1,failure,0,1,1,1,1,1,1
test_002756,test,0,Did Not Subscribe,0.83944774,8394,83.94%,235,0.9406242070540471,1,Recommended: Top 20%,0.80 to 1.00,80% to 100%,57,retired,married,university.degree,telephone,apr,1,0,nonexistent,0,1,1,1,1,1,1
test_003846,test,0,Did Not Subscribe,0.8388094,8388,83.88%,236,0.94037046434915,1,Recommended: Top 20%,0.80 to 1.00,80% to 100%,88,retired,married,basic.4y,cellular,sep,2,0,nonexistent,0,1,1,1,1,1,1
test_003582,test,0,Did Not Subscribe,0.83865815,8387,83.87%,237,0.9401167216442528,1,Recommended: Top 20%,0.80 to 1.00,80% to 100%,48,admin.,married,university.degree,cellular,jun,1,0,nonexistent,0,1,1,1,1,1,1
test_001821,test,1,Subscribed,0.8377974,8378,83.78%,238,0.9398629789393554,1,Recommended: Top 20%,0.80 to 1.00,80% to 100%,34,technician,married,professional.course,cellular,jun,1,0,nonexistent,0,1,1,1,1,1,1
test_000078,test,0,Did Not Subscribe,0.8373141,8373,83.73%,239,0.9396092362344582,1,Recommended: Top 20%,0.80 to 1.00,80% to 100%,34,admin.,single,high.school,cellular,aug,2,0,nonexistent,0,1,1,1,1,1,1
test_002606,test,1,Subscribed,0.8370869,8371,83.71%,240,0.939355493529561,1,Recommended: Top 20%,0.80 to 1.00,80% to 100%,38,technician,married,professional.course,cellular,mar,2,0,nonexistent,0,1,1,1,1,1,1
test_003131,test,0,Did Not Subscribe,0.8355493,8355,83.55%,241,0.9391017508246636,1,Recommended: Top 20%,0.80 to 1.00,80% to 100%,59,retired,divorced,high.school,cellular,apr,2,1,failure,0,1,1,1,1,1,1
test_000618,test,1,Subscribed,0.83548594,8355,83.55%,242,0.9388480081197664,1,Recommended: Top 20%,0.80 to 1.00,80% to 100%,33,blue-collar,married,professional.course,cellular,aug,4,0,nonexistent,0,1,1,1,1,1,1
test_000696,test,0,Did Not Subscribe,0.8352896,8353,83.53%,243,0.9385942654148692,1,Recommended: Top 20%,0.80 to 1.00,80% to 100%,25,admin.,single,university.degree,cellular,jun,2,0,nonexistent,0,1,1,1,1,1,1
test_000321,test,0,Did Not Subscribe,0.83525985,8353,83.53%,244,0.938340522709972,1,Recommended: Top 20%,0.80 to 1.00,80% to 100%,60,technician,married,university.degree,telephone,mar,1,0,nonexistent,0,1,1,1,1,1,1
test_001278,test,0,Did Not Subscribe,0.8350114,8350,83.50%,245,0.9380867800050748,1,Recommended: Top 20%,0.80 to 1.00,80% to 100%,28,self-employed,single,university.degree,cellular,mar,1,0,nonexistent,0,1,1,1,1,1,1
test_003636,test,0,Did Not Subscribe,0.8349601,8350,83.50%,246,0.9378330373001776,1,Recommended: Top 20%,0.80 to 1.00,80% to 100%,35,admin.,single,university.degree,cellular,apr,1,0,nonexistent,0,1,1,1,1,1,1
test_001491,test,1,Subscribed,0.83468527,8347,83.47%,247,0.9375792945952804,1,Recommended: Top 20%,0.80 to 1.00,80% to 100%,53,admin.,divorced,high.school,cellular,oct,1,0,nonexistent,0,1,1,1,1,1,1
test_000051,test,0,Did Not Subscribe,0.83462965,8346,83.46%,248,0.9373255518903832,1,Recommended: Top 20%,0.80 to 1.00,80% to 100%,29,unemployed,single,high.school,cellular,oct,2,0,nonexistent,0,1,1,1,1,1,1
test_002281,test,0,Did Not Subscribe,0.8345301,8345,83.45%,249,0.937071809185486,1,Recommended: Top 20%,0.80 to 1.00,80% to 100%,59,retired,divorced,university.degree,cellular,jun,2,0,nonexistent,0,1,1,1,1,1,1
test_000529,test,0,Did Not Subscribe,0.8338744,8339,83.39%,250,0.9368180664805889,1,Recommended: Top 20%,0.80 to 1.00,80% to 100%,47,management,married,university.degree,cellular,jul,1,0,nonexistent,0,1,1,1,1,1,1
test_001344,test,0,Did Not Subscribe,0.83352965,8335,83.35%,251,0.9365643237756914,1,Recommended: Top 20%,0.80 to 1.00,80% to 100%,26,services,single,high.school,cellular,jul,1,0,nonexistent,0,1,1,1,1,1,1
test_002830,test,0,Did Not Subscribe,0.8333684,8334,83.34%,252,0.9363105810707942,1,Recommended: Top 20%,0.80 to 1.00,80% to 100%,54,admin.,single,high.school,cellular,jun,1,0,nonexistent,0,1,1,1,1,1,1
test_003880,test,0,Did Not Subscribe,0.83284557,8328,83.28%,253,0.9360568383658968,1,Recommended: Top 20%,0.80 to 1.00,80% to 100%,27,services,single,professional.course,cellular,jun,1,0,nonexistent,0,1,1,1,1,1,1
test_001315,test,1,Subscribed,0.8323601,8324,83.24%,254,0.9358030956609996,1,Recommended: Top 20%,0.80 to 1.00,80% to 100%,18,student,single,unknown,cellular,sep,1,0,nonexistent,0,1,1,1,1,1,1
test_002363,test,1,Subscribed,0.8319044,8319,83.19%,255,0.9355493529561024,1,Recommended: Top 20%,0.80 to 1.00,80% to 100%,32,admin.,single,university.degree,cellular,jul,3,0,nonexistent,0,1,1,1,1,1,1
test_002367,test,1,Subscribed,0.8316124,8316,83.16%,256,0.9352956102512052,1,Recommended: Top 20%,0.80 to 1.00,80% to 100%,27,housemaid,married,high.school,cellular,mar,1,0,nonexistent,0,1,1,1,1,1,1
test_003140,test,1,Subscribed,0.8312499,8312,83.12%,257,0.935041867546308,1,Recommended: Top 20%,0.80 to 1.00,80% to 100%,53,housemaid,married,basic.4y,cellular,jun,2,0,nonexistent,0,1,1,1,1,1,1
test_001811,test,0,Did Not Subscribe,0.8307125,8307,83.07%,258,0.9347881248414108,1,Recommended: Top 20%,0.80 to 1.00,80% to 100%,56,self-employed,married,university.degree,cellular,jun,3,0,nonexistent,0,1,1,1,1,1,1
test_000040,test,1,Subscribed,0.83057797,8306,83.06%,259,0.9345343821365136,1,Recommended: Top 20%,0.80 to 1.00,80% to 100%,26,admin.,single,university.degree,cellular,oct,1,0,nonexistent,0,1,1,1,1,1,1
test_003578,test,1,Subscribed,0.8299026,8299,82.99%,260,0.9342806394316164,1,Recommended: Top 20%,0.80 to 1.00,80% to 100%,46,admin.,married,high.school,cellular,apr,3,0,nonexistent,0,1,1,1,1,1,1
test_003308,test,0,Did Not Subscribe,0.8297982,8298,82.98%,261,0.9340268967267192,1,Recommended: Top 20%,0.80 to 1.00,80% to 100%,53,admin.,married,high.school,cellular,jul,6,0,nonexistent,0,1,1,1,1,1,1
test_000274,test,0,Did Not Subscribe,0.82929385,8293,82.93%,262,0.933773154021822,1,Recommended: Top 20%,0.80 to 1.00,80% to 100%,43,technician,single,university.degree,cellular,apr,1,0,nonexistent,0,1,1,1,1,1,1
test_000914,test,0,Did Not Subscribe,0.8289697,8290,82.90%,263,0.9335194113169246,1,Recommended: Top 20%,0.80 to 1.00,80% to 100%,57,retired,divorced,basic.9y,cellular,jul,3,0,nonexistent,0,1,1,1,1,1,1
test_001786,test,0,Did Not Subscribe,0.8288428,8288,82.88%,264,0.9332656686120274,1,Recommended: Top 20%,0.80 to 1.00,80% to 100%,56,entrepreneur,married,university.degree,cellular,sep,2,0,nonexistent,0,1,1,1,1,1,1
test_001412,test,0,Did Not Subscribe,0.82868546,8287,82.87%,265,0.93301192590713,1,Recommended: Top 20%,0.80 to 1.00,80% to 100%,26,admin.,married,high.school,cellular,jun,1,0,nonexistent,0,1,1,1,1,1,1
test_003336,test,0,Did Not Subscribe,0.8284261,8284,82.84%,266,0.9327581832022328,1,Recommended: Top 20%,0.80 to 1.00,80% to 100%,30,blue-collar,single,university.degree,cellular,mar,2,0,nonexistent,0,1,1,1,1,1,1
test_000151,test,1,Subscribed,0.8283277,8283,82.83%,267,0.9325044404973356,1,Recommended: Top 20%,0.80 to 1.00,80% to 100%,44,admin.,married,university.degree,cellular,oct,1,0,nonexistent,0,1,1,1,1,1,1
test_001237,test,0,Did Not Subscribe,0.8275899,8276,82.76%,268,0.9322506977924384,1,Recommended: Top 20%,0.80 to 1.00,80% to 100%,27,student,married,university.degree,cellular,jun,1,1,failure,0,1,1,1,1,1,1
test_001092,test,1,Subscribed,0.8274252,8274,82.74%,269,0.9319969550875412,1,Recommended: Top 20%,0.80 to 1.00,80% to 100%,38,admin.,single,university.degree,cellular,apr,1,0,nonexistent,0,1,1,1,1,1,1
test_000483,test,0,Did Not Subscribe,0.82669216,8267,82.67%,270,0.931743212382644,1,Recommended: Top 20%,0.80 to 1.00,80% to 100%,43,admin.,married,university.degree,cellular,jun,1,0,nonexistent,0,1,1,1,1,1,1
test_002813,test,0,Did Not Subscribe,0.82654536,8265,82.65%,271,0.9314894696777468,1,Recommended: Top 20%,0.80 to 1.00,80% to 100%,50,blue-collar,married,basic.4y,cellular,jun,4,1,failure,0,1,1,1,1,1,1
test_001380,test,1,Subscribed,0.8264637,8265,82.65%,272,0.9312357269728496,1,Recommended: Top 20%,0.80 to 1.00,80% to 100%,82,housemaid,divorced,basic.4y,cellular,apr,6,0,nonexistent,0,1,1,1,1,1,1
test_002879,test,1,Subscribed,0.8263379,8263,82.63%,273,0.9309819842679524,1,Recommended: Top 20%,0.80 to 1.00,80% to 100%,26,student,single,university.degree,cellular,aug,1,0,nonexistent,0,1,1,1,1,1,1
test_002046,test,0,Did Not Subscribe,0.82584155,8258,82.58%,274,0.9307282415630552,1,Recommended: Top 20%,0.80 to 1.00,80% to 100%,52,technician,married,professional.course,cellular,sep,1,0,nonexistent,0,1,1,1,1,1,1
test_000786,test,0,Did Not Subscribe,0.82575613,8258,82.58%,275,0.9304744988581578,1,Recommended: Top 20%,0.80 to 1.00,80% to 100%,50,admin.,single,basic.9y,cellular,jun,1,0,nonexistent,0,1,1,1,1,1,1
test_001524,test,0,Did Not Subscribe,0.8256838,8257,82.57%,276,0.9302207561532606,1,Recommended: Top 20%,0.80 to 1.00,80% to 100%,51,admin.,married,university.degree,cellular,mar,3,1,failure,0,1,1,1,1,1,1
test_000925,test,1,Subscribed,0.8256728,8257,82.57%,277,0.9299670134483632,1,Recommended: Top 20%,0.80 to 1.00,80% to 100%,61,admin.,married,university.degree,cellular,jun,2,0,nonexistent,0,1,1,1,1,1,1
test_001167,test,1,Subscribed,0.82548654,8255,82.55%,278,0.929713270743466,1,Recommended: Top 20%,0.80 to 1.00,80% to 100%,31,blue-collar,married,basic.6y,cellular,may,1,1,success,0,1,1,1,1,1,1
test_002717,test,0,Did Not Subscribe,0.82544523,8254,82.54%,279,0.9294595280385688,1,Recommended: Top 20%,0.80 to 1.00,80% to 100%,64,housemaid,married,basic.4y,cellular,nov,1,0,nonexistent,0,1,1,1,1,1,1
test_000270,test,1,Subscribed,0.8252114,8252,82.52%,280,0.9292057853336716,1,Recommended: Top 20%,0.80 to 1.00,80% to 100%,27,services,single,high.school,cellular,jul,1,1,failure,0,1,1,1,1,1,1
test_000477,test,1,Subscribed,0.82497144,8250,82.50%,281,0.9289520426287744,1,Recommended: Top 20%,0.80 to 1.00,80% to 100%,37,admin.,single,university.degree,cellular,oct,2,0,nonexistent,0,1,1,1,1,1,1
test_001869,test,0,Did Not Subscribe,0.8243197,8243,82.43%,282,0.9286982999238772,1,Recommended: Top 20%,0.80 to 1.00,80% to 100%,57,admin.,married,university.degree,cellular,jun,2,0,nonexistent,0,1,1,1,1,1,1
test_003767,test,0,Did Not Subscribe,0.8243012,8243,82.43%,283,0.92844455721898,1,Recommended: Top 20%,0.80 to 1.00,80% to 100%,51,technician,married,university.degree,cellular,jul,1,0,nonexistent,0,1,1,1,1,1,1
test_003465,test,1,Subscribed,0.82350004,8235,82.35%,284,0.9281908145140828,1,Recommended: Top 20%,0.80 to 1.00,80% to 100%,58,retired,divorced,high.school,cellular,jun,1,0,nonexistent,0,1,1,1,1,1,1
test_002669,test,1,Subscribed,0.82345915,8235,82.35%,285,0.9279370718091856,1,Recommended: Top 20%,0.80 to 1.00,80% to 100%,28,admin.,single,high.school,cellular,jun,2,0,nonexistent,0,1,1,1,1,1,1
test_002824,test,0,Did Not Subscribe,0.8234527,8235,82.35%,286,0.9276833291042884,1,Recommended: Top 20%,0.80 to 1.00,80% to 100%,34,technician,single,professional.course,cellular,mar,1,0,nonexistent,0,1,1,1,1,1,1
test_001042,test,1,Subscribed,0.82288516,8229,82.29%,287,0.927429586399391,1,Recommended: Top 20%,0.80 to 1.00,80% to 100%,40,admin.,married,university.degree,cellular,jul,1,0,nonexistent,0,1,1,1,1,1,1
test_000638,test,0,Did Not Subscribe,0.8223748,8224,82.24%,288,0.9271758436944938,1,Recommended: Top 20%,0.80 to 1.00,80% to 100%,38,admin.,single,university.degree,cellular,sep,1,0,nonexistent,0,1,1,1,1,1,1
test_002009,test,0,Did Not Subscribe,0.8222923,8223,82.23%,289,0.9269221009895964,1,Recommended: Top 20%,0.80 to 1.00,80% to 100%,54,housemaid,married,high.school,cellular,apr,1,0,nonexistent,0,1,1,1,1,1,1
test_000377,test,0,Did Not Subscribe,0.82198614,8220,82.20%,290,0.9266683582846992,1,Recommended: Top 20%,0.80 to 1.00,80% to 100%,46,admin.,married,basic.6y,cellular,apr,1,0,nonexistent,0,1,1,1,1,1,1
test_003662,test,0,Did Not Subscribe,0.82194257,8219,82.19%,291,0.926414615579802,1,Recommended: Top 20%,0.80 to 1.00,80% to 100%,48,technician,married,high.school,cellular,jun,1,0,nonexistent,0,1,1,1,1,1,1
test_001165,test,0,Did Not Subscribe,0.8213607,8214,82.14%,292,0.9261608728749048,1,Recommended: Top 20%,0.80 to 1.00,80% to 100%,85,retired,divorced,basic.4y,telephone,dec,1,0,nonexistent,0,1,1,1,1,1,1
test_002319,test,1,Subscribed,0.8210656,8211,82.11%,293,0.9259071301700076,1,Recommended: Top 20%,0.80 to 1.00,80% to 100%,30,management,married,university.degree,cellular,oct,2,0,nonexistent,0,1,1,1,1,1,1
test_003007,test,1,Subscribed,0.8208974,8209,82.09%,294,0.9256533874651104,1,Recommended: Top 20%,0.80 to 1.00,80% to 100%,50,unknown,married,unknown,cellular,oct,1,3,failure,0,1,1,1,1,1,1
test_001495,test,0,Did Not Subscribe,0.82086176,8209,82.09%,295,0.9253996447602132,1,Recommended: Top 20%,0.80 to 1.00,80% to 100%,65,admin.,married,university.degree,cellular,oct,1,0,nonexistent,0,1,1,1,1,1,1
test_002522,test,0,Did Not Subscribe,0.8204653,8205,82.05%,296,0.925145902055316,1,Recommended: Top 20%,0.80 to 1.00,80% to 100%,27,admin.,single,university.degree,cellular,may,1,1,success,0,1,1,1,1,1,1
test_001025,test,0,Did Not Subscribe,0.81936216,8194,81.94%,297,0.9248921593504188,1,Recommended: Top 20%,0.80 to 1.00,80% to 100%,69,retired,married,high.school,cellular,sep,1,0,nonexistent,0,1,1,1,1,1,1
test_000454,test,1,Subscribed,0.8189406,8189,81.89%,298,0.9246384166455216,1,Recommended: Top 20%,0.80 to 1.00,80% to 100%,37,admin.,single,university.degree,cellular,apr,1,0,nonexistent,0,1,1,1,1,1,1
test_002609,test,1,Subscribed,0.81886685,8189,81.89%,299,0.9243846739406242,1,Recommended: Top 20%,0.80 to 1.00,80% to 100%,46,admin.,married,high.school,cellular,sep,1,0,nonexistent,0,1,1,1,1,1,1
test_000777,test,0,Did Not Subscribe,0.81850725,8185,81.85%,300,0.924130931235727,1,Recommended: Top 20%,0.80 to 1.00,80% to 100%,36,technician,married,university.degree,cellular,oct,2,0,nonexistent,0,1,1,1,1,1,1
test_001828,test,0,Did Not Subscribe,0.8184893,8185,81.85%,301,0.9238771885308298,1,Recommended: Top 20%,0.80 to 1.00,80% to 100%,42,admin.,married,university.degree,cellular,jun,2,0,nonexistent,0,1,1,1,1,1,1
test_002154,test,0,Did Not Subscribe,0.8177414,8177,81.77%,302,0.9236234458259324,1,Recommended: Top 20%,0.80 to 1.00,80% to 100%,30,technician,married,university.degree,cellular,jun,1,1,failure,0,1,1,1,1,1,1
test_003093,test,1,Subscribed,0.8176894,8177,81.77%,303,0.9233697031210352,1,Recommended: Top 20%,0.80 to 1.00,80% to 100%,32,technician,single,university.degree,cellular,jun,1,0,nonexistent,0,1,1,1,1,1,1
test_002074,test,0,Did Not Subscribe,0.8173645,8174,81.74%,304,0.923115960416138,1,Recommended: Top 20%,0.80 to 1.00,80% to 100%,50,admin.,married,high.school,cellular,sep,1,0,nonexistent,0,1,1,1,1,1,1
test_000677,test,0,Did Not Subscribe,0.8171602,8172,81.72%,305,0.9228622177112408,1,Recommended: Top 20%,0.80 to 1.00,80% to 100%,45,management,married,basic.9y,cellular,may,1,3,failure,0,1,1,1,1,1,1
test_002889,test,0,Did Not Subscribe,0.81647915,8165,81.65%,306,0.9226084750063436,1,Recommended: Top 20%,0.80 to 1.00,80% to 100%,43,admin.,married,university.degree,cellular,apr,2,0,nonexistent,0,1,1,1,1,1,1
test_000218,test,0,Did Not Subscribe,0.8162106,8162,81.62%,307,0.9223547323014464,1,Recommended: Top 20%,0.80 to 1.00,80% to 100%,21,student,single,high.school,cellular,aug,3,0,nonexistent,0,1,1,1,1,1,1
test_000168,test,0,Did Not Subscribe,0.8156256,8156,81.56%,308,0.9221009895965492,1,Recommended: Top 20%,0.80 to 1.00,80% to 100%,39,blue-collar,married,basic.9y,cellular,jun,1,0,nonexistent,0,1,1,1,1,1,1
test_002317,test,0,Did Not Subscribe,0.81536674,8154,81.54%,309,0.921847246891652,1,Recommended: Top 20%,0.80 to 1.00,80% to 100%,30,management,married,university.degree,cellular,apr,4,1,failure,0,1,1,1,1,1,1
test_001000,test,0,Did Not Subscribe,0.8150667,8151,81.51%,310,0.9215935041867548,1,Recommended: Top 20%,0.80 to 1.00,80% to 100%,36,self-employed,divorced,basic.9y,cellular,nov,1,2,failure,0,1,1,1,1,1,1
test_003494,test,0,Did Not Subscribe,0.81467885,8147,81.47%,311,0.9213397614818574,1,Recommended: Top 20%,0.80 to 1.00,80% to 100%,86,retired,divorced,basic.4y,cellular,oct,1,0,nonexistent,0,1,1,1,1,1,1
test_003573,test,0,Did Not Subscribe,0.8144277,8144,81.44%,312,0.9210860187769602,1,Recommended: Top 20%,0.80 to 1.00,80% to 100%,25,services,single,unknown,cellular,jun,2,2,failure,0,1,1,1,1,1,1
test_001026,test,0,Did Not Subscribe,0.81404877,8140,81.40%,313,0.920832276072063,1,Recommended: Top 20%,0.80 to 1.00,80% to 100%,34,unemployed,single,university.degree,cellular,aug,1,0,nonexistent,0,1,1,1,1,1,1
test_002587,test,0,Did Not Subscribe,0.81299984,8130,81.30%,314,0.9205785333671656,1,Recommended: Top 20%,0.80 to 1.00,80% to 100%,74,retired,married,high.school,cellular,aug,1,0,nonexistent,0,1,1,1,1,1,1
test_000060,test,0,Did Not Subscribe,0.8123129,8123,81.23%,315,0.9203247906622684,1,Recommended: Top 20%,0.80 to 1.00,80% to 100%,49,management,married,university.degree,cellular,apr,1,0,nonexistent,0,1,1,1,1,1,1
test_001073,test,1,Subscribed,0.812087,8121,81.21%,316,0.9200710479573712,1,Recommended: Top 20%,0.80 to 1.00,80% to 100%,26,technician,single,basic.9y,cellular,sep,1,1,failure,0,1,1,1,1,1,1
test_000262,test,1,Subscribed,0.8119671,8120,81.20%,317,0.919817305252474,1,Recommended: Top 20%,0.80 to 1.00,80% to 100%,53,technician,married,university.degree,cellular,apr,2,2,failure,0,1,1,1,1,1,1
test_000927,test,1,Subscribed,0.811733,8117,81.17%,318,0.9195635625475768,1,Recommended: Top 20%,0.80 to 1.00,80% to 100%,34,technician,single,university.degree,cellular,sep,3,1,failure,0,1,1,1,1,1,1
test_000074,test,0,Did Not Subscribe,0.8115789,8116,81.16%,319,0.9193098198426796,1,Recommended: Top 20%,0.80 to 1.00,80% to 100%,29,admin.,single,university.degree,cellular,may,2,1,success,0,1,1,1,1,1,1
test_002268,test,1,Subscribed,0.81090856,8109,81.09%,320,0.9190560771377824,1,Recommended: Top 20%,0.80 to 1.00,80% to 100%,66,retired,married,basic.4y,cellular,jul,7,0,nonexistent,0,1,1,1,1,1,1
test_002250,test,0,Did Not Subscribe,0.8103518,8104,81.04%,321,0.9188023344328852,1,Recommended: Top 20%,0.80 to 1.00,80% to 100%,47,management,married,basic.9y,cellular,jun,4,0,nonexistent,0,1,1,1,1,1,1
test_002068,test,1,Subscribed,0.8098192,8098,80.98%,322,0.918548591727988,1,Recommended: Top 20%,0.80 to 1.00,80% to 100%,67,admin.,married,basic.4y,cellular,jun,1,0,nonexistent,0,1,1,1,1,1,1
test_001699,test,0,Did Not Subscribe,0.80971587,8097,80.97%,323,0.9182948490230906,1,Recommended: Top 20%,0.80 to 1.00,80% to 100%,28,technician,single,professional.course,cellular,aug,1,0,nonexistent,0,1,1,1,1,1,1
test_002349,test,1,Subscribed,0.80968267,8097,80.97%,324,0.9180411063181934,1,Recommended: Top 20%,0.80 to 1.00,80% to 100%,34,technician,single,professional.course,cellular,mar,3,0,nonexistent,0,1,1,1,1,1,1
test_003287,test,1,Subscribed,0.809226,8092,80.92%,325,0.9177873636132962,1,Recommended: Top 20%,0.80 to 1.00,80% to 100%,38,admin.,married,high.school,cellular,aug,1,2,failure,0,1,1,1,1,1,1
test_000712,test,0,Did Not Subscribe,0.8084325,8084,80.84%,326,0.9175336209083989,1,Recommended: Top 20%,0.80 to 1.00,80% to 100%,43,technician,single,university.degree,cellular,jul,1,0,nonexistent,0,1,1,1,1,1,1
test_000627,test,0,Did Not Subscribe,0.8083285,8083,80.83%,327,0.9172798782035017,1,Recommended: Top 20%,0.80 to 1.00,80% to 100%,28,admin.,single,university.degree,cellular,aug,1,0,nonexistent,0,1,1,1,1,1,1
test_001485,test,0,Did Not Subscribe,0.8080916,8081,80.81%,328,0.9170261354986043,1,Recommended: Top 20%,0.80 to 1.00,80% to 100%,51,admin.,single,university.degree,cellular,jun,2,0,nonexistent,0,1,1,1,1,1,1
test_003822,test,1,Subscribed,0.8073847,8074,80.74%,329,0.9167723927937071,1,Recommended: Top 20%,0.80 to 1.00,80% to 100%,24,student,single,high.school,cellular,aug,1,0,nonexistent,0,1,1,1,1,1,1
test_002993,test,0,Did Not Subscribe,0.8069642,8070,80.70%,330,0.91651865008881,1,Recommended: Top 20%,0.80 to 1.00,80% to 100%,35,admin.,single,high.school,cellular,apr,2,2,success,0,1,1,1,1,1,1
test_000751,test,0,Did Not Subscribe,0.8069232,8069,80.69%,331,0.9162649073839128,1,Recommended: Top 20%,0.80 to 1.00,80% to 100%,56,housemaid,married,basic.4y,cellular,aug,3,0,nonexistent,0,1,1,1,1,1,1
test_002005,test,1,Subscribed,0.8065527,8066,80.66%,332,0.9160111646790154,1,Recommended: Top 20%,0.80 to 1.00,80% to 100%,56,technician,married,professional.course,cellular,jul,2,1,failure,0,1,1,1,1,1,1
test_001957,test,0,Did Not Subscribe,0.80653286,8065,80.65%,333,0.9157574219741182,1,Recommended: Top 20%,0.80 to 1.00,80% to 100%,70,housemaid,divorced,basic.4y,cellular,sep,1,0,nonexistent,0,1,1,1,1,1,1
test_001516,test,0,Did Not Subscribe,0.8050282,8050,80.50%,334,0.915503679269221,1,Recommended: Top 20%,0.80 to 1.00,80% to 100%,23,blue-collar,single,basic.9y,cellular,jun,1,1,failure,0,1,1,1,1,1,1
test_002499,test,1,Subscribed,0.80484724,8048,80.48%,335,0.9152499365643236,1,Recommended: Top 20%,0.80 to 1.00,80% to 100%,88,retired,divorced,basic.4y,cellular,mar,3,0,nonexistent,0,1,1,1,1,1,1
test_000105,test,0,Did Not Subscribe,0.804041,8040,80.40%,336,0.9149961938594264,1,Recommended: Top 20%,0.80 to 1.00,80% to 100%,36,unemployed,married,professional.course,cellular,apr,7,0,nonexistent,0,1,1,1,1,1,1
test_001444,test,0,Did Not Subscribe,0.8040025,8040,80.40%,337,0.9147424511545292,1,Recommended: Top 20%,0.80 to 1.00,80% to 100%,61,admin.,married,high.school,cellular,oct,4,0,nonexistent,0,1,1,1,1,1,1
test_001423,test,0,Did Not Subscribe,0.8025906,8026,80.26%,338,0.914488708449632,1,Recommended: Top 20%,0.80 to 1.00,80% to 100%,32,admin.,married,university.degree,cellular,oct,1,0,nonexistent,0,1,1,1,1,1,1
test_003078,test,0,Did Not Subscribe,0.8015456,8015,80.15%,339,0.9142349657447348,1,Recommended: Top 20%,0.80 to 1.00,80% to 100%,59,unemployed,married,basic.9y,cellular,oct,1,0,nonexistent,0,1,1,1,1,1,1
test_003900,test,0,Did Not Subscribe,0.8003271,8003,80.03%,340,0.9139812230398376,1,Recommended: Top 20%,0.80 to 1.00,80% to 100%,20,student,single,unknown,cellular,apr,2,0,nonexistent,0,1,1,1,1,1,1
test_003517,test,0,Did Not Subscribe,0.7996071,7996,79.96%,341,0.9137274803349404,1,Recommended: Top 20%,0.60 to 0.79,60% to 79%,27,admin.,single,university.degree,cellular,aug,1,0,nonexistent,0,1,1,1,1,1,1
test_001779,test,1,Subscribed,0.799052,7991,79.91%,342,0.9134737376300432,1,Recommended: Top 20%,0.60 to 0.79,60% to 79%,25,student,single,unknown,cellular,jun,3,0,nonexistent,0,1,1,1,1,1,1
test_003467,test,0,Did Not Subscribe,0.79888076,7989,79.89%,343,0.913219994925146,1,Recommended: Top 20%,0.60 to 0.79,60% to 79%,29,admin.,single,university.degree,cellular,aug,1,0,nonexistent,0,1,1,1,1,1,1
test_002676,test,1,Subscribed,0.7984962,7985,79.85%,344,0.9129662522202486,1,Recommended: Top 20%,0.60 to 0.79,60% to 79%,59,technician,married,professional.course,cellular,aug,4,0,nonexistent,0,1,1,1,1,1,1
test_000847,test,1,Subscribed,0.7975877,7976,79.76%,345,0.9127125095153514,1,Recommended: Top 20%,0.60 to 0.79,60% to 79%,30,admin.,single,university.degree,cellular,nov,2,2,failure,0,1,1,1,1,1,1
test_000992,test,0,Did Not Subscribe,0.7975199,7975,79.75%,346,0.9124587668104542,1,Recommended: Top 20%,0.60 to 0.79,60% to 79%,34,admin.,single,university.degree,cellular,jun,1,0,nonexistent,0,1,1,1,1,1,1
test_000678,test,0,Did Not Subscribe,0.79750884,7975,79.75%,347,0.9122050241055568,1,Recommended: Top 20%,0.60 to 0.79,60% to 79%,35,blue-collar,single,professional.course,cellular,jun,1,0,nonexistent,0,1,1,1,1,1,1
test_002421,test,1,Subscribed,0.79738504,7974,79.74%,348,0.9119512814006596,1,Recommended: Top 20%,0.60 to 0.79,60% to 79%,32,blue-collar,married,professional.course,cellular,apr,2,0,nonexistent,0,1,1,1,1,1,1
test_002709,test,0,Did Not Subscribe,0.7964596,7965,79.65%,349,0.9116975386957624,1,Recommended: Top 20%,0.60 to 0.79,60% to 79%,51,unemployed,married,basic.6y,cellular,jun,1,1,failure,0,1,1,1,1,1,1
test_003122,test,0,Did Not Subscribe,0.79548395,7955,79.55%,350,0.9114437959908652,1,Recommended: Top 20%,0.60 to 0.79,60% to 79%,30,self-employed,single,university.degree,cellular,jun,3,1,failure,0,1,1,1,1,1,1
test_000781,test,1,Subscribed,0.79540944,7954,79.54%,351,0.911190053285968,1,Recommended: Top 20%,0.60 to 0.79,60% to 79%,33,blue-collar,single,high.school,cellular,mar,4,1,failure,0,1,1,1,1,1,1
test_002414,test,0,Did Not Subscribe,0.79513013,7951,79.51%,352,0.9109363105810708,1,Recommended: Top 20%,0.60 to 0.79,60% to 79%,29,admin.,single,university.degree,cellular,oct,2,0,nonexistent,0,1,1,1,1,1,1
test_002297,test,1,Subscribed,0.79510987,7951,79.51%,353,0.9106825678761736,1,Recommended: Top 20%,0.60 to 0.79,60% to 79%,37,technician,single,university.degree,cellular,jun,1,1,failure,0,1,1,1,1,1,1
test_003504,test,1,Subscribed,0.7950956,7951,79.51%,354,0.9104288251712764,1,Recommended: Top 20%,0.60 to 0.79,60% to 79%,46,admin.,married,high.school,cellular,apr,1,0,nonexistent,0,1,1,1,1,1,1
test_000635,test,0,Did Not Subscribe,0.7950452,7950,79.50%,355,0.9101750824663792,1,Recommended: Top 20%,0.60 to 0.79,60% to 79%,31,admin.,single,high.school,cellular,aug,2,0,nonexistent,0,1,1,1,1,1,1
test_003824,test,0,Did Not Subscribe,0.7949631,7950,79.50%,356,0.9099213397614818,1,Recommended: Top 20%,0.60 to 0.79,60% to 79%,46,admin.,married,high.school,cellular,sep,3,0,nonexistent,0,1,1,1,1,1,1
test_001106,test,1,Subscribed,0.7948221,7948,79.48%,357,0.9096675970565846,1,Recommended: Top 20%,0.60 to 0.79,60% to 79%,57,management,married,unknown,cellular,jun,1,0,nonexistent,0,1,1,1,1,1,1
test_000378,test,0,Did Not Subscribe,0.7941091,7941,79.41%,358,0.9094138543516874,1,Recommended: Top 20%,0.60 to 0.79,60% to 79%,18,student,single,basic.4y,cellular,apr,2,0,nonexistent,0,1,1,1,1,1,1
test_001994,test,0,Did Not Subscribe,0.7940001,7940,79.40%,359,0.90916011164679,1,Recommended: Top 20%,0.60 to 0.79,60% to 79%,30,services,single,high.school,cellular,oct,1,0,nonexistent,0,1,1,1,1,1,1
test_000174,test,0,Did Not Subscribe,0.7926201,7926,79.26%,360,0.9089063689418928,1,Recommended: Top 20%,0.60 to 0.79,60% to 79%,62,unknown,married,professional.course,cellular,jun,3,0,nonexistent,0,1,1,1,1,1,1
test_003006,test,1,Subscribed,0.7918859,7919,79.19%,361,0.9086526262369956,1,Recommended: Top 20%,0.60 to 0.79,60% to 79%,46,technician,married,basic.6y,cellular,aug,4,0,nonexistent,0,1,1,1,1,1,1
test_001216,test,0,Did Not Subscribe,0.7910708,7911,79.11%,362,0.9083988835320984,1,Recommended: Top 20%,0.60 to 0.79,60% to 79%,53,admin.,married,unknown,cellular,oct,2,0,nonexistent,0,1,1,1,1,1,1
test_002192,test,0,Did Not Subscribe,0.79105854,7911,79.11%,363,0.9081451408272012,1,Recommended: Top 20%,0.60 to 0.79,60% to 79%,45,unemployed,married,basic.9y,cellular,jun,1,0,nonexistent,0,1,1,1,1,1,1
test_003208,test,1,Subscribed,0.79103494,7910,79.10%,364,0.907891398122304,1,Recommended: Top 20%,0.60 to 0.79,60% to 79%,28,management,single,university.degree,cellular,oct,1,1,failure,0,1,1,1,1,1,1
test_002728,test,0,Did Not Subscribe,0.79102826,7910,79.10%,365,0.9076376554174068,1,Recommended: Top 20%,0.60 to 0.79,60% to 79%,25,student,single,university.degree,cellular,apr,1,0,nonexistent,0,1,1,1,1,1,1
test_001943,test,1,Subscribed,0.7909415,7909,79.09%,366,0.9073839127125096,1,Recommended: Top 20%,0.60 to 0.79,60% to 79%,26,admin.,single,university.degree,telephone,dec,1,0,nonexistent,0,1,1,1,1,1,1
test_002485,test,0,Did Not Subscribe,0.7907818,7908,79.08%,367,0.9071301700076124,1,Recommended: Top 20%,0.60 to 0.79,60% to 79%,50,self-employed,married,unknown,cellular,jul,2,0,nonexistent,0,1,1,1,1,1,1
test_000959,test,1,Subscribed,0.7899632,7900,79.00%,368,0.906876427302715,1,Recommended: Top 20%,0.60 to 0.79,60% to 79%,19,student,single,basic.4y,cellular,apr,2,0,nonexistent,0,1,1,1,1,1,1
test_000110,test,0,Did Not Subscribe,0.7899225,7899,78.99%,369,0.9066226845978178,1,Recommended: Top 20%,0.60 to 0.79,60% to 79%,39,admin.,married,university.degree,cellular,jun,1,0,nonexistent,0,1,1,1,1,1,1
test_003322,test,0,Did Not Subscribe,0.7895433,7895,78.95%,370,0.9063689418929206,1,Recommended: Top 20%,0.60 to 0.79,60% to 79%,34,blue-collar,single,high.school,cellular,may,1,1,success,0,1,1,1,1,1,1
test_003576,test,0,Did Not Subscribe,0.78878117,7888,78.88%,371,0.9061151991880232,1,Recommended: Top 20%,0.60 to 0.79,60% to 79%,44,admin.,single,university.degree,cellular,aug,1,2,failure,0,1,1,1,1,1,1
test_001689,test,1,Subscribed,0.7886968,7887,78.87%,372,0.905861456483126,1,Recommended: Top 20%,0.60 to 0.79,60% to 79%,22,student,single,high.school,cellular,oct,2,1,failure,0,1,1,1,1,1,1
test_000116,test,0,Did Not Subscribe,0.7885964,7886,78.86%,373,0.9056077137782288,1,Recommended: Top 20%,0.60 to 0.79,60% to 79%,47,admin.,single,university.degree,cellular,jun,1,4,failure,0,1,1,1,1,1,1
test_001534,test,0,Did Not Subscribe,0.7885857,7886,78.86%,374,0.9053539710733316,1,Recommended: Top 20%,0.60 to 0.79,60% to 79%,28,blue-collar,married,basic.9y,cellular,may,2,2,success,0,1,1,1,1,1,1
test_001161,test,1,Subscribed,0.7882513,7883,78.83%,375,0.9051002283684344,1,Recommended: Top 20%,0.60 to 0.79,60% to 79%,70,retired,married,basic.4y,cellular,oct,1,0,nonexistent,0,1,1,1,1,1,1
test_000859,test,0,Did Not Subscribe,0.78824425,7882,78.82%,376,0.9048464856635372,1,Recommended: Top 20%,0.60 to 0.79,60% to 79%,25,self-employed,single,university.degree,cellular,sep,1,0,nonexistent,0,1,1,1,1,1,1
test_000593,test,0,Did Not Subscribe,0.78743744,7874,78.74%,377,0.90459274295864,1,Recommended: Top 20%,0.60 to 0.79,60% to 79%,20,student,single,high.school,cellular,aug,2,0,nonexistent,0,1,1,1,1,1,1
test_000171,test,0,Did Not Subscribe,0.7872313,7872,78.72%,378,0.9043390002537428,1,Recommended: Top 20%,0.60 to 0.79,60% to 79%,25,unemployed,single,professional.course,cellular,apr,3,0,nonexistent,0,1,1,1,1,1,1
test_003645,test,0,Did Not Subscribe,0.78692293,7869,78.69%,379,0.9040852575488456,1,Recommended: Top 20%,0.60 to 0.79,60% to 79%,41,admin.,married,university.degree,cellular,sep,1,0,nonexistent,0,1,1,1,1,1,1
test_003114,test,1,Subscribed,0.7862228,7862,78.62%,380,0.9038315148439482,1,Recommended: Top 20%,0.60 to 0.79,60% to 79%,24,management,single,university.degree,cellular,oct,2,1,failure,0,1,1,1,1,1,1
test_001056,test,1,Subscribed,0.78601074,7860,78.60%,381,0.903577772139051,1,Recommended: Top 20%,0.60 to 0.79,60% to 79%,43,blue-collar,married,basic.9y,cellular,may,1,1,success,0,1,1,1,1,1,1
test_000272,test,0,Did Not Subscribe,0.78557914,7856,78.56%,382,0.9033240294341538,1,Recommended: Top 20%,0.60 to 0.79,60% to 79%,28,student,single,high.school,cellular,apr,1,1,failure,0,1,1,1,1,1,1
test_003401,test,0,Did Not Subscribe,0.7854557,7855,78.55%,383,0.9030702867292564,1,Recommended: Top 20%,0.60 to 0.79,60% to 79%,30,self-employed,single,university.degree,cellular,jun,4,0,nonexistent,0,1,1,1,1,1,1
test_001227,test,0,Did Not Subscribe,0.7854089,7854,78.54%,384,0.9028165440243592,1,Recommended: Top 20%,0.60 to 0.79,60% to 79%,33,admin.,single,university.degree,cellular,aug,3,0,nonexistent,0,1,1,1,1,1,1
test_001623,test,0,Did Not Subscribe,0.785189,7852,78.52%,385,0.902562801319462,1,Recommended: Top 20%,0.60 to 0.79,60% to 79%,29,unemployed,divorced,high.school,cellular,oct,1,0,nonexistent,0,1,1,1,1,1,1
test_003075,test,1,Subscribed,0.7848733,7849,78.49%,386,0.9023090586145648,1,Recommended: Top 20%,0.60 to 0.79,60% to 79%,74,retired,married,high.school,cellular,aug,1,1,failure,0,1,1,1,1,1,1
test_002486,test,0,Did Not Subscribe,0.7844909,7845,78.45%,387,0.9020553159096676,1,Recommended: Top 20%,0.60 to 0.79,60% to 79%,57,management,married,university.degree,cellular,aug,4,0,nonexistent,0,1,1,1,1,1,1
test_001310,test,1,Subscribed,0.784299,7843,78.43%,388,0.9018015732047704,1,Recommended: Top 20%,0.60 to 0.79,60% to 79%,28,admin.,single,university.degree,cellular,aug,5,0,nonexistent,0,1,1,1,1,1,1
test_000765,test,0,Did Not Subscribe,0.78429663,7843,78.43%,389,0.9015478304998732,1,Recommended: Top 20%,0.60 to 0.79,60% to 79%,54,management,married,unknown,cellular,jul,1,1,failure,0,1,1,1,1,1,1
test_000282,test,0,Did Not Subscribe,0.7840283,7840,78.40%,390,0.901294087794976,1,Recommended: Top 20%,0.60 to 0.79,60% to 79%,29,admin.,single,high.school,cellular,jun,2,0,nonexistent,0,1,1,1,1,1,1
test_001911,test,0,Did Not Subscribe,0.7838255,7838,78.38%,391,0.9010403450900788,1,Recommended: Top 20%,0.60 to 0.79,60% to 79%,32,technician,married,high.school,cellular,jun,4,1,failure,0,1,1,1,1,1,1
test_000857,test,1,Subscribed,0.7831723,7832,78.32%,392,0.9007866023851814,1,Recommended: Top 20%,0.60 to 0.79,60% to 79%,63,housemaid,married,basic.4y,cellular,aug,1,0,nonexistent,0,1,1,1,1,1,1
test_003566,test,1,Subscribed,0.78290635,7829,78.29%,393,0.9005328596802842,1,Recommended: Top 20%,0.60 to 0.79,60% to 79%,28,student,single,unknown,cellular,aug,4,1,failure,0,1,1,1,1,1,1
test_001500,test,0,Did Not Subscribe,0.7826881,7827,78.27%,394,0.900279116975387,1,Recommended: Top 20%,0.60 to 0.79,60% to 79%,31,services,single,basic.9y,cellular,may,1,3,failure,0,1,1,1,1,1,1
test_003219,test,0,Did Not Subscribe,0.781032,7810,78.10%,395,0.9000253742704897,1,Recommended: Top 20%,0.60 to 0.79,60% to 79%,34,admin.,married,high.school,cellular,may,4,3,failure,0,1,1,1,1,1,1
test_000958,test,0,Did Not Subscribe,0.7800343,7800,78.00%,396,0.8997716315655925,1,Recommended: Top 20%,0.60 to 0.79,60% to 79%,30,services,single,high.school,cellular,aug,2,0,nonexistent,0,0,1,1,1,1,1
test_001537,test,1,Subscribed,0.7800284,7800,78.00%,397,0.8995178888606953,1,Recommended: Top 20%,0.60 to 0.79,60% to 79%,56,management,married,university.degree,cellular,aug,2,0,nonexistent,0,0,1,1,1,1,1
test_000716,test,0,Did Not Subscribe,0.77976984,7798,77.98%,398,0.899264146155798,1,Recommended: Top 20%,0.60 to 0.79,60% to 79%,69,entrepreneur,married,university.degree,cellular,aug,1,1,failure,0,0,1,1,1,1,1
test_001596,test,1,Subscribed,0.7792404,7792,77.92%,399,0.8990104034509008,1,Recommended: Top 20%,0.60 to 0.79,60% to 79%,29,admin.,single,university.degree,cellular,apr,1,0,nonexistent,0,0,1,1,1,1,1
test_001221,test,0,Did Not Subscribe,0.7775949,7776,77.76%,400,0.8987566607460036,1,Recommended: Top 20%,0.60 to 0.79,60% to 79%,46,admin.,married,university.degree,cellular,aug,1,0,nonexistent,0,0,1,1,1,1,1
test_001850,test,0,Did Not Subscribe,0.77688044,7769,77.69%,401,0.8985029180411064,1,Recommended: Top 20%,0.60 to 0.79,60% to 79%,46,admin.,single,university.degree,cellular,jul,5,0,nonexistent,0,0,1,1,1,1,1
test_001204,test,0,Did Not Subscribe,0.7767639,7768,77.68%,402,0.8982491753362091,1,Recommended: Top 20%,0.60 to 0.79,60% to 79%,65,retired,married,high.school,cellular,aug,2,0,nonexistent,0,0,1,1,1,1,1
test_002127,test,1,Subscribed,0.77631944,7763,77.63%,403,0.8979954326313119,1,Recommended: Top 20%,0.60 to 0.79,60% to 79%,47,services,divorced,unknown,cellular,aug,2,1,failure,0,0,1,1,1,1,1
test_002091,test,1,Subscribed,0.7760208,7760,77.60%,404,0.8977416899264146,1,Recommended: Top 20%,0.60 to 0.79,60% to 79%,58,retired,divorced,university.degree,cellular,apr,1,0,nonexistent,0,0,1,1,1,1,1
test_001063,test,0,Did Not Subscribe,0.77577126,7758,77.58%,405,0.8974879472215174,1,Recommended: Top 20%,0.60 to 0.79,60% to 79%,58,technician,married,professional.course,cellular,aug,2,0,nonexistent,0,0,1,1,1,1,1
test_000982,test,1,Subscribed,0.7757653,7758,77.58%,406,0.8972342045166202,1,Recommended: Top 20%,0.60 to 0.79,60% to 79%,45,admin.,married,university.degree,cellular,sep,1,0,nonexistent,0,0,1,1,1,1,1
test_003606,test,0,Did Not Subscribe,0.7755838,7756,77.56%,407,0.896980461811723,1,Recommended: Top 20%,0.60 to 0.79,60% to 79%,70,retired,divorced,basic.9y,telephone,dec,2,0,nonexistent,0,0,1,1,1,1,1
test_002019,test,0,Did Not Subscribe,0.7751632,7752,77.52%,408,0.8967267191068257,1,Recommended: Top 20%,0.60 to 0.79,60% to 79%,25,admin.,single,professional.course,cellular,apr,1,0,nonexistent,0,0,1,1,1,1,1
test_003072,test,1,Subscribed,0.77504075,7750,77.50%,409,0.8964729764019285,1,Recommended: Top 20%,0.60 to 0.79,60% to 79%,63,housemaid,married,basic.4y,telephone,aug,1,2,failure,0,0,1,1,1,1,1
test_001958,test,0,Did Not Subscribe,0.7736623,7737,77.37%,410,0.8962192336970312,1,Recommended: Top 20%,0.60 to 0.79,60% to 79%,49,technician,divorced,unknown,cellular,oct,1,0,nonexistent,0,0,1,1,1,1,1
test_002500,test,0,Did Not Subscribe,0.7724831,7725,77.25%,411,0.895965490992134,1,Recommended: Top 20%,0.60 to 0.79,60% to 79%,23,unemployed,married,high.school,telephone,may,1,0,nonexistent,0,0,1,1,1,1,1
test_002715,test,0,Did Not Subscribe,0.7722582,7723,77.23%,412,0.8957117482872368,1,Recommended: Top 20%,0.60 to 0.79,60% to 79%,32,self-employed,single,university.degree,cellular,jul,1,2,failure,0,0,1,1,1,1,1
test_002811,test,1,Subscribed,0.77158713,7716,77.16%,413,0.8954580055823396,1,Recommended: Top 20%,0.60 to 0.79,60% to 79%,30,admin.,married,university.degree,cellular,apr,2,0,nonexistent,0,0,1,1,1,1,1
test_002887,test,0,Did Not Subscribe,0.7710709,7711,77.11%,414,0.8952042628774423,1,Recommended: Top 20%,0.60 to 0.79,60% to 79%,38,technician,single,high.school,telephone,jun,1,0,nonexistent,0,0,1,1,1,1,1
test_001515,test,0,Did Not Subscribe,0.7709515,7710,77.10%,415,0.8949505201725451,1,Recommended: Top 20%,0.60 to 0.79,60% to 79%,27,unemployed,single,basic.4y,cellular,jun,1,2,failure,0,0,1,1,1,1,1
test_003663,test,0,Did Not Subscribe,0.7709296,7709,77.09%,416,0.8946967774676478,1,Recommended: Top 20%,0.60 to 0.79,60% to 79%,30,admin.,married,university.degree,cellular,apr,1,0,nonexistent,0,0,1,1,1,1,1
test_003291,test,0,Did Not Subscribe,0.77046674,7705,77.05%,417,0.8944430347627506,1,Recommended: Top 20%,0.60 to 0.79,60% to 79%,32,admin.,married,university.degree,cellular,aug,1,0,nonexistent,0,0,1,1,1,1,1
test_003549,test,0,Did Not Subscribe,0.77030194,7703,77.03%,418,0.8941892920578534,1,Recommended: Top 20%,0.60 to 0.79,60% to 79%,37,entrepreneur,married,university.degree,cellular,nov,1,1,failure,0,0,1,1,1,1,1
test_000828,test,0,Did Not Subscribe,0.7695992,7696,76.96%,419,0.8939355493529562,1,Recommended: Top 20%,0.60 to 0.79,60% to 79%,33,admin.,single,university.degree,cellular,apr,2,0,nonexistent,0,0,1,1,1,1,1
test_002624,test,1,Subscribed,0.7691713,7692,76.92%,420,0.8936818066480589,1,Recommended: Top 20%,0.60 to 0.79,60% to 79%,43,services,married,basic.6y,cellular,sep,1,1,failure,0,0,1,1,1,1,1
test_003233,test,0,Did Not Subscribe,0.7688796,7689,76.89%,421,0.8934280639431617,1,Recommended: Top 20%,0.60 to 0.79,60% to 79%,34,technician,married,university.degree,cellular,apr,6,0,nonexistent,0,0,1,1,1,1,1
test_001238,test,0,Did Not Subscribe,0.76663554,7666,76.66%,422,0.8931743212382643,1,Recommended: Top 20%,0.60 to 0.79,60% to 79%,18,student,single,unknown,telephone,may,1,2,failure,0,0,1,1,1,1,1
test_002534,test,0,Did Not Subscribe,0.76646245,7665,76.65%,423,0.8929205785333671,1,Recommended: Top 20%,0.60 to 0.79,60% to 79%,33,admin.,married,university.degree,cellular,may,2,3,failure,0,0,1,1,1,1,1
test_000641,test,1,Subscribed,0.7661998,7662,76.62%,424,0.89266683582847,1,Recommended: Top 20%,0.60 to 0.79,60% to 79%,58,retired,divorced,university.degree,cellular,apr,2,0,nonexistent,0,0,1,1,1,1,1
test_002381,test,0,Did Not Subscribe,0.76609504,7661,76.61%,425,0.8924130931235728,1,Recommended: Top 20%,0.60 to 0.79,60% to 79%,36,admin.,married,university.degree,cellular,oct,1,2,failure,0,0,1,1,1,1,1
test_001274,test,0,Did Not Subscribe,0.76593465,7659,76.59%,426,0.8921593504186754,1,Recommended: Top 20%,0.60 to 0.79,60% to 79%,60,entrepreneur,married,unknown,cellular,aug,2,0,nonexistent,0,0,1,1,1,1,1
test_000790,test,0,Did Not Subscribe,0.76434624,7643,76.43%,427,0.8919056077137782,1,Recommended: Top 20%,0.60 to 0.79,60% to 79%,36,management,married,university.degree,cellular,mar,1,1,failure,0,0,1,1,1,1,1
test_000198,test,1,Subscribed,0.76417774,7642,76.42%,428,0.8916518650088809,1,Recommended: Top 20%,0.60 to 0.79,60% to 79%,47,admin.,divorced,university.degree,cellular,aug,1,0,nonexistent,0,0,1,1,1,1,1
test_000020,test,1,Subscribed,0.76409644,7641,76.41%,429,0.8913981223039837,1,Recommended: Top 20%,0.60 to 0.79,60% to 79%,70,admin.,married,basic.4y,cellular,sep,1,2,failure,0,0,1,1,1,1,1
test_003792,test,0,Did Not Subscribe,0.76256496,7626,76.26%,430,0.8911443795990865,1,Recommended: Top 20%,0.60 to 0.79,60% to 79%,36,management,married,university.degree,cellular,aug,1,0,nonexistent,0,0,1,1,1,1,1
test_001501,test,1,Subscribed,0.76247275,7625,76.25%,431,0.8908906368941893,1,Recommended: Top 20%,0.60 to 0.79,60% to 79%,38,technician,single,university.degree,cellular,jun,6,0,nonexistent,0,0,1,1,1,1,1
test_000323,test,0,Did Not Subscribe,0.761054,7611,76.11%,432,0.890636894189292,1,Recommended: Top 20%,0.60 to 0.79,60% to 79%,31,admin.,single,high.school,cellular,apr,1,1,failure,0,0,1,1,1,1,1
test_000061,test,1,Subscribed,0.7607464,7607,76.07%,433,0.8903831514843948,1,Recommended: Top 20%,0.60 to 0.79,60% to 79%,56,unemployed,divorced,basic.4y,cellular,jul,6,0,nonexistent,0,0,1,1,1,1,1
test_001898,test,0,Did Not Subscribe,0.7599649,7600,76.00%,434,0.8901294087794975,1,Recommended: Top 20%,0.60 to 0.79,60% to 79%,52,admin.,married,university.degree,cellular,aug,1,0,nonexistent,0,0,1,1,1,1,1
test_001030,test,1,Subscribed,0.7593283,7593,75.93%,435,0.8898756660746003,1,Recommended: Top 20%,0.60 to 0.79,60% to 79%,30,admin.,married,university.degree,cellular,apr,1,0,nonexistent,0,0,1,1,1,1,1
test_002922,test,1,Subscribed,0.7590033,7590,75.90%,436,0.8896219233697031,1,Recommended: Top 20%,0.60 to 0.79,60% to 79%,52,technician,married,professional.course,cellular,sep,1,1,failure,0,0,1,1,1,1,1
test_002518,test,1,Subscribed,0.7589765,7590,75.90%,437,0.8893681806648059,1,Recommended: Top 20%,0.60 to 0.79,60% to 79%,67,retired,married,basic.6y,cellular,aug,2,0,nonexistent,0,0,1,1,1,1,1
test_000977,test,1,Subscribed,0.7582968,7583,75.83%,438,0.8891144379599086,1,Recommended: Top 20%,0.60 to 0.79,60% to 79%,65,management,married,unknown,telephone,dec,3,1,failure,0,0,1,1,1,1,1
test_000196,test,0,Did Not Subscribe,0.7581201,7581,75.81%,439,0.8888606952550114,1,Recommended: Top 20%,0.60 to 0.79,60% to 79%,48,management,divorced,university.degree,cellular,aug,1,0,nonexistent,0,0,1,1,1,1,1
test_000019,test,1,Subscribed,0.7580325,7580,75.80%,440,0.8886069525501141,1,Recommended: Top 20%,0.60 to 0.79,60% to 79%,44,blue-collar,single,basic.4y,cellular,mar,2,0,nonexistent,0,0,1,1,1,1,1
test_001591,test,1,Subscribed,0.7576934,7577,75.77%,441,0.8883532098452169,1,Recommended: Top 20%,0.60 to 0.79,60% to 79%,29,self-employed,single,university.degree,cellular,jun,2,1,failure,0,0,1,1,1,1,1
test_002304,test,0,Did Not Subscribe,0.7559893,7560,75.60%,442,0.8880994671403197,1,Recommended: Top 20%,0.60 to 0.79,60% to 79%,33,admin.,married,high.school,cellular,aug,1,1,failure,0,0,1,1,1,1,1
test_000409,test,1,Subscribed,0.75518674,7552,75.52%,443,0.8878457244354225,1,Recommended: Top 20%,0.60 to 0.79,60% to 79%,59,technician,married,university.degree,cellular,oct,3,1,failure,0,0,1,1,1,1,1
test_001215,test,0,Did Not Subscribe,0.75488,7549,75.49%,444,0.8875919817305252,1,Recommended: Top 20%,0.60 to 0.79,60% to 79%,32,unemployed,single,university.degree,cellular,apr,2,0,nonexistent,0,0,1,1,1,1,1
test_000063,test,1,Subscribed,0.7546852,7547,75.47%,445,0.887338239025628,1,Recommended: Top 20%,0.60 to 0.79,60% to 79%,48,technician,married,high.school,cellular,aug,1,0,nonexistent,0,0,1,1,1,1,1
test_000969,test,0,Did Not Subscribe,0.75414765,7541,75.41%,446,0.8870844963207307,1,Recommended: Top 20%,0.60 to 0.79,60% to 79%,61,retired,married,basic.4y,cellular,aug,1,1,failure,0,0,1,1,1,1,1
test_003758,test,0,Did Not Subscribe,0.75355995,7536,75.36%,447,0.8868307536158335,1,Recommended: Top 20%,0.60 to 0.79,60% to 79%,56,technician,divorced,professional.course,cellular,oct,5,0,nonexistent,0,0,1,1,1,1,1
test_002020,test,0,Did Not Subscribe,0.7531781,7532,75.32%,448,0.8865770109109363,1,Recommended: Top 20%,0.60 to 0.79,60% to 79%,32,blue-collar,married,basic.9y,cellular,may,1,1,success,0,0,1,1,1,1,1
test_000970,test,0,Did Not Subscribe,0.7529751,7530,75.30%,449,0.8863232682060391,1,Recommended: Top 20%,0.60 to 0.79,60% to 79%,46,entrepreneur,married,high.school,cellular,may,1,1,success,0,0,1,1,1,1,1
test_001633,test,0,Did Not Subscribe,0.7528227,7528,75.28%,450,0.8860695255011418,1,Recommended: Top 20%,0.60 to 0.79,60% to 79%,40,admin.,married,university.degree,cellular,aug,2,1,failure,0,0,1,1,1,1,1
test_001053,test,1,Subscribed,0.7523171,7523,75.23%,451,0.8858157827962446,1,Recommended: Top 20%,0.60 to 0.79,60% to 79%,75,retired,married,basic.9y,cellular,mar,2,1,failure,0,0,1,1,1,1,1
test_000011,test,0,Did Not Subscribe,0.750814,7508,75.08%,452,0.8855620400913473,1,Recommended: Top 20%,0.60 to 0.79,60% to 79%,62,retired,married,professional.course,cellular,may,4,0,nonexistent,0,0,1,1,1,1,1
test_002763,test,0,Did Not Subscribe,0.7505255,7505,75.05%,453,0.8853082973864501,1,Recommended: Top 20%,0.60 to 0.79,60% to 79%,73,retired,married,basic.4y,cellular,dec,5,0,nonexistent,0,0,1,1,1,1,1
test_002412,test,1,Subscribed,0.7500163,7500,75.00%,454,0.8850545546815529,1,Recommended: Top 20%,0.60 to 0.79,60% to 79%,38,admin.,single,high.school,cellular,aug,1,0,nonexistent,0,0,1,1,1,1,1
test_003926,test,0,Did Not Subscribe,0.7483872,7484,74.84%,455,0.8848008119766557,1,Recommended: Top 20%,0.60 to 0.79,60% to 79%,30,student,single,unknown,cellular,dec,1,1,failure,0,0,1,1,1,1,1
test_001522,test,0,Did Not Subscribe,0.7477243,7477,74.77%,456,0.8845470692717584,1,Recommended: Top 20%,0.60 to 0.79,60% to 79%,63,retired,married,professional.course,telephone,apr,3,0,nonexistent,0,0,1,1,1,1,1
test_001176,test,0,Did Not Subscribe,0.74652046,7465,74.65%,457,0.8842933265668612,1,Recommended: Top 20%,0.60 to 0.79,60% to 79%,34,technician,married,unknown,cellular,nov,2,2,failure,0,0,1,1,1,1,1
test_002453,test,0,Did Not Subscribe,0.74643624,7464,74.64%,458,0.8840395838619639,1,Recommended: Top 20%,0.60 to 0.79,60% to 79%,32,admin.,married,university.degree,cellular,apr,1,1,failure,0,0,1,1,1,1,1
test_000179,test,0,Did Not Subscribe,0.74618846,7462,74.62%,459,0.8837858411570667,1,Recommended: Top 20%,0.60 to 0.79,60% to 79%,49,technician,divorced,high.school,cellular,aug,2,0,nonexistent,0,0,1,1,1,1,1
test_003071,test,0,Did Not Subscribe,0.7451113,7451,74.51%,460,0.8835320984521695,1,Recommended: Top 20%,0.60 to 0.79,60% to 79%,26,admin.,single,high.school,cellular,jun,2,1,failure,0,0,1,1,1,1,1
test_003378,test,0,Did Not Subscribe,0.7446305,7446,74.46%,461,0.8832783557472723,1,Recommended: Top 20%,0.60 to 0.79,60% to 79%,50,blue-collar,married,unknown,cellular,aug,1,0,nonexistent,0,0,1,1,1,1,1
test_000771,test,0,Did Not Subscribe,0.74368215,7437,74.37%,462,0.883024613042375,1,Recommended: Top 20%,0.60 to 0.79,60% to 79%,70,retired,married,professional.course,cellular,aug,3,1,failure,0,0,1,1,1,1,1
test_001915,test,0,Did Not Subscribe,0.74304646,7430,74.30%,463,0.8827708703374778,1,Recommended: Top 20%,0.60 to 0.79,60% to 79%,48,services,married,high.school,cellular,jun,3,0,nonexistent,0,0,1,1,1,1,1
test_001017,test,0,Did Not Subscribe,0.7429618,7430,74.30%,464,0.8825171276325806,1,Recommended: Top 20%,0.60 to 0.79,60% to 79%,74,retired,married,professional.course,cellular,nov,3,1,failure,0,0,1,1,1,1,1
test_001437,test,0,Did Not Subscribe,0.74285436,7429,74.29%,465,0.8822633849276833,1,Recommended: Top 20%,0.60 to 0.79,60% to 79%,28,admin.,single,university.degree,cellular,aug,1,2,failure,0,0,1,1,1,1,1
test_000115,test,0,Did Not Subscribe,0.7426308,7426,74.26%,466,0.8820096422227861,1,Recommended: Top 20%,0.60 to 0.79,60% to 79%,32,unemployed,single,university.degree,cellular,aug,1,1,failure,0,0,1,1,1,1,1
test_001795,test,0,Did Not Subscribe,0.74190074,7419,74.19%,467,0.8817558995178889,1,Recommended: Top 20%,0.60 to 0.79,60% to 79%,53,admin.,divorced,university.degree,cellular,sep,2,1,failure,0,0,1,1,1,1,1
test_001093,test,1,Subscribed,0.74069625,7407,74.07%,468,0.8815021568129916,1,Recommended: Top 20%,0.60 to 0.79,60% to 79%,56,services,single,high.school,cellular,aug,3,0,nonexistent,0,0,1,1,1,1,1
test_003368,test,0,Did Not Subscribe,0.74034137,7403,74.03%,469,0.8812484141080944,1,Recommended: Top 20%,0.60 to 0.79,60% to 79%,41,unemployed,married,basic.9y,cellular,apr,1,1,success,0,0,1,1,1,1,1
test_002751,test,0,Did Not Subscribe,0.73968554,7397,73.97%,470,0.8809946714031972,1,Recommended: Top 20%,0.60 to 0.79,60% to 79%,23,technician,single,professional.course,cellular,apr,4,0,nonexistent,0,0,1,1,1,1,1
test_001922,test,1,Subscribed,0.7386195,7386,73.86%,471,0.8807409286982999,1,Recommended: Top 20%,0.60 to 0.79,60% to 79%,74,retired,married,basic.4y,telephone,apr,5,0,nonexistent,0,0,1,1,1,1,1
test_001683,test,0,Did Not Subscribe,0.73790586,7379,73.79%,472,0.8804871859934027,1,Recommended: Top 20%,0.60 to 0.79,60% to 79%,40,blue-collar,married,basic.6y,telephone,jun,1,0,nonexistent,0,0,1,1,1,1,1
test_002496,test,0,Did Not Subscribe,0.73342764,7334,73.34%,473,0.8802334432885055,1,Recommended: Top 20%,0.60 to 0.79,60% to 79%,35,admin.,married,university.degree,cellular,apr,1,2,failure,0,0,1,1,1,1,1
test_001097,test,0,Did Not Subscribe,0.7309028,7309,73.09%,474,0.8799797005836082,1,Recommended: Top 20%,0.60 to 0.79,60% to 79%,47,admin.,married,university.degree,cellular,dec,5,0,nonexistent,0,0,1,1,1,1,1
test_003728,test,0,Did Not Subscribe,0.7294584,7295,72.95%,475,0.879725957878711,1,Recommended: Top 20%,0.60 to 0.79,60% to 79%,37,entrepreneur,divorced,high.school,cellular,nov,4,1,failure,0,0,1,1,1,1,1
test_002321,test,1,Subscribed,0.7284808,7285,72.85%,476,0.8794722151738138,1,Recommended: Top 20%,0.60 to 0.79,60% to 79%,42,services,divorced,university.degree,cellular,nov,1,1,failure,0,0,1,1,1,1,1
test_000487,test,1,Subscribed,0.72831464,7283,72.83%,477,0.8792184724689165,1,Recommended: Top 20%,0.60 to 0.79,60% to 79%,59,admin.,divorced,professional.course,cellular,aug,1,1,failure,0,0,1,1,1,1,1
test_000565,test,0,Did Not Subscribe,0.72826433,7283,72.83%,478,0.8789647297640193,1,Recommended: Top 20%,0.60 to 0.79,60% to 79%,58,services,married,high.school,cellular,mar,1,2,failure,0,0,1,1,1,1,1
test_002865,test,0,Did Not Subscribe,0.72793067,7279,72.79%,479,0.8787109870591221,1,Recommended: Top 20%,0.60 to 0.79,60% to 79%,49,blue-collar,married,basic.9y,cellular,may,2,2,failure,0,0,1,1,1,1,1
test_001844,test,0,Did Not Subscribe,0.7259279,7259,72.59%,480,0.8784572443542248,1,Recommended: Top 20%,0.60 to 0.79,60% to 79%,32,admin.,married,high.school,cellular,sep,2,1,failure,0,0,1,1,1,1,1
test_000742,test,1,Subscribed,0.72563773,7256,72.56%,481,0.8782035016493276,1,Recommended: Top 20%,0.60 to 0.79,60% to 79%,51,technician,married,university.degree,cellular,apr,2,1,failure,0,0,1,1,1,1,1
test_003177,test,0,Did Not Subscribe,0.7252547,7253,72.53%,482,0.8779497589444304,1,Recommended: Top 20%,0.60 to 0.79,60% to 79%,45,self-employed,married,university.degree,cellular,aug,1,0,nonexistent,0,0,1,1,1,1,1
test_000669,test,0,Did Not Subscribe,0.7244771,7245,72.45%,483,0.8776960162395331,1,Recommended: Top 20%,0.60 to 0.79,60% to 79%,54,unemployed,divorced,high.school,cellular,oct,1,0,nonexistent,0,0,1,1,1,1,1
test_002564,test,1,Subscribed,0.7236403,7236,72.36%,484,0.8774422735346359,1,Recommended: Top 20%,0.60 to 0.79,60% to 79%,39,management,married,university.degree,telephone,apr,1,2,failure,0,0,1,1,1,1,1
test_003806,test,0,Did Not Subscribe,0.7235208,7235,72.35%,485,0.8771885308297387,1,Recommended: Top 20%,0.60 to 0.79,60% to 79%,47,self-employed,married,university.degree,cellular,aug,2,0,nonexistent,0,0,1,1,1,1,1
test_003598,test,1,Subscribed,0.7228424,7228,72.28%,486,0.8769347881248414,1,Recommended: Top 20%,0.60 to 0.79,60% to 79%,56,management,divorced,unknown,cellular,nov,7,0,nonexistent,0,0,1,1,1,1,1
test_003101,test,0,Did Not Subscribe,0.7214428,7214,72.14%,487,0.8766810454199442,1,Recommended: Top 20%,0.60 to 0.79,60% to 79%,30,technician,single,professional.course,telephone,jun,1,0,nonexistent,0,0,1,1,1,1,1
test_002375,test,0,Did Not Subscribe,0.72133,7213,72.13%,488,0.876427302715047,1,Recommended: Top 20%,0.60 to 0.79,60% to 79%,37,entrepreneur,divorced,high.school,cellular,nov,2,1,failure,0,0,1,1,1,1,1
test_003749,test,1,Subscribed,0.72125113,7213,72.13%,489,0.8761735600101497,1,Recommended: Top 20%,0.60 to 0.79,60% to 79%,24,admin.,single,university.degree,telephone,oct,1,0,nonexistent,0,0,1,1,1,1,1
test_000205,test,0,Did Not Subscribe,0.72100145,7210,72.10%,490,0.8759198173052525,1,Recommended: Top 20%,0.60 to 0.79,60% to 79%,36,admin.,married,high.school,cellular,aug,5,0,nonexistent,0,0,1,1,1,1,1
test_000856,test,1,Subscribed,0.7208627,7209,72.09%,491,0.8756660746003553,1,Recommended: Top 20%,0.60 to 0.79,60% to 79%,56,unknown,married,unknown,telephone,oct,1,0,nonexistent,0,0,1,1,1,1,1
test_001409,test,0,Did Not Subscribe,0.720655,7207,72.07%,492,0.875412331895458,1,Recommended: Top 20%,0.60 to 0.79,60% to 79%,33,self-employed,married,university.degree,cellular,aug,3,0,nonexistent,0,0,1,1,1,1,1
test_002027,test,0,Did Not Subscribe,0.7204676,7205,72.05%,493,0.8751585891905608,1,Recommended: Top 20%,0.60 to 0.79,60% to 79%,38,technician,single,university.degree,telephone,jun,3,0,nonexistent,0,0,1,1,1,1,1
test_002803,test,1,Subscribed,0.72000575,7200,72.00%,494,0.8749048464856636,1,Recommended: Top 20%,0.60 to 0.79,60% to 79%,71,retired,single,unknown,cellular,apr,3,0,nonexistent,0,0,1,1,1,1,1
test_002829,test,1,Subscribed,0.71985203,7199,71.99%,495,0.8746511037807663,1,Recommended: Top 20%,0.60 to 0.79,60% to 79%,47,admin.,married,high.school,cellular,oct,1,1,failure,0,0,1,1,1,1,1
test_002455,test,0,Did Not Subscribe,0.71961206,7196,71.96%,496,0.8743973610758691,1,Recommended: Top 20%,0.60 to 0.79,60% to 79%,36,technician,single,professional.course,cellular,aug,1,1,failure,0,0,1,1,1,1,1
test_000945,test,0,Did Not Subscribe,0.7187472,7187,71.87%,497,0.8741436183709719,1,Recommended: Top 20%,0.60 to 0.79,60% to 79%,36,admin.,married,university.degree,cellular,aug,1,1,failure,0,0,1,1,1,1,1
test_000984,test,0,Did Not Subscribe,0.7181999,7182,71.82%,498,0.8738898756660746,1,Recommended: Top 20%,0.60 to 0.79,60% to 79%,51,technician,married,professional.course,cellular,aug,2,1,failure,0,0,1,1,1,1,1
test_000049,test,0,Did Not Subscribe,0.71781653,7178,71.78%,499,0.8736361329611774,1,Recommended: Top 20%,0.60 to 0.79,60% to 79%,31,admin.,single,university.degree,cellular,sep,7,0,nonexistent,0,0,1,1,1,1,1
test_003686,test,0,Did Not Subscribe,0.7169372,7169,71.69%,500,0.8733823902562802,1,Recommended: Top 20%,0.60 to 0.79,60% to 79%,44,technician,married,high.school,cellular,oct,2,1,failure,0,0,1,1,1,1,1
test_000656,test,0,Did Not Subscribe,0.71623397,7162,71.62%,501,0.8731286475513829,1,Recommended: Top 20%,0.60 to 0.79,60% to 79%,32,management,single,university.degree,cellular,mar,2,1,failure,0,0,1,1,1,1,1
test_001701,test,1,Subscribed,0.715942,7159,71.59%,502,0.8728749048464857,1,Recommended: Top 20%,0.60 to 0.79,60% to 79%,75,retired,married,basic.4y,cellular,apr,1,1,failure,0,0,1,1,1,1,1
test_003261,test,1,Subscribed,0.7152848,7153,71.53%,503,0.8726211621415885,1,Recommended: Top 20%,0.60 to 0.79,60% to 79%,60,admin.,married,university.degree,telephone,jul,1,0,nonexistent,0,0,1,1,1,1,1
test_002817,test,1,Subscribed,0.71499443,7150,71.50%,504,0.8723674194366912,1,Recommended: Top 20%,0.60 to 0.79,60% to 79%,19,student,single,unknown,cellular,apr,3,0,nonexistent,0,0,1,1,1,1,1
test_002378,test,1,Subscribed,0.71481204,7148,71.48%,505,0.872113676731794,1,Recommended: Top 20%,0.60 to 0.79,60% to 79%,27,admin.,single,unknown,cellular,mar,1,3,failure,0,0,1,1,1,1,1
test_000147,test,1,Subscribed,0.71378523,7138,71.38%,506,0.8718599340268968,1,Recommended: Top 20%,0.60 to 0.79,60% to 79%,63,management,married,basic.4y,cellular,nov,4,2,failure,0,0,1,1,1,1,1
test_002233,test,0,Did Not Subscribe,0.71321124,7132,71.32%,507,0.8716061913219995,1,Recommended: Top 20%,0.60 to 0.79,60% to 79%,25,technician,single,university.degree,cellular,apr,1,0,nonexistent,0,0,1,1,1,1,1
test_002096,test,0,Did Not Subscribe,0.71293604,7129,71.29%,508,0.8713524486171023,1,Recommended: Top 20%,0.60 to 0.79,60% to 79%,33,technician,single,university.degree,cellular,apr,2,0,nonexistent,0,0,1,1,1,1,1
test_000592,test,1,Subscribed,0.7121012,7121,71.21%,509,0.8710987059122051,1,Recommended: Top 20%,0.60 to 0.79,60% to 79%,54,retired,married,professional.course,cellular,aug,2,0,nonexistent,0,0,1,1,1,1,1
test_001187,test,1,Subscribed,0.7119632,7120,71.20%,510,0.8708449632073078,1,Recommended: Top 20%,0.60 to 0.79,60% to 79%,58,retired,divorced,high.school,cellular,aug,2,1,failure,0,0,1,1,1,1,1
test_000495,test,0,Did Not Subscribe,0.71132517,7113,71.13%,511,0.8705912205024106,1,Recommended: Top 20%,0.60 to 0.79,60% to 79%,55,management,married,university.degree,cellular,aug,1,1,failure,0,0,1,1,1,1,1
test_001540,test,0,Did Not Subscribe,0.711026,7110,71.10%,512,0.8703374777975134,1,Recommended: Top 20%,0.60 to 0.79,60% to 79%,30,technician,married,professional.course,telephone,oct,2,0,nonexistent,0,0,1,1,1,1,1
test_000326,test,0,Did Not Subscribe,0.7075945,7076,70.76%,513,0.870083735092616,1,Recommended: Top 20%,0.60 to 0.79,60% to 79%,62,blue-collar,married,basic.4y,cellular,nov,1,1,failure,0,0,1,1,1,1,1
test_001416,test,0,Did Not Subscribe,0.70736593,7074,70.74%,514,0.8698299923877189,1,Recommended: Top 20%,0.60 to 0.79,60% to 79%,27,services,single,university.degree,cellular,mar,6,1,failure,0,0,1,1,1,1,1
test_002121,test,0,Did Not Subscribe,0.7063741,7064,70.64%,515,0.8695762496828217,1,Recommended: Top 20%,0.60 to 0.79,60% to 79%,38,admin.,married,high.school,cellular,aug,1,1,failure,0,0,1,1,1,1,1
test_002040,test,0,Did Not Subscribe,0.70561826,7056,70.56%,516,0.8693225069779243,1,Recommended: Top 20%,0.60 to 0.79,60% to 79%,28,services,single,high.school,cellular,apr,1,0,nonexistent,0,0,1,1,1,1,1
test_003244,test,1,Subscribed,0.7052685,7053,70.53%,517,0.8690687642730272,1,Recommended: Top 20%,0.60 to 0.79,60% to 79%,44,management,married,unknown,telephone,apr,2,1,failure,0,0,1,1,1,1,1
test_002965,test,0,Did Not Subscribe,0.7041192,7041,70.41%,518,0.86881502156813,1,Recommended: Top 20%,0.60 to 0.79,60% to 79%,44,blue-collar,married,basic.9y,telephone,apr,2,0,nonexistent,0,0,1,1,1,1,1
test_003014,test,0,Did Not Subscribe,0.7040399,7040,70.40%,519,0.8685612788632326,1,Recommended: Top 20%,0.60 to 0.79,60% to 79%,53,admin.,married,university.degree,cellular,aug,1,2,failure,0,0,1,1,1,1,1
test_001974,test,0,Did Not Subscribe,0.70394313,7039,70.39%,520,0.8683075361583354,1,Recommended: Top 20%,0.60 to 0.79,60% to 79%,40,blue-collar,divorced,basic.9y,cellular,aug,1,1,failure,0,0,1,1,1,1,1
test_002062,test,0,Did Not Subscribe,0.7038342,7038,70.38%,521,0.8680537934534382,1,Recommended: Top 20%,0.60 to 0.79,60% to 79%,19,student,single,unknown,cellular,apr,5,0,nonexistent,0,0,1,1,1,1,1
test_001614,test,0,Did Not Subscribe,0.70237976,7024,70.24%,522,0.8678000507485409,1,Recommended: Top 20%,0.60 to 0.79,60% to 79%,28,admin.,single,university.degree,cellular,aug,1,2,failure,0,0,1,1,1,1,1
test_000266,test,0,Did Not Subscribe,0.7018946,7019,70.19%,523,0.8675463080436437,1,Recommended: Top 20%,0.60 to 0.79,60% to 79%,58,management,married,basic.4y,cellular,nov,5,0,nonexistent,0,0,1,1,1,1,1
test_001538,test,0,Did Not Subscribe,0.69812554,6981,69.81%,524,0.8672925653387465,1,Recommended: Top 20%,0.60 to 0.79,60% to 79%,27,admin.,single,high.school,cellular,apr,1,0,nonexistent,0,0,1,1,1,1,1
test_002976,test,1,Subscribed,0.69734716,6973,69.73%,525,0.8670388226338492,1,Recommended: Top 20%,0.60 to 0.79,60% to 79%,33,blue-collar,married,basic.6y,cellular,apr,2,0,nonexistent,0,0,1,1,1,1,1
test_003784,test,0,Did Not Subscribe,0.6971083,6971,69.71%,526,0.866785079928952,1,Recommended: Top 20%,0.60 to 0.79,60% to 79%,18,student,single,unknown,telephone,sep,2,0,nonexistent,0,0,1,1,1,1,1
test_001727,test,0,Did Not Subscribe,0.6964625,6965,69.65%,527,0.8665313372240548,1,Recommended: Top 20%,0.60 to 0.79,60% to 79%,58,services,married,high.school,cellular,mar,5,1,failure,0,0,1,1,1,1,1
test_000491,test,0,Did Not Subscribe,0.6944217,6944,69.44%,528,0.8662775945191575,1,Recommended: Top 20%,0.60 to 0.79,60% to 79%,28,admin.,single,university.degree,cellular,may,3,0,nonexistent,0,0,1,1,1,1,1
test_000604,test,0,Did Not Subscribe,0.69377184,6938,69.38%,529,0.8660238518142603,1,Recommended: Top 20%,0.60 to 0.79,60% to 79%,36,management,married,university.degree,cellular,apr,2,0,nonexistent,0,0,1,1,1,1,1
test_000807,test,0,Did Not Subscribe,0.69376314,6938,69.38%,530,0.8657701091093631,1,Recommended: Top 20%,0.60 to 0.79,60% to 79%,33,admin.,single,university.degree,telephone,apr,1,0,nonexistent,0,0,1,1,1,1,1
test_002128,test,0,Did Not Subscribe,0.6931687,6932,69.32%,531,0.8655163664044658,1,Recommended: Top 20%,0.60 to 0.79,60% to 79%,33,blue-collar,married,professional.course,cellular,apr,1,0,nonexistent,0,0,1,1,1,1,1
test_000017,test,0,Did Not Subscribe,0.69277704,6928,69.28%,532,0.8652626236995686,1,Recommended: Top 20%,0.60 to 0.79,60% to 79%,73,retired,divorced,basic.4y,cellular,oct,2,3,failure,0,0,1,1,1,1,1
test_002148,test,0,Did Not Subscribe,0.69196874,6920,69.20%,533,0.8650088809946714,1,Recommended: Top 20%,0.60 to 0.79,60% to 79%,23,admin.,single,university.degree,cellular,apr,7,0,nonexistent,0,0,1,1,1,1,1
test_000741,test,0,Did Not Subscribe,0.69164944,6916,69.16%,534,0.8647551382897741,1,Recommended: Top 20%,0.60 to 0.79,60% to 79%,29,unemployed,single,university.degree,telephone,jun,1,0,nonexistent,0,0,1,1,1,1,1
test_003838,test,0,Did Not Subscribe,0.68987244,6899,68.99%,535,0.8645013955848769,1,Recommended: Top 20%,0.60 to 0.79,60% to 79%,29,admin.,single,university.degree,telephone,apr,3,0,nonexistent,0,0,1,1,1,1,1
test_001406,test,0,Did Not Subscribe,0.6898719,6899,68.99%,536,0.8642476528799797,1,Recommended: Top 20%,0.60 to 0.79,60% to 79%,26,student,single,university.degree,cellular,may,1,0,nonexistent,0,0,1,1,1,1,1
test_002858,test,0,Did Not Subscribe,0.68818843,6882,68.82%,537,0.8639939101750824,1,Recommended: Top 20%,0.60 to 0.79,60% to 79%,32,blue-collar,married,basic.4y,cellular,nov,3,1,failure,0,0,1,1,1,1,1
test_002607,test,1,Subscribed,0.6878643,6879,68.79%,538,0.8637401674701852,1,Recommended: Top 20%,0.60 to 0.79,60% to 79%,43,admin.,divorced,university.degree,cellular,nov,4,2,failure,0,0,1,1,1,1,1
test_003391,test,0,Did Not Subscribe,0.68750453,6875,68.75%,539,0.863486424765288,1,Recommended: Top 20%,0.60 to 0.79,60% to 79%,20,student,single,high.school,cellular,may,1,0,nonexistent,0,0,1,1,1,1,1
test_003227,test,0,Did Not Subscribe,0.6870088,6870,68.70%,540,0.8632326820603908,1,Recommended: Top 20%,0.60 to 0.79,60% to 79%,37,unemployed,married,high.school,telephone,jun,1,0,nonexistent,0,0,1,1,1,1,1
test_003484,test,0,Did Not Subscribe,0.6869358,6869,68.69%,541,0.8629789393554935,1,Recommended: Top 20%,0.60 to 0.79,60% to 79%,28,admin.,single,university.degree,cellular,apr,1,0,nonexistent,0,0,1,1,1,1,1
test_001918,test,1,Subscribed,0.6849484,6849,68.49%,542,0.8627251966505963,1,Recommended: Top 20%,0.60 to 0.79,60% to 79%,53,blue-collar,single,basic.9y,telephone,jul,2,0,nonexistent,0,0,1,1,1,1,1
test_000109,test,1,Subscribed,0.68358266,6836,68.36%,543,0.862471453945699,1,Recommended: Top 20%,0.60 to 0.79,60% to 79%,32,admin.,single,university.degree,telephone,oct,3,0,nonexistent,0,0,1,1,1,1,1
test_001193,test,1,Subscribed,0.6826653,6827,68.27%,544,0.8622177112408018,1,Recommended: Top 20%,0.60 to 0.79,60% to 79%,51,admin.,single,high.school,telephone,jul,1,0,nonexistent,0,0,1,1,1,1,1
test_002427,test,0,Did Not Subscribe,0.6824053,6824,68.24%,545,0.8619639685359046,1,Recommended: Top 20%,0.60 to 0.79,60% to 79%,49,unemployed,married,university.degree,cellular,apr,1,1,failure,0,0,1,1,1,1,1
test_002753,test,0,Did Not Subscribe,0.682349,6823,68.23%,546,0.8617102258310074,1,Recommended: Top 20%,0.60 to 0.79,60% to 79%,25,technician,single,basic.9y,telephone,jun,2,0,nonexistent,0,0,1,1,1,1,1
test_003905,test,0,Did Not Subscribe,0.67807055,6781,67.81%,547,0.8614564831261101,1,Recommended: Top 20%,0.60 to 0.79,60% to 79%,47,management,married,high.school,cellular,may,1,2,failure,0,0,1,1,1,1,1
test_000090,test,1,Subscribed,0.67744625,6774,67.74%,548,0.8612027404212129,1,Recommended: Top 20%,0.60 to 0.79,60% to 79%,35,admin.,divorced,high.school,telephone,apr,3,1,failure,0,0,1,1,1,1,1
test_002051,test,0,Did Not Subscribe,0.67581326,6758,67.58%,549,0.8609489977163156,1,Recommended: Top 20%,0.60 to 0.79,60% to 79%,37,admin.,married,university.degree,telephone,nov,1,1,success,0,0,1,1,1,1,1
test_000033,test,0,Did Not Subscribe,0.67571366,6757,67.57%,550,0.8606952550114184,1,Recommended: Top 20%,0.60 to 0.79,60% to 79%,23,student,single,high.school,cellular,apr,2,0,nonexistent,0,0,1,1,1,1,1
test_001450,test,0,Did Not Subscribe,0.6747856,6748,67.48%,551,0.8604415123065212,1,Recommended: Top 20%,0.60 to 0.79,60% to 79%,36,management,married,basic.4y,cellular,oct,3,0,nonexistent,0,0,1,1,1,1,1
test_001961,test,0,Did Not Subscribe,0.6745798,6746,67.46%,552,0.860187769601624,1,Recommended: Top 20%,0.60 to 0.79,60% to 79%,52,blue-collar,married,basic.4y,cellular,apr,1,0,nonexistent,0,0,1,1,1,1,1
test_003426,test,0,Did Not Subscribe,0.67101926,6710,67.10%,553,0.8599340268967267,1,Recommended: Top 20%,0.60 to 0.79,60% to 79%,26,admin.,single,high.school,telephone,aug,1,0,nonexistent,0,0,1,1,1,1,1
test_003059,test,0,Did Not Subscribe,0.66917056,6692,66.92%,554,0.8596802841918295,1,Recommended: Top 20%,0.60 to 0.79,60% to 79%,52,admin.,married,university.degree,cellular,may,2,0,nonexistent,0,0,1,1,1,1,1
test_003402,test,1,Subscribed,0.66613483,6661,66.61%,555,0.8594265414869322,1,Recommended: Top 20%,0.60 to 0.79,60% to 79%,34,blue-collar,married,high.school,cellular,may,1,2,success,0,0,1,1,1,1,1
test_001509,test,1,Subscribed,0.66372293,6637,66.37%,556,0.859172798782035,1,Recommended: Top 20%,0.60 to 0.79,60% to 79%,53,admin.,single,university.degree,telephone,nov,3,1,failure,0,0,1,1,1,1,1
test_001866,test,1,Subscribed,0.6625852,6626,66.26%,557,0.8589190560771378,1,Recommended: Top 20%,0.60 to 0.79,60% to 79%,23,technician,single,professional.course,telephone,jul,4,0,nonexistent,0,0,1,1,1,1,1
test_002591,test,0,Did Not Subscribe,0.6611713,6612,66.12%,558,0.8586653133722406,1,Recommended: Top 20%,0.60 to 0.79,60% to 79%,26,self-employed,single,university.degree,cellular,aug,2,1,failure,0,0,1,1,1,1,1
test_003761,test,0,Did Not Subscribe,0.66066074,6607,66.07%,559,0.8584115706673433,1,Recommended: Top 20%,0.60 to 0.79,60% to 79%,58,retired,divorced,basic.4y,telephone,aug,1,0,nonexistent,0,0,1,1,1,1,1
test_003077,test,0,Did Not Subscribe,0.66047007,6605,66.05%,560,0.8581578279624461,1,Recommended: Top 20%,0.60 to 0.79,60% to 79%,35,admin.,single,university.degree,telephone,aug,3,0,nonexistent,0,0,1,1,1,1,1
test_002596,test,0,Did Not Subscribe,0.660341,6603,66.03%,561,0.8579040852575488,1,Recommended: Top 20%,0.60 to 0.79,60% to 79%,34,management,married,university.degree,cellular,apr,2,0,nonexistent,0,0,1,1,1,1,1
test_000421,test,1,Subscribed,0.65939677,6594,65.94%,562,0.8576503425526516,1,Recommended: Top 20%,0.60 to 0.79,60% to 79%,56,self-employed,married,university.degree,cellular,apr,2,0,nonexistent,0,0,1,1,1,1,1
test_003098,test,0,Did Not Subscribe,0.6569623,6570,65.70%,563,0.8573965998477544,1,Recommended: Top 20%,0.60 to 0.79,60% to 79%,24,admin.,single,professional.course,cellular,apr,6,0,nonexistent,0,0,1,1,1,1,1
test_003264,test,0,Did Not Subscribe,0.6566521,6567,65.67%,564,0.8571428571428572,1,Recommended: Top 20%,0.60 to 0.79,60% to 79%,49,admin.,married,unknown,cellular,apr,3,0,nonexistent,0,0,1,1,1,1,1
test_001835,test,0,Did Not Subscribe,0.6548494,6548,65.48%,565,0.8568891144379599,1,Recommended: Top 20%,0.60 to 0.79,60% to 79%,45,management,married,university.degree,telephone,jul,2,1,failure,0,0,1,1,1,1,1
test_002383,test,1,Subscribed,0.6544312,6544,65.44%,566,0.8566353717330627,1,Recommended: Top 20%,0.60 to 0.79,60% to 79%,27,admin.,single,university.degree,cellular,apr,2,0,nonexistent,0,0,1,1,1,1,1
test_001639,test,0,Did Not Subscribe,0.6538913,6539,65.39%,567,0.8563816290281654,1,Recommended: Top 20%,0.60 to 0.79,60% to 79%,25,admin.,single,university.degree,telephone,aug,3,0,nonexistent,0,0,1,1,1,1,1
test_002938,test,0,Did Not Subscribe,0.65359664,6536,65.36%,568,0.8561278863232682,1,Recommended: Top 20%,0.60 to 0.79,60% to 79%,63,retired,married,university.degree,telephone,aug,3,0,nonexistent,0,0,1,1,1,1,1
test_003198,test,1,Subscribed,0.6526802,6527,65.27%,569,0.855874143618371,1,Recommended: Top 20%,0.60 to 0.79,60% to 79%,26,technician,single,professional.course,cellular,apr,1,0,nonexistent,0,0,1,1,1,1,1
test_003403,test,0,Did Not Subscribe,0.6523072,6523,65.23%,570,0.8556204009134738,1,Recommended: Top 20%,0.60 to 0.79,60% to 79%,31,student,single,high.school,cellular,apr,3,0,nonexistent,0,0,1,1,1,1,1
test_002683,test,0,Did Not Subscribe,0.64895654,6490,64.90%,571,0.8553666582085765,1,Recommended: Top 20%,0.60 to 0.79,60% to 79%,30,admin.,married,university.degree,cellular,apr,3,1,failure,0,0,1,1,1,1,1
test_003460,test,0,Did Not Subscribe,0.648797,6488,64.88%,572,0.8551129155036793,1,Recommended: Top 20%,0.60 to 0.79,60% to 79%,44,blue-collar,married,professional.course,cellular,oct,1,2,failure,0,0,1,1,1,1,1
test_002690,test,1,Subscribed,0.6483147,6483,64.83%,573,0.854859172798782,1,Recommended: Top 20%,0.60 to 0.79,60% to 79%,24,technician,single,professional.course,cellular,sep,5,3,failure,0,0,1,1,1,1,1
test_001834,test,1,Subscribed,0.64672595,6467,64.67%,574,0.8546054300938848,1,Recommended: Top 20%,0.60 to 0.79,60% to 79%,22,admin.,single,university.degree,cellular,sep,2,3,failure,0,0,1,1,1,1,1
test_003136,test,0,Did Not Subscribe,0.6465982,6466,64.66%,575,0.8543516873889876,1,Recommended: Top 20%,0.60 to 0.79,60% to 79%,45,blue-collar,married,basic.9y,cellular,may,4,0,nonexistent,0,0,1,1,1,1,1
test_000312,test,1,Subscribed,0.6465665,6466,64.66%,576,0.8540979446840904,1,Recommended: Top 20%,0.60 to 0.79,60% to 79%,88,retired,divorced,basic.4y,cellular,mar,7,0,nonexistent,0,0,1,1,1,1,1
test_001054,test,1,Subscribed,0.6440305,6440,64.40%,577,0.8538442019791931,1,Recommended: Top 20%,0.60 to 0.79,60% to 79%,66,retired,married,basic.4y,cellular,apr,11,0,nonexistent,0,0,1,1,1,1,1
test_000633,test,1,Subscribed,0.64362824,6436,64.36%,578,0.8535904592742959,1,Recommended: Top 20%,0.60 to 0.79,60% to 79%,34,unemployed,single,university.degree,cellular,nov,5,1,failure,0,0,1,1,1,1,1
test_002599,test,0,Did Not Subscribe,0.64311147,6431,64.31%,579,0.8533367165693986,1,Recommended: Top 20%,0.60 to 0.79,60% to 79%,33,admin.,married,university.degree,telephone,jun,1,0,nonexistent,0,0,1,1,1,1,1
test_000418,test,1,Subscribed,0.6408981,6409,64.09%,580,0.8530829738645014,1,Recommended: Top 20%,0.60 to 0.79,60% to 79%,92,retired,divorced,unknown,cellular,may,3,1,failure,0,0,1,1,1,1,1
test_001337,test,0,Did Not Subscribe,0.64039594,6404,64.04%,581,0.8528292311596042,1,Recommended: Top 20%,0.60 to 0.79,60% to 79%,68,retired,married,university.degree,cellular,may,2,0,nonexistent,0,0,1,1,1,1,1
test_001340,test,0,Did Not Subscribe,0.6391415,6391,63.91%,582,0.852575488454707,1,Recommended: Top 20%,0.60 to 0.79,60% to 79%,39,technician,married,basic.6y,cellular,apr,3,0,nonexistent,0,0,1,1,1,1,1
test_001427,test,1,Subscribed,0.63859457,6386,63.86%,583,0.8523217457498097,1,Recommended: Top 20%,0.60 to 0.79,60% to 79%,21,self-employed,single,university.degree,cellular,apr,1,0,nonexistent,0,0,1,1,1,1,1
test_002557,test,1,Subscribed,0.6379078,6379,63.79%,584,0.8520680030449125,1,Recommended: Top 20%,0.60 to 0.79,60% to 79%,43,admin.,married,university.degree,cellular,apr,4,0,nonexistent,0,0,1,1,1,1,1
test_003400,test,0,Did Not Subscribe,0.63506085,6351,63.51%,585,0.8518142603400152,1,Recommended: Top 20%,0.60 to 0.79,60% to 79%,42,services,single,basic.6y,cellular,apr,3,0,nonexistent,0,0,1,1,1,1,1
test_003748,test,0,Did Not Subscribe,0.63484794,6348,63.48%,586,0.851560517635118,1,Recommended: Top 20%,0.60 to 0.79,60% to 79%,28,blue-collar,single,basic.9y,cellular,apr,2,0,nonexistent,0,0,1,1,1,1,1
test_000447,test,0,Did Not Subscribe,0.63448983,6345,63.45%,587,0.8513067749302208,1,Recommended: Top 20%,0.60 to 0.79,60% to 79%,55,blue-collar,single,basic.4y,cellular,apr,2,0,nonexistent,0,0,1,1,1,1,1
test_002898,test,0,Did Not Subscribe,0.6330591,6331,63.31%,588,0.8510530322253236,1,Recommended: Top 20%,0.60 to 0.79,60% to 79%,35,blue-collar,married,high.school,telephone,jul,1,0,nonexistent,0,0,1,1,1,1,1
test_000818,test,0,Did Not Subscribe,0.6323587,6324,63.24%,589,0.8507992895204263,1,Recommended: Top 20%,0.60 to 0.79,60% to 79%,58,admin.,married,university.degree,telephone,aug,2,0,nonexistent,0,0,1,1,1,1,1
test_003778,test,0,Did Not Subscribe,0.6310891,6311,63.11%,590,0.8505455468155291,1,Recommended: Top 20%,0.60 to 0.79,60% to 79%,22,admin.,married,high.school,cellular,apr,2,0,nonexistent,0,0,1,1,1,1,1
test_000120,test,0,Did Not Subscribe,0.6287953,6288,62.88%,591,0.8502918041106318,1,Recommended: Top 20%,0.60 to 0.79,60% to 79%,30,technician,single,professional.course,telephone,jun,1,0,nonexistent,0,0,1,1,1,1,1
test_002742,test,0,Did Not Subscribe,0.6282976,6283,62.83%,592,0.8500380614057346,1,Recommended: Top 20%,0.60 to 0.79,60% to 79%,48,blue-collar,married,basic.4y,cellular,may,1,1,success,0,0,1,1,1,1,1
test_002827,test,0,Did Not Subscribe,0.62793887,6279,62.79%,593,0.8497843187008374,1,Recommended: Top 20%,0.60 to 0.79,60% to 79%,28,blue-collar,single,basic.9y,cellular,apr,2,0,nonexistent,0,0,0,1,1,1,1
test_001449,test,1,Subscribed,0.6279291,6279,62.79%,594,0.8495305759959402,1,Recommended: Top 20%,0.60 to 0.79,60% to 79%,38,admin.,divorced,university.degree,cellular,apr,1,0,nonexistent,0,0,0,1,1,1,1
test_003124,test,0,Did Not Subscribe,0.6275579,6276,62.76%,595,0.8492768332910429,1,Recommended: Top 20%,0.60 to 0.79,60% to 79%,45,admin.,divorced,university.degree,telephone,sep,1,0,nonexistent,0,0,0,1,1,1,1
test_002475,test,1,Subscribed,0.62671417,6267,62.67%,596,0.8490230905861457,1,Recommended: Top 20%,0.60 to 0.79,60% to 79%,37,services,single,high.school,cellular,apr,1,0,nonexistent,0,0,0,1,1,1,1
test_001734,test,0,Did Not Subscribe,0.626608,6266,62.66%,597,0.8487693478812484,1,Recommended: Top 20%,0.60 to 0.79,60% to 79%,26,student,single,high.school,cellular,may,1,0,nonexistent,0,0,0,1,1,1,1
test_002244,test,1,Subscribed,0.62658733,6266,62.66%,598,0.8485156051763512,1,Recommended: Top 20%,0.60 to 0.79,60% to 79%,50,admin.,single,high.school,telephone,dec,2,0,nonexistent,0,0,0,1,1,1,1
test_000203,test,0,Did Not Subscribe,0.62397367,6240,62.40%,599,0.848261862471454,1,Recommended: Top 20%,0.60 to 0.79,60% to 79%,43,blue-collar,married,basic.9y,cellular,may,1,1,success,0,0,0,1,1,1,1
test_003526,test,0,Did Not Subscribe,0.6220619,6221,62.21%,600,0.8480081197665568,1,Recommended: Top 20%,0.60 to 0.79,60% to 79%,46,technician,single,basic.9y,cellular,apr,1,0,nonexistent,0,0,0,1,1,1,1
test_003796,test,1,Subscribed,0.6194988,6195,61.95%,601,0.8477543770616595,1,Recommended: Top 20%,0.60 to 0.79,60% to 79%,47,housemaid,single,professional.course,cellular,apr,2,0,nonexistent,0,0,0,1,1,1,1
test_000022,test,0,Did Not Subscribe,0.6191226,6191,61.91%,602,0.8475006343567623,1,Recommended: Top 20%,0.60 to 0.79,60% to 79%,54,blue-collar,married,basic.4y,cellular,may,3,0,nonexistent,0,0,0,1,1,1,1
test_002594,test,0,Did Not Subscribe,0.6177421,6177,61.77%,603,0.847246891651865,1,Recommended: Top 20%,0.60 to 0.79,60% to 79%,58,retired,married,university.degree,telephone,may,2,0,nonexistent,0,0,0,1,1,1,1
test_001182,test,0,Did Not Subscribe,0.6173166,6173,61.73%,604,0.8469931489469678,1,Recommended: Top 20%,0.60 to 0.79,60% to 79%,24,technician,single,high.school,cellular,apr,1,0,nonexistent,0,0,0,1,1,1,1
test_001031,test,0,Did Not Subscribe,0.61727583,6173,61.73%,605,0.8467394062420706,1,Recommended: Top 20%,0.60 to 0.79,60% to 79%,21,unemployed,single,high.school,telephone,aug,2,0,nonexistent,0,0,0,1,1,1,1
test_001672,test,0,Did Not Subscribe,0.6164633,6165,61.65%,606,0.8464856635371734,1,Recommended: Top 20%,0.60 to 0.79,60% to 79%,24,blue-collar,single,high.school,cellular,sep,1,3,failure,0,0,0,1,1,1,1
test_002082,test,1,Subscribed,0.6163361,6163,61.63%,607,0.846231920832276,1,Recommended: Top 20%,0.60 to 0.79,60% to 79%,32,management,single,university.degree,cellular,apr,1,0,nonexistent,0,0,0,1,1,1,1
test_003215,test,0,Did Not Subscribe,0.615936,6159,61.59%,608,0.8459781781273789,1,Recommended: Top 20%,0.60 to 0.79,60% to 79%,39,blue-collar,single,basic.9y,cellular,may,3,0,nonexistent,0,0,0,1,1,1,1
test_002521,test,0,Did Not Subscribe,0.61294883,6129,61.29%,609,0.8457244354224815,1,Recommended: Top 20%,0.60 to 0.79,60% to 79%,47,management,married,university.degree,cellular,aug,2,6,failure,0,0,0,1,1,1,1
test_002780,test,0,Did Not Subscribe,0.6117169,6117,61.17%,610,0.8454706927175843,1,Recommended: Top 20%,0.60 to 0.79,60% to 79%,71,retired,married,basic.4y,telephone,apr,8,0,nonexistent,0,0,0,1,1,1,1
test_003617,test,1,Subscribed,0.6112701,6113,61.13%,611,0.8452169500126872,1,Recommended: Top 20%,0.60 to 0.79,60% to 79%,26,admin.,single,high.school,cellular,apr,1,0,nonexistent,0,0,0,1,1,1,1
test_003625,test,0,Did Not Subscribe,0.61014384,6101,61.01%,612,0.84496320730779,1,Recommended: Top 20%,0.60 to 0.79,60% to 79%,26,student,single,high.school,cellular,may,2,0,nonexistent,0,0,0,1,1,1,1
test_002200,test,0,Did Not Subscribe,0.6096292,6096,60.96%,613,0.8447094646028926,1,Recommended: Top 20%,0.60 to 0.79,60% to 79%,32,admin.,married,high.school,telephone,oct,1,0,nonexistent,0,0,0,1,1,1,1
test_002320,test,0,Did Not Subscribe,0.608279,6083,60.83%,614,0.8444557218979954,1,Recommended: Top 20%,0.60 to 0.79,60% to 79%,29,blue-collar,single,high.school,cellular,apr,1,1,failure,0,0,0,1,1,1,1
test_002101,test,1,Subscribed,0.60826004,6083,60.83%,615,0.8442019791930981,1,Recommended: Top 20%,0.60 to 0.79,60% to 79%,60,blue-collar,married,basic.9y,cellular,may,1,1,failure,0,0,0,1,1,1,1
test_002656,test,0,Did Not Subscribe,0.60452056,6045,60.45%,616,0.8439482364882009,1,Recommended: Top 20%,0.60 to 0.79,60% to 79%,35,management,married,university.degree,telephone,jul,1,1,failure,0,0,0,1,1,1,1
test_000238,test,0,Did Not Subscribe,0.60152036,6015,60.15%,617,0.8436944937833037,1,Recommended: Top 20%,0.60 to 0.79,60% to 79%,31,blue-collar,single,basic.9y,telephone,oct,1,0,nonexistent,0,0,0,1,1,1,1
test_002285,test,0,Did Not Subscribe,0.6011826,6012,60.12%,618,0.8434407510784065,1,Recommended: Top 20%,0.60 to 0.79,60% to 79%,41,blue-collar,married,basic.6y,cellular,apr,2,0,nonexistent,0,0,0,1,1,1,1
test_002531,test,0,Did Not Subscribe,0.60112447,6011,60.11%,619,0.8431870083735092,1,Recommended: Top 20%,0.60 to 0.79,60% to 79%,32,technician,single,university.degree,cellular,may,1,0,nonexistent,0,0,0,1,1,1,1
test_001671,test,0,Did Not Subscribe,0.6008764,6009,60.09%,620,0.842933265668612,1,Recommended: Top 20%,0.60 to 0.79,60% to 79%,30,technician,single,university.degree,cellular,may,1,0,nonexistent,0,0,0,1,1,1,1
test_002140,test,0,Did Not Subscribe,0.59868187,5987,59.87%,621,0.8426795229637147,1,Recommended: Top 20%,0.40 to 0.59,40% to 59%,31,admin.,married,high.school,cellular,apr,2,0,nonexistent,0,0,0,1,1,1,1
test_000162,test,0,Did Not Subscribe,0.59851617,5985,59.85%,622,0.8424257802588175,1,Recommended: Top 20%,0.40 to 0.59,40% to 59%,25,student,single,high.school,cellular,may,3,0,nonexistent,0,0,0,1,1,1,1
test_001626,test,0,Did Not Subscribe,0.59734184,5973,59.73%,623,0.8421720375539203,1,Recommended: Top 20%,0.40 to 0.59,40% to 59%,39,self-employed,married,professional.course,cellular,apr,1,0,nonexistent,0,0,0,1,1,1,1
test_001845,test,0,Did Not Subscribe,0.59591514,5959,59.59%,624,0.8419182948490231,1,Recommended: Top 20%,0.40 to 0.59,40% to 59%,36,admin.,married,high.school,cellular,apr,2,0,nonexistent,0,0,0,1,1,1,1
test_000076,test,0,Did Not Subscribe,0.59551,5955,59.55%,625,0.8416645521441258,1,Recommended: Top 20%,0.40 to 0.59,40% to 59%,55,management,divorced,university.degree,cellular,apr,3,0,nonexistent,0,0,0,1,1,1,1
test_002640,test,0,Did Not Subscribe,0.5948191,5948,59.48%,626,0.8414108094392286,1,Recommended: Top 20%,0.40 to 0.59,40% to 59%,30,technician,married,professional.course,cellular,may,2,0,nonexistent,0,0,0,1,1,1,1
test_002017,test,0,Did Not Subscribe,0.59448373,5945,59.45%,627,0.8411570667343313,1,Recommended: Top 20%,0.40 to 0.59,40% to 59%,33,unemployed,married,university.degree,telephone,jul,1,0,nonexistent,0,0,0,1,1,1,1
test_002708,test,0,Did Not Subscribe,0.59315944,5932,59.32%,628,0.8409033240294341,1,Recommended: Top 20%,0.40 to 0.59,40% to 59%,26,admin.,married,high.school,cellular,apr,1,0,nonexistent,0,0,0,1,1,1,1
test_002327,test,1,Subscribed,0.5931454,5931,59.31%,629,0.8406495813245369,1,Recommended: Top 20%,0.40 to 0.59,40% to 59%,30,technician,single,university.degree,telephone,jun,1,2,failure,0,0,0,1,1,1,1
test_001480,test,0,Did Not Subscribe,0.5901642,5902,59.02%,630,0.8403958386196397,1,Recommended: Top 20%,0.40 to 0.59,40% to 59%,31,entrepreneur,married,university.degree,cellular,may,3,0,nonexistent,0,0,0,1,1,1,1
test_003563,test,0,Did Not Subscribe,0.5900551,5901,59.01%,631,0.8401420959147424,1,Recommended: Top 20%,0.40 to 0.59,40% to 59%,40,management,married,basic.6y,cellular,apr,1,0,nonexistent,0,0,0,1,1,1,1
test_003607,test,0,Did Not Subscribe,0.588942,5889,58.89%,632,0.8398883532098452,1,Recommended: Top 20%,0.40 to 0.59,40% to 59%,35,blue-collar,married,basic.9y,cellular,apr,1,0,nonexistent,0,0,0,1,1,1,1
test_002663,test,0,Did Not Subscribe,0.5878704,5879,58.79%,633,0.8396346105049479,1,Recommended: Top 20%,0.40 to 0.59,40% to 59%,26,blue-collar,single,high.school,cellular,may,3,0,nonexistent,0,0,0,1,1,1,1
test_001964,test,0,Did Not Subscribe,0.5874067,5874,58.74%,634,0.8393808678000507,1,Recommended: Top 20%,0.40 to 0.59,40% to 59%,39,admin.,married,high.school,cellular,nov,1,1,failure,0,0,0,1,1,1,1
test_000267,test,0,Did Not Subscribe,0.58463883,5846,58.46%,635,0.8391271250951535,1,Recommended: Top 20%,0.40 to 0.59,40% to 59%,31,admin.,married,high.school,cellular,apr,2,0,nonexistent,0,0,0,1,1,1,1
test_001475,test,1,Subscribed,0.58279765,5828,58.28%,636,0.8388733823902563,1,Recommended: Top 20%,0.40 to 0.59,40% to 59%,42,technician,married,high.school,cellular,apr,1,0,nonexistent,0,0,0,1,1,1,1
test_003381,test,0,Did Not Subscribe,0.5821795,5822,58.22%,637,0.838619639685359,1,Recommended: Top 20%,0.40 to 0.59,40% to 59%,44,admin.,single,university.degree,cellular,apr,2,0,nonexistent,0,0,0,1,1,1,1
test_001536,test,1,Subscribed,0.582002,5820,58.20%,638,0.8383658969804618,1,Recommended: Top 20%,0.40 to 0.59,40% to 59%,59,self-employed,married,professional.course,cellular,apr,1,0,nonexistent,0,0,0,1,1,1,1
test_003546,test,0,Did Not Subscribe,0.5817574,5818,58.18%,639,0.8381121542755645,1,Recommended: Top 20%,0.40 to 0.59,40% to 59%,23,student,single,high.school,cellular,may,1,0,nonexistent,0,0,0,1,1,1,1
test_003737,test,1,Subscribed,0.5813146,5813,58.13%,640,0.8378584115706673,1,Recommended: Top 20%,0.40 to 0.59,40% to 59%,73,retired,married,university.degree,cellular,nov,7,0,nonexistent,0,0,0,1,1,1,1
test_000645,test,1,Subscribed,0.5809716,5810,58.10%,641,0.8376046688657701,1,Recommended: Top 20%,0.40 to 0.59,40% to 59%,30,entrepreneur,married,high.school,cellular,may,1,0,nonexistent,0,0,0,1,1,1,1
test_003081,test,0,Did Not Subscribe,0.58071685,5807,58.07%,642,0.8373509261608729,1,Recommended: Top 20%,0.40 to 0.59,40% to 59%,47,technician,divorced,professional.course,cellular,apr,2,0,nonexistent,0,0,0,1,1,1,1
test_003396,test,0,Did Not Subscribe,0.5796213,5796,57.96%,643,0.8370971834559756,1,Recommended: Top 20%,0.40 to 0.59,40% to 59%,29,blue-collar,married,basic.9y,cellular,may,1,0,nonexistent,0,0,0,1,1,1,1
test_001228,test,0,Did Not Subscribe,0.5791014,5791,57.91%,644,0.8368434407510784,1,Recommended: Top 20%,0.40 to 0.59,40% to 59%,36,blue-collar,divorced,basic.9y,cellular,may,1,1,success,0,0,0,1,1,1,1
test_001936,test,0,Did Not Subscribe,0.57905954,5791,57.91%,645,0.8365896980461811,1,Recommended: Top 20%,0.40 to 0.59,40% to 59%,48,blue-collar,single,basic.9y,cellular,apr,1,0,nonexistent,0,0,0,1,1,1,1
test_002409,test,0,Did Not Subscribe,0.5786205,5786,57.86%,646,0.8363359553412839,1,Recommended: Top 20%,0.40 to 0.59,40% to 59%,23,admin.,single,professional.course,cellular,may,3,0,nonexistent,0,0,0,1,1,1,1
test_003379,test,0,Did Not Subscribe,0.57851064,5785,57.85%,647,0.8360822126363867,1,Recommended: Top 20%,0.40 to 0.59,40% to 59%,30,student,single,university.degree,cellular,apr,6,0,nonexistent,0,0,0,1,1,1,1
test_000080,test,0,Did Not Subscribe,0.5770557,5771,57.71%,648,0.8358284699314895,1,Recommended: Top 20%,0.40 to 0.59,40% to 59%,55,admin.,married,basic.4y,cellular,apr,1,0,nonexistent,0,0,0,1,1,1,1
test_001988,test,0,Did Not Subscribe,0.5770061,5770,57.70%,649,0.8355747272265922,1,Recommended: Top 20%,0.40 to 0.59,40% to 59%,27,admin.,married,high.school,cellular,may,3,0,nonexistent,0,0,0,1,1,1,1
test_003337,test,0,Did Not Subscribe,0.57593477,5759,57.59%,650,0.835320984521695,1,Recommended: Top 20%,0.40 to 0.59,40% to 59%,58,housemaid,married,basic.4y,cellular,may,1,0,nonexistent,0,0,0,1,1,1,1
test_003609,test,0,Did Not Subscribe,0.575458,5755,57.55%,651,0.8350672418167977,1,Recommended: Top 20%,0.40 to 0.59,40% to 59%,41,blue-collar,married,basic.4y,cellular,apr,1,0,nonexistent,0,0,0,1,1,1,1
test_001655,test,0,Did Not Subscribe,0.575416,5754,57.54%,652,0.8348134991119005,1,Recommended: Top 20%,0.40 to 0.59,40% to 59%,28,technician,single,university.degree,cellular,may,2,0,nonexistent,0,0,0,1,1,1,1
test_002954,test,0,Did Not Subscribe,0.57509923,5751,57.51%,653,0.8345597564070033,1,Recommended: Top 20%,0.40 to 0.59,40% to 59%,58,admin.,married,university.degree,cellular,may,1,0,nonexistent,0,0,0,1,1,1,1
test_001317,test,0,Did Not Subscribe,0.5749906,5750,57.50%,654,0.8343060137021061,1,Recommended: Top 20%,0.40 to 0.59,40% to 59%,32,admin.,single,professional.course,cellular,may,4,0,nonexistent,0,0,0,1,1,1,1
test_001245,test,0,Did Not Subscribe,0.57499045,5750,57.50%,655,0.8340522709972088,1,Recommended: Top 20%,0.40 to 0.59,40% to 59%,31,blue-collar,married,basic.6y,cellular,may,1,0,nonexistent,0,0,0,1,1,1,1
test_002167,test,0,Did Not Subscribe,0.57395524,5740,57.40%,656,0.8337985282923116,1,Recommended: Top 20%,0.40 to 0.59,40% to 59%,45,entrepreneur,divorced,university.degree,cellular,may,2,0,nonexistent,0,0,0,1,1,1,1
test_003118,test,0,Did Not Subscribe,0.5731406,5731,57.31%,657,0.8335447855874143,1,Recommended: Top 20%,0.40 to 0.59,40% to 59%,53,retired,married,basic.9y,telephone,apr,3,0,nonexistent,0,0,0,1,1,1,1
test_001736,test,0,Did Not Subscribe,0.5712564,5713,57.13%,658,0.8332910428825171,1,Recommended: Top 20%,0.40 to 0.59,40% to 59%,45,admin.,divorced,basic.9y,cellular,may,1,1,success,0,0,0,1,1,1,1
test_002105,test,0,Did Not Subscribe,0.5711826,5712,57.12%,659,0.8330373001776199,1,Recommended: Top 20%,0.40 to 0.59,40% to 59%,30,unknown,married,professional.course,cellular,may,1,0,nonexistent,0,0,0,1,1,1,1
test_000278,test,1,Subscribed,0.5706896,5707,57.07%,660,0.8327835574727227,1,Recommended: Top 20%,0.40 to 0.59,40% to 59%,23,technician,single,high.school,cellular,may,1,0,nonexistent,0,0,0,1,1,1,1
test_002133,test,1,Subscribed,0.5701873,5702,57.02%,661,0.8325298147678254,1,Recommended: Top 20%,0.40 to 0.59,40% to 59%,33,admin.,married,university.degree,telephone,sep,2,0,nonexistent,0,0,0,1,1,1,1
test_001584,test,0,Did Not Subscribe,0.57011205,5701,57.01%,662,0.8322760720629282,1,Recommended: Top 20%,0.40 to 0.59,40% to 59%,26,services,married,high.school,cellular,may,3,0,nonexistent,0,0,0,1,1,1,1
test_002734,test,0,Did Not Subscribe,0.569813,5698,56.98%,663,0.8320223293580309,1,Recommended: Top 20%,0.40 to 0.59,40% to 59%,71,housemaid,married,unknown,cellular,may,2,1,failure,0,0,0,1,1,1,1
test_001806,test,0,Did Not Subscribe,0.569382,5694,56.94%,664,0.8317685866531337,1,Recommended: Top 20%,0.40 to 0.59,40% to 59%,31,unemployed,single,high.school,cellular,may,2,0,nonexistent,0,0,0,1,1,1,1
test_002364,test,0,Did Not Subscribe,0.5686639,5687,56.87%,665,0.8315148439482365,1,Recommended: Top 20%,0.40 to 0.59,40% to 59%,25,admin.,single,university.degree,cellular,may,1,0,nonexistent,0,0,0,1,1,1,1
test_003271,test,0,Did Not Subscribe,0.5679053,5679,56.79%,666,0.8312611012433393,1,Recommended: Top 20%,0.40 to 0.59,40% to 59%,40,services,married,high.school,cellular,apr,2,0,nonexistent,0,0,0,1,1,1,1
test_001742,test,0,Did Not Subscribe,0.56756693,5676,56.76%,667,0.831007358538442,1,Recommended: Top 20%,0.40 to 0.59,40% to 59%,30,management,married,university.degree,telephone,sep,1,1,failure,0,0,0,1,1,1,1
test_002983,test,0,Did Not Subscribe,0.56709754,5671,56.71%,668,0.8307536158335448,1,Recommended: Top 20%,0.40 to 0.59,40% to 59%,29,admin.,single,university.degree,cellular,aug,12,0,nonexistent,0,0,0,1,1,1,1
test_003476,test,0,Did Not Subscribe,0.56577766,5658,56.58%,669,0.8304998731286476,1,Recommended: Top 20%,0.40 to 0.59,40% to 59%,29,services,single,high.school,cellular,may,1,0,nonexistent,0,0,0,1,1,1,1
test_001061,test,0,Did Not Subscribe,0.56485593,5649,56.49%,670,0.8302461304237503,1,Recommended: Top 20%,0.40 to 0.59,40% to 59%,59,retired,divorced,basic.4y,cellular,may,2,0,nonexistent,0,0,0,1,1,1,1
test_003260,test,0,Did Not Subscribe,0.564044,5640,56.40%,671,0.8299923877188531,1,Recommended: Top 20%,0.40 to 0.59,40% to 59%,21,student,single,high.school,cellular,apr,4,1,failure,0,0,0,1,1,1,1
test_003063,test,0,Did Not Subscribe,0.5635744,5636,56.36%,672,0.8297386450139559,1,Recommended: Top 20%,0.40 to 0.59,40% to 59%,39,management,married,university.degree,cellular,apr,1,0,nonexistent,0,0,0,1,1,1,1
test_003916,test,1,Subscribed,0.56119823,5612,56.12%,673,0.8294849023090586,1,Recommended: Top 20%,0.40 to 0.59,40% to 59%,36,blue-collar,married,unknown,cellular,apr,1,0,nonexistent,0,0,0,1,1,1,1
test_003366,test,1,Subscribed,0.5601978,5602,56.02%,674,0.8292311596041614,1,Recommended: Top 20%,0.40 to 0.59,40% to 59%,40,services,married,high.school,cellular,apr,1,0,nonexistent,0,0,0,1,1,1,1
test_000713,test,0,Did Not Subscribe,0.5601808,5602,56.02%,675,0.8289774168992642,1,Recommended: Top 20%,0.40 to 0.59,40% to 59%,31,blue-collar,single,professional.course,cellular,may,2,0,nonexistent,0,0,0,1,1,1,1
test_000732,test,0,Did Not Subscribe,0.55986845,5599,55.99%,676,0.8287236741943669,1,Recommended: Top 20%,0.40 to 0.59,40% to 59%,54,management,married,university.degree,cellular,may,1,0,nonexistent,0,0,0,1,1,1,1
test_002204,test,0,Did Not Subscribe,0.5597513,5598,55.98%,677,0.8284699314894697,1,Recommended: Top 20%,0.40 to 0.59,40% to 59%,45,blue-collar,married,unknown,cellular,apr,1,0,nonexistent,0,0,0,1,1,1,1
test_000384,test,0,Did Not Subscribe,0.55962867,5596,55.96%,678,0.8282161887845725,1,Recommended: Top 20%,0.40 to 0.59,40% to 59%,35,technician,divorced,university.degree,cellular,may,1,0,nonexistent,0,0,0,1,1,1,1
test_000359,test,0,Did Not Subscribe,0.5592576,5593,55.93%,679,0.8279624460796752,1,Recommended: Top 20%,0.40 to 0.59,40% to 59%,56,retired,married,high.school,cellular,may,2,0,nonexistent,0,0,0,1,1,1,1
test_003090,test,0,Did Not Subscribe,0.5576607,5577,55.77%,680,0.827708703374778,1,Recommended: Top 20%,0.40 to 0.59,40% to 59%,27,admin.,married,professional.course,cellular,may,1,0,nonexistent,0,0,0,1,1,1,1
test_002348,test,0,Did Not Subscribe,0.5575988,5576,55.76%,681,0.8274549606698808,1,Recommended: Top 20%,0.40 to 0.59,40% to 59%,50,admin.,divorced,university.degree,cellular,may,1,0,nonexistent,0,0,0,1,1,1,1
test_000107,test,0,Did Not Subscribe,0.55738556,5574,55.74%,682,0.8272012179649835,1,Recommended: Top 20%,0.40 to 0.59,40% to 59%,33,admin.,divorced,high.school,telephone,aug,1,0,nonexistent,0,0,0,1,1,1,1
test_001294,test,0,Did Not Subscribe,0.55708796,5571,55.71%,683,0.8269474752600863,1,Recommended: Top 20%,0.40 to 0.59,40% to 59%,57,blue-collar,married,high.school,cellular,apr,1,0,nonexistent,0,0,0,1,1,1,1
test_002053,test,0,Did Not Subscribe,0.55688286,5569,55.69%,684,0.8266937325551891,1,Recommended: Top 20%,0.40 to 0.59,40% to 59%,49,admin.,married,university.degree,telephone,may,1,0,nonexistent,0,0,0,1,1,1,1
test_003893,test,0,Did Not Subscribe,0.55605257,5561,55.61%,685,0.8264399898502918,1,Recommended: Top 20%,0.40 to 0.59,40% to 59%,32,blue-collar,single,basic.9y,cellular,may,2,0,nonexistent,0,0,0,1,1,1,1
test_003474,test,0,Did Not Subscribe,0.5554574,5555,55.55%,686,0.8261862471453946,1,Recommended: Top 20%,0.40 to 0.59,40% to 59%,42,entrepreneur,married,basic.9y,cellular,apr,2,0,nonexistent,0,0,0,1,1,1,1
test_002995,test,0,Did Not Subscribe,0.55478376,5548,55.48%,687,0.8259325044404974,1,Recommended: Top 20%,0.40 to 0.59,40% to 59%,45,admin.,divorced,university.degree,cellular,may,1,0,nonexistent,0,0,0,1,1,1,1
test_002835,test,0,Did Not Subscribe,0.5526452,5526,55.26%,688,0.8256787617356001,1,Recommended: Top 20%,0.40 to 0.59,40% to 59%,44,admin.,married,basic.6y,cellular,may,1,0,nonexistent,0,0,0,1,1,1,1
test_001864,test,0,Did Not Subscribe,0.55257446,5526,55.26%,689,0.8254250190307029,1,Recommended: Top 20%,0.40 to 0.59,40% to 59%,49,management,divorced,university.degree,telephone,aug,1,0,nonexistent,0,0,0,1,1,1,1
test_003276,test,1,Subscribed,0.5525123,5525,55.25%,690,0.8251712763258057,1,Recommended: Top 20%,0.40 to 0.59,40% to 59%,55,admin.,married,high.school,cellular,apr,1,1,failure,0,0,0,1,1,1,1
test_000095,test,0,Did Not Subscribe,0.5523704,5524,55.24%,691,0.8249175336209084,1,Recommended: Top 20%,0.40 to 0.59,40% to 59%,30,admin.,single,university.degree,cellular,may,4,1,failure,0,0,0,1,1,1,1
test_001088,test,0,Did Not Subscribe,0.5523693,5524,55.24%,692,0.8246637909160112,1,Recommended: Top 20%,0.40 to 0.59,40% to 59%,59,admin.,divorced,university.degree,cellular,may,1,1,failure,0,0,0,1,1,1,1
test_002744,test,0,Did Not Subscribe,0.55200857,5520,55.20%,693,0.824410048211114,1,Recommended: Top 20%,0.40 to 0.59,40% to 59%,30,services,single,high.school,cellular,may,2,0,nonexistent,0,0,0,1,1,1,1
test_002760,test,0,Did Not Subscribe,0.55053914,5505,55.05%,694,0.8241563055062167,1,Recommended: Top 20%,0.40 to 0.59,40% to 59%,29,admin.,married,university.degree,cellular,may,2,0,nonexistent,0,0,0,1,1,1,1
test_003226,test,0,Did Not Subscribe,0.5492102,5492,54.92%,695,0.8239025628013195,1,Recommended: Top 20%,0.40 to 0.59,40% to 59%,29,self-employed,married,university.degree,cellular,may,2,0,nonexistent,0,0,0,1,1,1,1
test_000533,test,0,Did Not Subscribe,0.5488489,5488,54.88%,696,0.8236488200964223,1,Recommended: Top 20%,0.40 to 0.59,40% to 59%,27,services,married,university.degree,cellular,may,1,0,nonexistent,0,0,0,1,1,1,1
test_001021,test,1,Subscribed,0.5488489,5488,54.88%,697,0.823395077391525,1,Recommended: Top 20%,0.40 to 0.59,40% to 59%,27,services,married,university.degree,cellular,may,1,0,nonexistent,0,0,0,1,1,1,1
test_002777,test,0,Did Not Subscribe,0.5483004,5483,54.83%,698,0.8231413346866278,1,Recommended: Top 20%,0.40 to 0.59,40% to 59%,33,retired,married,high.school,cellular,may,2,0,nonexistent,0,0,0,1,1,1,1
test_002801,test,0,Did Not Subscribe,0.5478354,5478,54.78%,699,0.8228875919817306,1,Recommended: Top 20%,0.40 to 0.59,40% to 59%,25,management,married,university.degree,cellular,may,2,0,nonexistent,0,0,0,1,1,1,1
test_002615,test,0,Did Not Subscribe,0.5473476,5473,54.73%,700,0.8226338492768333,1,Recommended: Top 20%,0.40 to 0.59,40% to 59%,23,student,single,high.school,cellular,may,1,0,nonexistent,0,0,0,1,1,1,1
test_002058,test,0,Did Not Subscribe,0.5472463,5472,54.72%,701,0.822380106571936,1,Recommended: Top 20%,0.40 to 0.59,40% to 59%,38,admin.,unknown,university.degree,cellular,apr,1,0,nonexistent,0,0,0,1,1,1,1
test_001265,test,0,Did Not Subscribe,0.54724014,5472,54.72%,702,0.8221263638670389,1,Recommended: Top 20%,0.40 to 0.59,40% to 59%,25,technician,single,basic.9y,cellular,may,4,0,nonexistent,0,0,0,1,1,1,1
test_002973,test,0,Did Not Subscribe,0.54721516,5472,54.72%,703,0.8218726211621415,1,Recommended: Top 20%,0.40 to 0.59,40% to 59%,40,technician,single,professional.course,cellular,may,1,0,nonexistent,0,0,0,1,1,1,1
test_000642,test,0,Did Not Subscribe,0.5471791,5472,54.72%,704,0.8216188784572444,1,Recommended: Top 20%,0.40 to 0.59,40% to 59%,35,blue-collar,married,basic.6y,cellular,apr,3,0,nonexistent,0,0,0,1,1,1,1
test_000938,test,0,Did Not Subscribe,0.54671335,5467,54.67%,705,0.8213651357523472,1,Recommended: Top 20%,0.40 to 0.59,40% to 59%,28,blue-collar,married,basic.9y,cellular,may,1,0,nonexistent,0,0,0,1,1,1,1
test_000552,test,0,Did Not Subscribe,0.5464356,5464,54.64%,706,0.8211113930474498,1,Recommended: Top 20%,0.40 to 0.59,40% to 59%,41,blue-collar,married,basic.6y,cellular,may,1,0,nonexistent,0,0,0,1,1,1,1
test_001744,test,0,Did Not Subscribe,0.5462554,5463,54.63%,707,0.8208576503425526,1,Recommended: Top 20%,0.40 to 0.59,40% to 59%,33,blue-collar,single,high.school,cellular,may,1,0,nonexistent,0,0,0,1,1,1,1
test_002113,test,0,Did Not Subscribe,0.54558724,5456,54.56%,708,0.8206039076376554,1,Recommended: Top 20%,0.40 to 0.59,40% to 59%,29,admin.,married,university.degree,cellular,may,2,0,nonexistent,0,0,0,1,1,1,1
test_003082,test,0,Did Not Subscribe,0.54533774,5453,54.53%,709,0.8203501649327583,1,Recommended: Top 20%,0.40 to 0.59,40% to 59%,30,unemployed,married,high.school,telephone,may,4,0,nonexistent,0,0,0,1,1,1,1
test_001390,test,0,Did Not Subscribe,0.5452163,5452,54.52%,710,0.8200964222278609,1,Recommended: Top 20%,0.40 to 0.59,40% to 59%,52,admin.,married,unknown,telephone,sep,13,2,failure,0,0,0,1,1,1,1
test_002374,test,0,Did Not Subscribe,0.54401714,5440,54.40%,711,0.8198426795229637,1,Recommended: Top 20%,0.40 to 0.59,40% to 59%,41,services,married,high.school,cellular,apr,2,0,nonexistent,0,0,0,1,1,1,1
test_003035,test,0,Did Not Subscribe,0.5421764,5422,54.22%,712,0.8195889368180664,1,Recommended: Top 20%,0.40 to 0.59,40% to 59%,41,admin.,single,professional.course,cellular,apr,1,0,nonexistent,0,0,0,1,1,1,1
test_000594,test,0,Did Not Subscribe,0.5417711,5418,54.18%,713,0.8193351941131692,1,Recommended: Top 20%,0.40 to 0.59,40% to 59%,52,services,divorced,high.school,cellular,apr,2,0,nonexistent,0,0,0,1,1,1,1
test_002152,test,0,Did Not Subscribe,0.5417283,5417,54.17%,714,0.819081451408272,1,Recommended: Top 20%,0.40 to 0.59,40% to 59%,31,admin.,single,university.degree,cellular,may,1,0,nonexistent,0,0,0,1,1,1,1
test_002566,test,1,Subscribed,0.541017,5410,54.10%,715,0.8188277087033748,1,Recommended: Top 20%,0.40 to 0.59,40% to 59%,31,admin.,single,high.school,cellular,may,2,0,nonexistent,0,0,0,1,1,1,1
test_001225,test,0,Did Not Subscribe,0.5410147,5410,54.10%,716,0.8185739659984775,1,Recommended: Top 20%,0.40 to 0.59,40% to 59%,29,blue-collar,single,high.school,cellular,may,1,0,nonexistent,0,0,0,1,1,1,1
test_001592,test,0,Did Not Subscribe,0.54080534,5408,54.08%,717,0.8183202232935803,1,Recommended: Top 20%,0.40 to 0.59,40% to 59%,46,admin.,single,university.degree,cellular,may,1,0,nonexistent,0,0,0,1,1,1,1
test_000296,test,0,Did Not Subscribe,0.54015005,5402,54.02%,718,0.818066480588683,1,Recommended: Top 20%,0.40 to 0.59,40% to 59%,53,admin.,married,high.school,cellular,may,1,0,nonexistent,0,0,0,1,1,1,1
test_002539,test,0,Did Not Subscribe,0.5400276,5400,54.00%,719,0.8178127378837858,1,Recommended: Top 20%,0.40 to 0.59,40% to 59%,27,blue-collar,single,basic.9y,cellular,may,2,1,failure,0,0,0,1,1,1,1
test_001016,test,0,Did Not Subscribe,0.5395772,5396,53.96%,720,0.8175589951788886,1,Recommended: Top 20%,0.40 to 0.59,40% to 59%,20,technician,single,professional.course,cellular,may,2,0,nonexistent,0,0,0,1,1,1,1
test_002582,test,0,Did Not Subscribe,0.5394635,5395,53.95%,721,0.8173052524739914,1,Recommended: Top 20%,0.40 to 0.59,40% to 59%,50,management,married,basic.6y,cellular,apr,2,0,nonexistent,0,0,0,1,1,1,1
test_001650,test,0,Did Not Subscribe,0.5391535,5392,53.92%,722,0.8170515097690941,1,Recommended: Top 20%,0.40 to 0.59,40% to 59%,24,services,single,high.school,cellular,may,1,0,nonexistent,0,0,0,1,1,1,1
test_003310,test,0,Did Not Subscribe,0.5385841,5386,53.86%,723,0.8167977670641969,1,Recommended: Top 20%,0.40 to 0.59,40% to 59%,39,admin.,single,high.school,cellular,apr,1,0,nonexistent,0,0,0,1,1,1,1
test_003592,test,0,Did Not Subscribe,0.5383691,5384,53.84%,724,0.8165440243592996,1,Recommended: Top 20%,0.40 to 0.59,40% to 59%,32,blue-collar,married,basic.9y,cellular,apr,1,0,nonexistent,0,0,0,1,1,1,1
test_001060,test,0,Did Not Subscribe,0.53834367,5383,53.83%,725,0.8162902816544024,1,Recommended: Top 20%,0.40 to 0.59,40% to 59%,40,admin.,single,university.degree,cellular,may,2,0,nonexistent,0,0,0,1,1,1,1
test_001971,test,0,Did Not Subscribe,0.53657335,5366,53.66%,726,0.8160365389495052,1,Recommended: Top 20%,0.40 to 0.59,40% to 59%,52,technician,married,university.degree,telephone,oct,1,1,failure,0,0,0,1,1,1,1
test_000700,test,0,Did Not Subscribe,0.5363,5363,53.63%,727,0.815782796244608,1,Recommended: Top 20%,0.40 to 0.59,40% to 59%,31,admin.,married,university.degree,cellular,may,1,1,failure,0,0,0,1,1,1,1
test_002590,test,0,Did Not Subscribe,0.5357639,5358,53.58%,728,0.8155290535397107,1,Recommended: Top 20%,0.40 to 0.59,40% to 59%,36,management,married,university.degree,cellular,nov,2,1,success,0,0,0,1,1,1,1
test_002726,test,0,Did Not Subscribe,0.5352951,5353,53.53%,729,0.8152753108348135,1,Recommended: Top 20%,0.40 to 0.59,40% to 59%,60,retired,married,university.degree,cellular,jul,3,0,nonexistent,0,0,0,1,1,1,1
test_000691,test,0,Did Not Subscribe,0.53408235,5341,53.41%,730,0.8150215681299162,1,Recommended: Top 20%,0.40 to 0.59,40% to 59%,28,technician,single,professional.course,cellular,may,1,0,nonexistent,0,0,0,1,1,1,1
test_001787,test,0,Did Not Subscribe,0.5336156,5336,53.36%,731,0.814767825425019,1,Recommended: Top 20%,0.40 to 0.59,40% to 59%,32,services,single,university.degree,cellular,may,3,0,nonexistent,0,0,0,1,1,1,1
test_001942,test,0,Did Not Subscribe,0.53292507,5329,53.29%,732,0.8145140827201218,1,Recommended: Top 20%,0.40 to 0.59,40% to 59%,24,technician,married,professional.course,cellular,may,4,0,nonexistent,0,0,0,1,1,1,1
test_000951,test,0,Did Not Subscribe,0.53226733,5323,53.23%,733,0.8142603400152246,1,Recommended: Top 20%,0.40 to 0.59,40% to 59%,54,technician,married,high.school,cellular,apr,1,0,nonexistent,0,0,0,1,1,1,1
test_000348,test,0,Did Not Subscribe,0.5313148,5313,53.13%,734,0.8140065973103273,1,Recommended: Top 20%,0.40 to 0.59,40% to 59%,27,blue-collar,married,professional.course,cellular,may,3,0,nonexistent,0,0,0,1,1,1,1
test_003146,test,0,Did Not Subscribe,0.53088427,5309,53.09%,735,0.8137528546054301,1,Recommended: Top 20%,0.40 to 0.59,40% to 59%,29,services,single,basic.6y,cellular,may,2,0,nonexistent,0,0,0,1,1,1,1
test_000682,test,0,Did Not Subscribe,0.5308719,5309,53.09%,736,0.8134991119005328,1,Recommended: Top 20%,0.40 to 0.59,40% to 59%,48,technician,married,basic.6y,cellular,may,2,0,nonexistent,0,0,0,1,1,1,1
test_000517,test,0,Did Not Subscribe,0.53049564,5305,53.05%,737,0.8132453691956356,1,Recommended: Top 20%,0.40 to 0.59,40% to 59%,34,admin.,married,high.school,cellular,apr,1,0,nonexistent,0,0,0,1,1,1,1
test_002003,test,0,Did Not Subscribe,0.53016704,5302,53.02%,738,0.8129916264907384,1,Recommended: Top 20%,0.40 to 0.59,40% to 59%,51,admin.,divorced,university.degree,cellular,may,1,0,nonexistent,0,0,0,1,1,1,1
test_000435,test,0,Did Not Subscribe,0.5292838,5293,52.93%,739,0.8127378837858412,1,Recommended: Top 20%,0.40 to 0.59,40% to 59%,33,technician,single,professional.course,cellular,apr,2,0,nonexistent,0,0,0,1,1,1,1
test_001976,test,0,Did Not Subscribe,0.5284665,5285,52.85%,740,0.8124841410809439,1,Recommended: Top 20%,0.40 to 0.59,40% to 59%,35,blue-collar,married,basic.6y,cellular,may,3,1,failure,0,0,0,1,1,1,1
test_003849,test,0,Did Not Subscribe,0.5283811,5284,52.84%,741,0.8122303983760467,1,Recommended: Top 20%,0.40 to 0.59,40% to 59%,40,admin.,single,university.degree,cellular,apr,1,0,nonexistent,0,0,0,1,1,1,1
test_000166,test,0,Did Not Subscribe,0.528159,5282,52.82%,742,0.8119766556711494,1,Recommended: Top 20%,0.40 to 0.59,40% to 59%,34,services,married,high.school,cellular,may,3,0,nonexistent,0,0,0,1,1,1,1
test_003895,test,1,Subscribed,0.5273316,5273,52.73%,743,0.8117229129662522,1,Recommended: Top 20%,0.40 to 0.59,40% to 59%,32,blue-collar,married,basic.9y,cellular,apr,2,0,nonexistent,0,0,0,1,1,1,1
test_003902,test,0,Did Not Subscribe,0.5272134,5272,52.72%,744,0.811469170261355,1,Recommended: Top 20%,0.40 to 0.59,40% to 59%,31,services,divorced,high.school,cellular,apr,1,0,nonexistent,0,0,0,1,1,1,1
test_003667,test,1,Subscribed,0.527186,5272,52.72%,745,0.8112154275564578,1,Recommended: Top 20%,0.40 to 0.59,40% to 59%,37,admin.,married,university.degree,cellular,may,1,0,nonexistent,0,0,0,1,1,1,1
test_001263,test,1,Subscribed,0.5270625,5271,52.71%,746,0.8109616848515605,1,Recommended: Top 20%,0.40 to 0.59,40% to 59%,51,admin.,married,high.school,cellular,may,4,0,nonexistent,0,0,0,1,1,1,1
test_002991,test,0,Did Not Subscribe,0.52615833,5262,52.62%,747,0.8107079421466633,1,Recommended: Top 20%,0.40 to 0.59,40% to 59%,35,services,single,high.school,cellular,may,1,0,nonexistent,0,0,0,1,1,1,1
test_002764,test,0,Did Not Subscribe,0.5256161,5256,52.56%,748,0.810454199441766,1,Recommended: Top 20%,0.40 to 0.59,40% to 59%,51,technician,divorced,professional.course,cellular,apr,2,0,nonexistent,0,0,0,1,1,1,1
test_003115,test,0,Did Not Subscribe,0.5249812,5250,52.50%,749,0.8102004567368688,1,Recommended: Top 20%,0.40 to 0.59,40% to 59%,42,admin.,married,high.school,cellular,may,1,0,nonexistent,0,0,0,1,1,1,1
test_001507,test,0,Did Not Subscribe,0.52427673,5243,52.43%,750,0.8099467140319716,1,Recommended: Top 20%,0.40 to 0.59,40% to 59%,29,admin.,single,university.degree,cellular,may,2,0,nonexistent,0,0,0,1,1,1,1
test_000579,test,0,Did Not Subscribe,0.5229389,5229,52.29%,751,0.8096929713270744,1,Recommended: Top 20%,0.40 to 0.59,40% to 59%,35,admin.,married,university.degree,cellular,may,1,0,nonexistent,0,0,0,1,1,1,1
test_003481,test,0,Did Not Subscribe,0.522486,5225,52.25%,752,0.8094392286221771,1,Recommended: Top 20%,0.40 to 0.59,40% to 59%,55,blue-collar,married,professional.course,cellular,may,2,0,nonexistent,0,0,0,1,1,1,1
test_002833,test,0,Did Not Subscribe,0.5222983,5223,52.23%,753,0.8091854859172799,1,Recommended: Top 20%,0.40 to 0.59,40% to 59%,36,management,divorced,university.degree,cellular,may,1,0,nonexistent,0,0,0,1,1,1,1
test_000869,test,0,Did Not Subscribe,0.52154684,5215,52.15%,754,0.8089317432123826,1,Recommended: Top 20%,0.40 to 0.59,40% to 59%,33,blue-collar,married,basic.9y,cellular,may,1,0,nonexistent,0,0,0,1,1,1,1
test_002923,test,0,Did Not Subscribe,0.520893,5209,52.09%,755,0.8086780005074854,1,Recommended: Top 20%,0.40 to 0.59,40% to 59%,27,blue-collar,single,basic.6y,cellular,may,1,0,nonexistent,0,0,0,1,1,1,1
test_000939,test,0,Did Not Subscribe,0.5208812,5209,52.09%,756,0.8084242578025882,1,Recommended: Top 20%,0.40 to 0.59,40% to 59%,42,admin.,married,high.school,cellular,apr,1,0,nonexistent,0,0,0,1,1,1,1
test_003502,test,0,Did Not Subscribe,0.52059317,5206,52.06%,757,0.808170515097691,1,Recommended: Top 20%,0.40 to 0.59,40% to 59%,31,services,married,high.school,cellular,may,2,0,nonexistent,0,0,0,1,1,1,1
test_002219,test,0,Did Not Subscribe,0.5200183,5200,52.00%,758,0.8079167723927937,1,Recommended: Top 20%,0.40 to 0.59,40% to 59%,23,admin.,single,high.school,cellular,may,1,0,nonexistent,0,0,0,1,1,1,1
test_003940,test,0,Did Not Subscribe,0.51992744,5199,51.99%,759,0.8076630296878965,1,Recommended: Top 20%,0.40 to 0.59,40% to 59%,37,technician,single,professional.course,cellular,may,1,0,nonexistent,0,0,0,1,1,1,1
test_001641,test,0,Did Not Subscribe,0.51982427,5198,51.98%,760,0.8074092869829992,1,Recommended: Top 20%,0.40 to 0.59,40% to 59%,29,student,single,basic.9y,cellular,may,2,0,nonexistent,0,0,0,1,1,1,1
test_000911,test,1,Subscribed,0.5194372,5194,51.94%,761,0.807155544278102,1,Recommended: Top 20%,0.40 to 0.59,40% to 59%,31,blue-collar,married,basic.6y,cellular,may,3,0,nonexistent,0,0,0,1,1,1,1
test_002548,test,0,Did Not Subscribe,0.5181336,5181,51.81%,762,0.8069018015732048,1,Recommended: Top 20%,0.40 to 0.59,40% to 59%,34,self-employed,single,university.degree,telephone,apr,6,0,nonexistent,0,0,0,1,1,1,1
test_001575,test,0,Did Not Subscribe,0.5166155,5166,51.66%,763,0.8066480588683076,1,Recommended: Top 20%,0.40 to 0.59,40% to 59%,33,services,single,high.school,cellular,may,2,0,nonexistent,0,0,0,1,1,1,1
test_002310,test,0,Did Not Subscribe,0.5163568,5164,51.64%,764,0.8063943161634103,1,Recommended: Top 20%,0.40 to 0.59,40% to 59%,33,admin.,single,university.degree,cellular,may,2,0,nonexistent,0,0,0,1,1,1,1
test_001685,test,0,Did Not Subscribe,0.5159831,5160,51.60%,765,0.8061405734585131,1,Recommended: Top 20%,0.40 to 0.59,40% to 59%,49,technician,married,unknown,cellular,apr,3,0,nonexistent,0,0,0,1,1,1,1
test_003567,test,0,Did Not Subscribe,0.5151594,5152,51.52%,766,0.8058868307536158,1,Recommended: Top 20%,0.40 to 0.59,40% to 59%,28,admin.,married,high.school,cellular,may,4,0,nonexistent,0,0,0,1,1,1,1
test_002757,test,0,Did Not Subscribe,0.5137911,5138,51.38%,767,0.8056330880487186,1,Recommended: Top 20%,0.40 to 0.59,40% to 59%,33,technician,married,professional.course,cellular,may,2,0,nonexistent,0,0,0,1,1,1,1
test_002139,test,0,Did Not Subscribe,0.51350844,5135,51.35%,768,0.8053793453438214,1,Recommended: Top 20%,0.40 to 0.59,40% to 59%,41,technician,married,professional.course,cellular,apr,1,0,nonexistent,0,0,0,1,1,1,1
test_002336,test,0,Did Not Subscribe,0.5130839,5131,51.31%,769,0.8051256026389242,1,Recommended: Top 20%,0.40 to 0.59,40% to 59%,32,blue-collar,married,basic.4y,telephone,jun,1,1,failure,0,0,0,1,1,1,1
test_001923,test,1,Subscribed,0.51229984,5123,51.23%,770,0.8048718599340269,1,Recommended: Top 20%,0.40 to 0.59,40% to 59%,36,admin.,single,university.degree,cellular,apr,4,1,failure,0,0,0,1,1,1,1
test_003672,test,0,Did Not Subscribe,0.5117349,5117,51.17%,771,0.8046181172291297,1,Recommended: Top 20%,0.40 to 0.59,40% to 59%,36,admin.,single,high.school,cellular,apr,2,0,nonexistent,0,0,0,1,1,1,1
test_000016,test,0,Did Not Subscribe,0.51001155,5100,51.00%,772,0.8043643745242324,1,Recommended: Top 20%,0.40 to 0.59,40% to 59%,46,admin.,married,high.school,cellular,may,3,0,nonexistent,0,0,0,1,1,1,1
test_002094,test,0,Did Not Subscribe,0.5099139,5099,50.99%,773,0.8041106318193352,1,Recommended: Top 20%,0.40 to 0.59,40% to 59%,29,admin.,single,basic.9y,cellular,may,3,0,nonexistent,0,0,0,1,1,1,1
test_003394,test,0,Did Not Subscribe,0.5097616,5098,50.98%,774,0.803856889114438,1,Recommended: Top 20%,0.40 to 0.59,40% to 59%,42,technician,married,professional.course,cellular,may,1,0,nonexistent,0,0,0,1,1,1,1
test_003067,test,0,Did Not Subscribe,0.5091982,5092,50.92%,775,0.8036031464095408,1,Recommended: Top 20%,0.40 to 0.59,40% to 59%,41,entrepreneur,divorced,unknown,cellular,may,1,0,nonexistent,0,0,0,1,1,1,1
test_001956,test,0,Did Not Subscribe,0.5090849,5091,50.91%,776,0.8033494037046435,1,Recommended: Top 20%,0.40 to 0.59,40% to 59%,38,admin.,divorced,university.degree,telephone,oct,3,0,nonexistent,0,0,0,1,1,1,1
test_003453,test,0,Did Not Subscribe,0.5090449,5090,50.90%,777,0.8030956609997463,1,Recommended: Top 20%,0.40 to 0.59,40% to 59%,30,admin.,married,basic.9y,cellular,may,1,1,failure,0,0,0,1,1,1,1
test_003600,test,1,Subscribed,0.50882244,5088,50.88%,778,0.802841918294849,1,Recommended: Top 20%,0.40 to 0.59,40% to 59%,34,technician,divorced,professional.course,cellular,may,2,0,nonexistent,0,0,0,1,1,1,1
test_002725,test,0,Did Not Subscribe,0.50842106,5084,50.84%,779,0.8025881755899518,1,Recommended: Top 20%,0.40 to 0.59,40% to 59%,27,technician,single,professional.course,cellular,may,3,0,nonexistent,0,0,0,1,1,1,1
test_002891,test,0,Did Not Subscribe,0.507862,5079,50.79%,780,0.8023344328850546,1,Recommended: Top 20%,0.40 to 0.59,40% to 59%,32,admin.,single,unknown,cellular,may,2,1,failure,0,0,0,1,1,1,1
test_002550,test,0,Did Not Subscribe,0.507803,5078,50.78%,781,0.8020806901801574,1,Recommended: Top 20%,0.40 to 0.59,40% to 59%,29,technician,single,professional.course,cellular,may,2,0,nonexistent,0,0,0,1,1,1,1
test_003034,test,0,Did Not Subscribe,0.507626,5076,50.76%,782,0.8018269474752601,1,Recommended: Top 20%,0.40 to 0.59,40% to 59%,22,blue-collar,single,basic.9y,cellular,may,2,0,nonexistent,0,0,0,1,1,1,1
test_003875,test,0,Did Not Subscribe,0.5068311,5068,50.68%,783,0.8015732047703629,1,Recommended: Top 20%,0.40 to 0.59,40% to 59%,45,services,married,high.school,cellular,may,3,0,nonexistent,0,0,0,1,1,1,1
test_002462,test,0,Did Not Subscribe,0.50663364,5066,50.66%,784,0.8013194620654656,1,Recommended: Top 20%,0.40 to 0.59,40% to 59%,27,blue-collar,married,basic.9y,cellular,jul,1,0,nonexistent,0,0,0,1,1,1,1
test_000189,test,0,Did Not Subscribe,0.5058836,5059,50.59%,785,0.8010657193605684,1,Recommended: Top 20%,0.40 to 0.59,40% to 59%,28,blue-collar,single,basic.9y,cellular,apr,1,0,nonexistent,0,0,0,1,1,1,1
test_001378,test,0,Did Not Subscribe,0.50536156,5054,50.54%,786,0.8008119766556712,1,Recommended: Top 20%,0.40 to 0.59,40% to 59%,35,entrepreneur,married,university.degree,cellular,may,3,0,nonexistent,0,0,0,1,1,1,1
test_001986,test,0,Did Not Subscribe,0.504944,5049,50.49%,787,0.800558233950774,1,Recommended: Top 20%,0.40 to 0.59,40% to 59%,56,management,married,university.degree,cellular,may,1,0,nonexistent,0,0,0,1,1,1,1
test_000369,test,0,Did Not Subscribe,0.5044005,5044,50.44%,788,0.8003044912458767,1,Recommended: Top 20%,0.40 to 0.59,40% to 59%,40,blue-collar,single,basic.9y,cellular,apr,1,1,failure,0,0,0,1,1,1,1
test_000714,test,1,Subscribed,0.50322735,5032,50.32%,789,0.8000507485409795,1,Recommended: Top 20%,0.40 to 0.59,40% to 59%,66,retired,married,basic.4y,telephone,oct,2,1,failure,0,0,0,1,1,1,1
test_000473,test,0,Did Not Subscribe,0.50289965,5029,50.29%,790,0.7997970058360822,0,Not Recommended,0.40 to 0.59,40% to 59%,48,blue-collar,married,basic.4y,cellular,apr,1,0,nonexistent,0,0,0,0,1,1,1
test_003668,test,1,Subscribed,0.502284,5023,50.23%,791,0.799543263131185,0,Not Recommended,0.40 to 0.59,40% to 59%,42,self-employed,married,university.degree,cellular,apr,1,1,failure,0,0,0,0,1,1,1
test_002661,test,0,Did Not Subscribe,0.50209653,5021,50.21%,792,0.7992895204262878,0,Not Recommended,0.40 to 0.59,40% to 59%,39,admin.,married,high.school,cellular,apr,2,0,nonexistent,0,0,0,0,1,1,1
test_003703,test,0,Did Not Subscribe,0.5006495,5006,50.06%,793,0.7990357777213906,0,Not Recommended,0.40 to 0.59,40% to 59%,37,technician,single,university.degree,cellular,apr,2,0,nonexistent,0,0,0,0,1,1,1
test_002636,test,0,Did Not Subscribe,0.50038695,5004,50.04%,794,0.7987820350164933,0,Not Recommended,0.40 to 0.59,40% to 59%,33,technician,married,professional.course,cellular,apr,3,1,failure,0,0,0,0,1,1,1
test_002107,test,0,Did Not Subscribe,0.50006604,5001,50.01%,795,0.798528292311596,0,Not Recommended,0.40 to 0.59,40% to 59%,37,management,divorced,university.degree,cellular,may,1,0,nonexistent,0,0,0,0,1,1,1
test_000589,test,0,Did Not Subscribe,0.49744523,4974,49.74%,796,0.7982745496066987,0,Not Recommended,0.40 to 0.59,40% to 59%,36,blue-collar,married,high.school,cellular,dec,1,0,nonexistent,0,0,0,0,1,1,0
test_000905,test,0,Did Not Subscribe,0.49697548,4970,49.70%,797,0.7980208069018015,0,Not Recommended,0.40 to 0.59,40% to 59%,33,admin.,single,basic.9y,cellular,may,4,0,nonexistent,0,0,0,0,1,1,0
test_003556,test,0,Did Not Subscribe,0.49689922,4969,49.69%,798,0.7977670641969044,0,Not Recommended,0.40 to 0.59,40% to 59%,42,blue-collar,married,basic.4y,cellular,apr,1,0,nonexistent,0,0,0,0,1,1,0
test_003363,test,0,Did Not Subscribe,0.49669304,4967,49.67%,799,0.7975133214920072,0,Not Recommended,0.40 to 0.59,40% to 59%,47,technician,divorced,university.degree,cellular,may,3,1,failure,0,0,0,0,1,1,0
test_000901,test,0,Did Not Subscribe,0.49575916,4958,49.58%,800,0.7972595787871098,0,Not Recommended,0.40 to 0.59,40% to 59%,42,technician,married,professional.course,cellular,may,3,0,nonexistent,0,0,0,0,1,1,0
test_002593,test,0,Did Not Subscribe,0.49569649,4957,49.57%,801,0.7970058360822126,0,Not Recommended,0.40 to 0.59,40% to 59%,38,services,married,high.school,cellular,apr,1,0,nonexistent,0,0,0,0,1,1,0
test_003695,test,0,Did Not Subscribe,0.49515817,4952,49.52%,802,0.7967520933773153,0,Not Recommended,0.40 to 0.59,40% to 59%,36,admin.,divorced,high.school,cellular,apr,3,0,nonexistent,0,0,0,0,1,1,0
test_003331,test,0,Did Not Subscribe,0.49493712,4949,49.49%,803,0.7964983506724181,0,Not Recommended,0.40 to 0.59,40% to 59%,35,blue-collar,married,basic.9y,cellular,apr,1,0,nonexistent,0,0,0,0,1,1,0
test_000572,test,0,Did Not Subscribe,0.49419755,4942,49.42%,804,0.796244607967521,0,Not Recommended,0.40 to 0.59,40% to 59%,24,admin.,single,university.degree,cellular,may,1,1,failure,0,0,0,0,1,1,0
test_002411,test,0,Did Not Subscribe,0.4925291,4925,49.25%,805,0.7959908652626237,0,Not Recommended,0.40 to 0.59,40% to 59%,24,admin.,single,high.school,cellular,jul,5,0,nonexistent,0,0,0,0,1,1,0
test_002313,test,1,Subscribed,0.49243635,4924,49.24%,806,0.7957371225577264,0,Not Recommended,0.40 to 0.59,40% to 59%,29,admin.,single,university.degree,cellular,jul,2,0,nonexistent,0,0,0,0,1,1,0
test_003923,test,1,Subscribed,0.49181896,4918,49.18%,807,0.7954833798528292,0,Not Recommended,0.40 to 0.59,40% to 59%,48,admin.,divorced,high.school,cellular,apr,3,0,nonexistent,0,0,0,0,1,1,0
test_001351,test,0,Did Not Subscribe,0.49169847,4917,49.17%,808,0.7952296371479319,0,Not Recommended,0.40 to 0.59,40% to 59%,30,self-employed,single,basic.9y,telephone,oct,1,0,nonexistent,0,0,0,0,1,1,0
test_003924,test,0,Did Not Subscribe,0.4915218,4915,49.15%,809,0.7949758944430347,0,Not Recommended,0.40 to 0.59,40% to 59%,54,technician,married,high.school,cellular,apr,5,0,nonexistent,0,0,0,0,1,1,0
test_001168,test,0,Did Not Subscribe,0.49102497,4910,49.10%,810,0.7947221517381375,0,Not Recommended,0.40 to 0.59,40% to 59%,47,blue-collar,married,basic.9y,telephone,apr,1,0,nonexistent,0,0,0,0,1,1,0
test_000104,test,0,Did Not Subscribe,0.49097136,4910,49.10%,811,0.7944684090332403,0,Not Recommended,0.40 to 0.59,40% to 59%,28,admin.,married,high.school,cellular,may,1,0,nonexistent,0,0,0,0,1,1,0
test_001963,test,0,Did Not Subscribe,0.49097037,4910,49.10%,812,0.794214666328343,0,Not Recommended,0.40 to 0.59,40% to 59%,35,admin.,married,high.school,cellular,may,3,0,nonexistent,0,0,0,0,1,1,0
test_003451,test,0,Did Not Subscribe,0.4907614,4908,49.08%,813,0.7939609236234458,0,Not Recommended,0.40 to 0.59,40% to 59%,25,self-employed,single,university.degree,cellular,apr,3,0,nonexistent,0,0,0,0,1,1,0
test_000947,test,0,Did Not Subscribe,0.49019358,4902,49.02%,814,0.7937071809185485,0,Not Recommended,0.40 to 0.59,40% to 59%,36,technician,married,professional.course,cellular,may,4,0,nonexistent,0,0,0,0,1,1,0
test_002979,test,0,Did Not Subscribe,0.4885229,4885,48.85%,815,0.7934534382136513,0,Not Recommended,0.40 to 0.59,40% to 59%,34,services,divorced,high.school,cellular,apr,1,1,failure,0,0,0,0,1,1,0
test_000329,test,0,Did Not Subscribe,0.48734584,4873,48.73%,816,0.7931996955087541,0,Not Recommended,0.40 to 0.59,40% to 59%,31,unemployed,married,professional.course,cellular,may,1,0,nonexistent,0,0,0,0,1,1,0
test_000294,test,0,Did Not Subscribe,0.48720533,4872,48.72%,817,0.7929459528038569,0,Not Recommended,0.40 to 0.59,40% to 59%,28,blue-collar,single,university.degree,cellular,may,2,0,nonexistent,0,0,0,0,1,1,0
test_002159,test,0,Did Not Subscribe,0.48706108,4871,48.71%,818,0.7926922100989596,0,Not Recommended,0.40 to 0.59,40% to 59%,38,housemaid,divorced,university.degree,cellular,may,1,0,nonexistent,0,0,0,0,1,1,0
test_001853,test,0,Did Not Subscribe,0.48644438,4864,48.64%,819,0.7924384673940624,0,Not Recommended,0.40 to 0.59,40% to 59%,59,retired,married,basic.4y,cellular,may,6,1,failure,0,0,0,0,1,1,0
test_002714,test,0,Did Not Subscribe,0.48615497,4862,48.62%,820,0.7921847246891651,0,Not Recommended,0.40 to 0.59,40% to 59%,34,technician,single,professional.course,cellular,may,3,0,nonexistent,0,0,0,0,1,1,0
test_001897,test,0,Did Not Subscribe,0.48538354,4854,48.54%,821,0.7919309819842679,0,Not Recommended,0.40 to 0.59,40% to 59%,32,technician,single,professional.course,cellular,may,5,0,nonexistent,0,0,0,0,1,1,0
test_002194,test,0,Did Not Subscribe,0.4853596,4854,48.54%,822,0.7916772392793707,0,Not Recommended,0.40 to 0.59,40% to 59%,35,technician,single,university.degree,cellular,may,2,0,nonexistent,0,0,0,0,1,1,0
test_000784,test,0,Did Not Subscribe,0.48529223,4853,48.53%,823,0.7914234965744735,0,Not Recommended,0.40 to 0.59,40% to 59%,42,blue-collar,married,unknown,cellular,apr,3,0,nonexistent,0,0,0,0,1,1,0
test_001840,test,0,Did Not Subscribe,0.4839707,4840,48.40%,824,0.7911697538695762,0,Not Recommended,0.40 to 0.59,40% to 59%,32,self-employed,single,university.degree,cellular,aug,5,0,nonexistent,0,0,0,0,1,1,0
test_000940,test,0,Did Not Subscribe,0.483568,4836,48.36%,825,0.790916011164679,0,Not Recommended,0.40 to 0.59,40% to 59%,51,services,married,high.school,cellular,apr,1,0,nonexistent,0,0,0,0,1,1,0
test_001197,test,0,Did Not Subscribe,0.48340082,4834,48.34%,826,0.7906622684597817,0,Not Recommended,0.40 to 0.59,40% to 59%,35,services,single,high.school,cellular,may,3,0,nonexistent,0,0,0,0,1,1,0
test_002179,test,1,Subscribed,0.48318815,4832,48.32%,827,0.7904085257548845,0,Not Recommended,0.40 to 0.59,40% to 59%,34,housemaid,single,high.school,cellular,may,1,0,nonexistent,0,0,0,0,1,1,0
test_002171,test,1,Subscribed,0.48275435,4828,48.28%,828,0.7901547830499873,0,Not Recommended,0.40 to 0.59,40% to 59%,32,technician,single,professional.course,cellular,aug,3,0,nonexistent,0,0,0,0,1,1,0
test_003325,test,0,Did Not Subscribe,0.48268846,4827,48.27%,829,0.7899010403450901,0,Not Recommended,0.40 to 0.59,40% to 59%,46,entrepreneur,married,unknown,cellular,apr,2,0,nonexistent,0,0,0,0,1,1,0
test_002491,test,0,Did Not Subscribe,0.48240638,4824,48.24%,830,0.7896472976401928,0,Not Recommended,0.40 to 0.59,40% to 59%,25,entrepreneur,single,university.degree,cellular,jul,7,0,nonexistent,0,0,0,0,1,1,0
test_000463,test,0,Did Not Subscribe,0.48221865,4822,48.22%,831,0.7893935549352956,0,Not Recommended,0.40 to 0.59,40% to 59%,43,services,divorced,high.school,cellular,may,1,0,nonexistent,0,0,0,0,1,1,0
test_003069,test,0,Did Not Subscribe,0.4821947,4822,48.22%,832,0.7891398122303983,0,Not Recommended,0.40 to 0.59,40% to 59%,32,technician,married,basic.9y,cellular,may,1,0,nonexistent,0,0,0,0,1,1,0
test_001360,test,0,Did Not Subscribe,0.48216942,4822,48.22%,833,0.7888860695255011,0,Not Recommended,0.40 to 0.59,40% to 59%,37,services,married,high.school,cellular,apr,1,0,nonexistent,0,0,0,0,1,1,0
test_003232,test,0,Did Not Subscribe,0.48101664,4810,48.10%,834,0.7886323268206039,0,Not Recommended,0.40 to 0.59,40% to 59%,32,services,married,high.school,cellular,may,1,0,nonexistent,0,0,0,0,1,1,0
test_000625,test,0,Did Not Subscribe,0.48096034,4810,48.10%,835,0.7883785841157067,0,Not Recommended,0.40 to 0.59,40% to 59%,33,admin.,divorced,high.school,telephone,apr,3,0,nonexistent,0,0,0,0,1,1,0
test_001709,test,0,Did Not Subscribe,0.47960797,4796,47.96%,836,0.7881248414108094,0,Not Recommended,0.40 to 0.59,40% to 59%,23,technician,single,professional.course,cellular,may,5,0,nonexistent,0,0,0,0,1,1,0
test_003127,test,0,Did Not Subscribe,0.47931233,4793,47.93%,837,0.7878710987059122,0,Not Recommended,0.40 to 0.59,40% to 59%,57,blue-collar,married,basic.9y,cellular,may,3,0,nonexistent,0,0,0,0,1,1,0
test_003003,test,0,Did Not Subscribe,0.47822332,4782,47.82%,838,0.787617356001015,0,Not Recommended,0.40 to 0.59,40% to 59%,34,housemaid,married,university.degree,cellular,may,1,0,nonexistent,0,0,0,0,1,1,0
test_002357,test,0,Did Not Subscribe,0.4771323,4771,47.71%,839,0.7873636132961177,0,Not Recommended,0.40 to 0.59,40% to 59%,44,blue-collar,married,basic.6y,cellular,apr,1,0,nonexistent,0,0,0,0,1,1,0
test_001296,test,0,Did Not Subscribe,0.47694695,4769,47.69%,840,0.7871098705912205,0,Not Recommended,0.40 to 0.59,40% to 59%,26,admin.,single,high.school,cellular,jul,2,0,nonexistent,0,0,0,0,1,1,0
test_002007,test,0,Did Not Subscribe,0.47643694,4764,47.64%,841,0.7868561278863233,0,Not Recommended,0.40 to 0.59,40% to 59%,48,blue-collar,married,basic.9y,cellular,may,2,1,failure,0,0,0,0,1,1,0
test_000840,test,0,Did Not Subscribe,0.4763726,4764,47.64%,842,0.786602385181426,0,Not Recommended,0.40 to 0.59,40% to 59%,33,admin.,married,university.degree,telephone,nov,4,0,nonexistent,0,0,0,0,1,1,0
test_001608,test,0,Did Not Subscribe,0.47632277,4763,47.63%,843,0.7863486424765288,0,Not Recommended,0.40 to 0.59,40% to 59%,31,technician,single,high.school,cellular,aug,2,0,nonexistent,0,0,0,0,1,1,0
test_003939,test,0,Did Not Subscribe,0.47578052,4758,47.58%,844,0.7860948997716316,0,Not Recommended,0.40 to 0.59,40% to 59%,26,admin.,single,university.degree,telephone,oct,1,2,failure,0,0,0,0,1,1,0
test_002083,test,0,Did Not Subscribe,0.47572622,4757,47.57%,845,0.7858411570667343,0,Not Recommended,0.40 to 0.59,40% to 59%,30,admin.,married,basic.6y,cellular,jul,1,0,nonexistent,0,0,0,0,1,1,0
test_003318,test,0,Did Not Subscribe,0.47548774,4755,47.55%,846,0.7855874143618371,0,Not Recommended,0.40 to 0.59,40% to 59%,32,technician,married,professional.course,cellular,aug,1,0,nonexistent,0,0,0,0,1,1,0
test_000871,test,0,Did Not Subscribe,0.47488984,4749,47.49%,847,0.7853336716569399,0,Not Recommended,0.40 to 0.59,40% to 59%,34,admin.,married,university.degree,cellular,may,1,1,failure,0,0,0,0,1,1,0
test_000139,test,1,Subscribed,0.47376862,4738,47.38%,848,0.7850799289520426,0,Not Recommended,0.40 to 0.59,40% to 59%,36,management,married,university.degree,cellular,may,1,1,failure,0,0,0,0,1,1,0
test_000200,test,0,Did Not Subscribe,0.47343642,4734,47.34%,849,0.7848261862471454,0,Not Recommended,0.40 to 0.59,40% to 59%,26,blue-collar,married,basic.9y,cellular,may,1,0,nonexistent,0,0,0,0,1,1,0
test_001003,test,0,Did Not Subscribe,0.47327805,4733,47.33%,850,0.7845724435422482,0,Not Recommended,0.40 to 0.59,40% to 59%,33,blue-collar,married,basic.4y,cellular,apr,2,0,nonexistent,0,0,0,0,1,1,0
test_001499,test,0,Did Not Subscribe,0.47139436,4714,47.14%,851,0.7843187008373509,0,Not Recommended,0.40 to 0.59,40% to 59%,30,admin.,married,university.degree,cellular,jul,1,0,nonexistent,0,0,0,0,1,1,0
test_001426,test,0,Did Not Subscribe,0.47132096,4713,47.13%,852,0.7840649581324537,0,Not Recommended,0.40 to 0.59,40% to 59%,33,services,married,basic.9y,cellular,may,2,0,nonexistent,0,0,0,0,1,1,0
test_000211,test,0,Did Not Subscribe,0.47118542,4712,47.12%,853,0.7838112154275565,0,Not Recommended,0.40 to 0.59,40% to 59%,36,services,single,high.school,telephone,apr,2,0,nonexistent,0,0,0,0,1,1,0
test_003375,test,0,Did Not Subscribe,0.47092453,4709,47.09%,854,0.7835574727226592,0,Not Recommended,0.40 to 0.59,40% to 59%,31,services,single,university.degree,cellular,jul,2,0,nonexistent,0,0,0,0,1,1,0
test_000842,test,0,Did Not Subscribe,0.47089577,4709,47.09%,855,0.783303730017762,0,Not Recommended,0.40 to 0.59,40% to 59%,26,blue-collar,single,basic.6y,cellular,jul,2,0,nonexistent,0,0,0,0,1,1,0
test_001305,test,0,Did Not Subscribe,0.47060776,4706,47.06%,856,0.7830499873128648,0,Not Recommended,0.40 to 0.59,40% to 59%,36,admin.,married,high.school,telephone,may,1,0,nonexistent,0,0,0,0,1,1,0
test_001780,test,1,Subscribed,0.47044393,4704,47.04%,857,0.7827962446079675,0,Not Recommended,0.40 to 0.59,40% to 59%,23,blue-collar,single,high.school,cellular,jul,1,0,nonexistent,0,0,0,0,1,1,0
test_000578,test,0,Did Not Subscribe,0.47021934,4702,47.02%,858,0.7825425019030703,0,Not Recommended,0.40 to 0.59,40% to 59%,38,technician,married,university.degree,cellular,may,1,0,nonexistent,0,0,0,0,1,1,0
test_003726,test,0,Did Not Subscribe,0.46961895,4696,46.96%,859,0.7822887591981731,0,Not Recommended,0.40 to 0.59,40% to 59%,45,entrepreneur,married,basic.4y,cellular,may,5,0,nonexistent,0,0,0,0,1,1,0
test_001222,test,0,Did Not Subscribe,0.46907154,4691,46.91%,860,0.7820350164932758,0,Not Recommended,0.40 to 0.59,40% to 59%,20,student,single,unknown,telephone,oct,1,1,failure,0,0,0,0,1,1,0
test_000987,test,0,Did Not Subscribe,0.4690115,4690,46.90%,861,0.7817812737883786,0,Not Recommended,0.40 to 0.59,40% to 59%,28,blue-collar,single,basic.9y,cellular,jul,2,0,nonexistent,0,0,0,0,1,1,0
test_002831,test,0,Did Not Subscribe,0.46855712,4686,46.86%,862,0.7815275310834814,0,Not Recommended,0.40 to 0.59,40% to 59%,37,blue-collar,single,basic.9y,cellular,apr,1,0,nonexistent,0,0,0,0,1,1,0
test_000973,test,0,Did Not Subscribe,0.46827498,4683,46.83%,863,0.7812737883785841,0,Not Recommended,0.40 to 0.59,40% to 59%,29,entrepreneur,married,professional.course,cellular,jul,4,0,nonexistent,0,0,0,0,1,1,0
test_001873,test,0,Did Not Subscribe,0.46757334,4676,46.76%,864,0.7810200456736869,0,Not Recommended,0.40 to 0.59,40% to 59%,39,technician,single,high.school,cellular,may,5,0,nonexistent,0,0,0,0,1,1,0
test_002528,test,0,Did Not Subscribe,0.4669258,4669,46.69%,865,0.7807663029687897,0,Not Recommended,0.40 to 0.59,40% to 59%,42,blue-collar,divorced,basic.6y,cellular,may,1,0,nonexistent,0,0,0,0,1,1,0
test_003200,test,0,Did Not Subscribe,0.4668568,4669,46.69%,866,0.7805125602638924,0,Not Recommended,0.40 to 0.59,40% to 59%,31,technician,single,professional.course,telephone,oct,1,1,failure,0,0,0,0,1,1,0
test_001545,test,0,Did Not Subscribe,0.46666783,4667,46.67%,867,0.7802588175589952,0,Not Recommended,0.40 to 0.59,40% to 59%,33,services,single,basic.6y,cellular,may,4,0,nonexistent,0,0,0,0,1,1,0
test_002069,test,0,Did Not Subscribe,0.46633825,4663,46.63%,868,0.780005074854098,0,Not Recommended,0.40 to 0.59,40% to 59%,28,services,married,high.school,cellular,jul,1,0,nonexistent,0,0,0,0,1,1,0
test_001781,test,0,Did Not Subscribe,0.4660823,4661,46.61%,869,0.7797513321492007,0,Not Recommended,0.40 to 0.59,40% to 59%,50,housemaid,married,basic.9y,cellular,may,2,1,failure,0,0,0,0,1,1,0
test_003057,test,0,Did Not Subscribe,0.46600267,4660,46.60%,870,0.7794975894443035,0,Not Recommended,0.40 to 0.59,40% to 59%,43,admin.,married,high.school,cellular,may,1,0,nonexistent,0,0,0,0,1,1,0
test_001059,test,0,Did Not Subscribe,0.46537542,4654,46.54%,871,0.7792438467394063,0,Not Recommended,0.40 to 0.59,40% to 59%,33,technician,married,university.degree,cellular,may,1,1,failure,0,0,0,0,1,1,0
test_001155,test,0,Did Not Subscribe,0.46465817,4647,46.47%,872,0.778990104034509,0,Not Recommended,0.40 to 0.59,40% to 59%,34,technician,single,university.degree,cellular,may,4,0,nonexistent,0,0,0,0,1,1,0
test_002845,test,0,Did Not Subscribe,0.46441463,4644,46.44%,873,0.7787363613296118,0,Not Recommended,0.40 to 0.59,40% to 59%,26,admin.,single,university.degree,cellular,jul,1,0,nonexistent,0,0,0,0,1,1,0
test_003753,test,0,Did Not Subscribe,0.46381074,4638,46.38%,874,0.7784826186247146,0,Not Recommended,0.40 to 0.59,40% to 59%,34,self-employed,married,illiterate,cellular,nov,1,0,nonexistent,0,0,0,0,1,1,0
test_003106,test,0,Did Not Subscribe,0.46350694,4635,46.35%,875,0.7782288759198173,0,Not Recommended,0.40 to 0.59,40% to 59%,33,blue-collar,married,basic.9y,cellular,may,2,0,nonexistent,0,0,0,0,1,1,0
test_003296,test,0,Did Not Subscribe,0.4633567,4634,46.34%,876,0.7779751332149201,0,Not Recommended,0.40 to 0.59,40% to 59%,28,admin.,single,high.school,cellular,may,2,0,nonexistent,0,0,0,0,1,1,0
test_001831,test,0,Did Not Subscribe,0.4628029,4628,46.28%,877,0.7777213905100229,0,Not Recommended,0.40 to 0.59,40% to 59%,56,retired,married,basic.4y,cellular,aug,1,0,nonexistent,0,0,0,0,1,1,0
test_002649,test,0,Did Not Subscribe,0.4624763,4625,46.25%,878,0.7774676478051256,0,Not Recommended,0.40 to 0.59,40% to 59%,31,blue-collar,single,basic.9y,cellular,may,2,1,failure,0,0,0,0,1,1,0
test_000711,test,1,Subscribed,0.4619663,4620,46.20%,879,0.7772139051002284,0,Not Recommended,0.40 to 0.59,40% to 59%,30,services,single,high.school,cellular,jul,3,0,nonexistent,0,0,0,0,1,1,0
test_001784,test,0,Did Not Subscribe,0.46189392,4619,46.19%,880,0.7769601623953312,0,Not Recommended,0.40 to 0.59,40% to 59%,35,admin.,single,high.school,cellular,may,5,0,nonexistent,0,0,0,0,1,1,0
test_003836,test,0,Did Not Subscribe,0.4617254,4617,46.17%,881,0.7767064196904339,0,Not Recommended,0.40 to 0.59,40% to 59%,34,admin.,married,university.degree,cellular,may,2,0,nonexistent,0,0,0,0,1,1,0
test_000839,test,0,Did Not Subscribe,0.46160194,4616,46.16%,882,0.7764526769855367,0,Not Recommended,0.40 to 0.59,40% to 59%,33,admin.,single,university.degree,cellular,apr,4,0,nonexistent,0,0,0,0,1,1,0
test_001028,test,0,Did Not Subscribe,0.46084872,4608,46.08%,883,0.7761989342806395,0,Not Recommended,0.40 to 0.59,40% to 59%,43,admin.,single,university.degree,telephone,may,6,0,nonexistent,0,0,0,0,1,1,0
test_002425,test,0,Did Not Subscribe,0.4606232,4606,46.06%,884,0.7759451915757423,0,Not Recommended,0.40 to 0.59,40% to 59%,34,admin.,married,high.school,cellular,may,1,0,nonexistent,0,0,0,0,1,1,0
test_000204,test,0,Did Not Subscribe,0.45908457,4591,45.91%,885,0.775691448870845,0,Not Recommended,0.40 to 0.59,40% to 59%,32,services,married,high.school,cellular,jul,3,0,nonexistent,0,0,0,0,1,1,0
test_003596,test,0,Did Not Subscribe,0.45880315,4588,45.88%,886,0.7754377061659478,0,Not Recommended,0.40 to 0.59,40% to 59%,40,blue-collar,married,basic.4y,cellular,may,1,0,nonexistent,0,0,0,0,1,1,0
test_003585,test,0,Did Not Subscribe,0.45871824,4587,45.87%,887,0.7751839634610505,0,Not Recommended,0.40 to 0.59,40% to 59%,38,services,divorced,high.school,cellular,may,1,1,failure,0,0,0,0,1,1,0
test_002950,test,1,Subscribed,0.45722073,4572,45.72%,888,0.7749302207561533,0,Not Recommended,0.40 to 0.59,40% to 59%,59,blue-collar,married,basic.9y,cellular,may,1,0,nonexistent,0,0,0,0,1,1,0
test_000789,test,0,Did Not Subscribe,0.45696634,4570,45.70%,889,0.7746764780512561,0,Not Recommended,0.40 to 0.59,40% to 59%,36,technician,married,high.school,cellular,apr,1,0,nonexistent,0,0,0,0,1,1,0
test_001752,test,0,Did Not Subscribe,0.45692235,4569,45.69%,890,0.7744227353463589,0,Not Recommended,0.40 to 0.59,40% to 59%,49,retired,married,high.school,cellular,may,3,1,failure,0,0,0,0,1,1,0
test_002874,test,1,Subscribed,0.45637017,4564,45.64%,891,0.7741689926414616,0,Not Recommended,0.40 to 0.59,40% to 59%,36,admin.,unknown,university.degree,cellular,aug,1,0,nonexistent,0,0,0,0,1,1,0
test_000002,test,0,Did Not Subscribe,0.45598757,4560,45.60%,892,0.7739152499365644,0,Not Recommended,0.40 to 0.59,40% to 59%,30,admin.,married,university.degree,cellular,jul,2,0,nonexistent,0,0,0,0,1,1,0
test_001486,test,0,Did Not Subscribe,0.4556508,4557,45.57%,893,0.773661507231667,0,Not Recommended,0.40 to 0.59,40% to 59%,43,self-employed,married,high.school,cellular,apr,1,0,nonexistent,0,0,0,0,1,1,0
test_002065,test,0,Did Not Subscribe,0.45501858,4550,45.50%,894,0.7734077645267698,0,Not Recommended,0.40 to 0.59,40% to 59%,30,services,married,basic.9y,cellular,jul,2,0,nonexistent,0,0,0,0,1,1,0
test_000415,test,0,Did Not Subscribe,0.4549441,4549,45.49%,895,0.7731540218218727,0,Not Recommended,0.40 to 0.59,40% to 59%,27,admin.,single,university.degree,cellular,jul,1,0,nonexistent,0,0,0,0,1,1,0
test_001663,test,0,Did Not Subscribe,0.4539247,4539,45.39%,896,0.7729002791169755,0,Not Recommended,0.40 to 0.59,40% to 59%,33,blue-collar,married,basic.9y,cellular,may,4,0,nonexistent,0,0,0,0,1,1,0
test_003150,test,0,Did Not Subscribe,0.45349076,4535,45.35%,897,0.7726465364120781,0,Not Recommended,0.40 to 0.59,40% to 59%,29,technician,single,basic.9y,cellular,nov,1,0,nonexistent,0,0,0,0,1,1,0
test_002483,test,1,Subscribed,0.45318085,4532,45.32%,898,0.772392793707181,0,Not Recommended,0.40 to 0.59,40% to 59%,42,self-employed,married,university.degree,cellular,aug,4,0,nonexistent,0,0,0,0,1,1,0
test_001682,test,0,Did Not Subscribe,0.4529354,4529,45.29%,899,0.7721390510022836,0,Not Recommended,0.40 to 0.59,40% to 59%,25,admin.,single,university.degree,cellular,jul,5,0,nonexistent,0,0,0,0,1,1,0
test_001726,test,0,Did Not Subscribe,0.45206058,4521,45.21%,900,0.7718853082973864,0,Not Recommended,0.40 to 0.59,40% to 59%,32,technician,single,professional.course,cellular,may,2,0,nonexistent,0,0,0,0,1,1,0
test_001921,test,0,Did Not Subscribe,0.4515415,4515,45.15%,901,0.7716315655924892,0,Not Recommended,0.40 to 0.59,40% to 59%,32,student,single,university.degree,cellular,nov,1,0,nonexistent,0,0,0,0,1,1,0
test_001311,test,0,Did Not Subscribe,0.45117503,4512,45.12%,902,0.771377822887592,0,Not Recommended,0.40 to 0.59,40% to 59%,40,housemaid,married,basic.9y,telephone,apr,1,1,failure,0,0,0,0,1,1,0
test_000976,test,0,Did Not Subscribe,0.45112675,4511,45.11%,903,0.7711240801826947,0,Not Recommended,0.40 to 0.59,40% to 59%,51,admin.,divorced,basic.9y,cellular,may,1,0,nonexistent,0,0,0,0,1,1,0
test_002783,test,0,Did Not Subscribe,0.45061058,4506,45.06%,904,0.7708703374777975,0,Not Recommended,0.40 to 0.59,40% to 59%,30,entrepreneur,single,university.degree,cellular,jul,4,0,nonexistent,0,0,0,0,1,1,0
test_001558,test,0,Did Not Subscribe,0.4506002,4506,45.06%,905,0.7706165947729002,0,Not Recommended,0.40 to 0.59,40% to 59%,29,blue-collar,married,basic.9y,cellular,may,1,0,nonexistent,0,0,0,0,1,1,0
test_002033,test,0,Did Not Subscribe,0.4505694,4506,45.06%,906,0.770362852068003,0,Not Recommended,0.40 to 0.59,40% to 59%,35,blue-collar,married,basic.6y,cellular,may,1,1,failure,0,0,0,0,1,1,0
test_000899,test,0,Did Not Subscribe,0.45004252,4500,45.00%,907,0.7701091093631058,0,Not Recommended,0.40 to 0.59,40% to 59%,43,admin.,single,university.degree,cellular,aug,3,0,nonexistent,0,0,0,0,1,1,0
test_002169,test,0,Did Not Subscribe,0.44991285,4499,44.99%,908,0.7698553666582086,0,Not Recommended,0.40 to 0.59,40% to 59%,40,blue-collar,single,basic.9y,cellular,may,3,0,nonexistent,0,0,0,0,1,1,0
test_000796,test,0,Did Not Subscribe,0.44950816,4495,44.95%,909,0.7696016239533113,0,Not Recommended,0.40 to 0.59,40% to 59%,29,technician,single,basic.9y,cellular,may,1,0,nonexistent,0,0,0,0,1,1,0
test_001798,test,0,Did Not Subscribe,0.44945362,4495,44.95%,910,0.7693478812484141,0,Not Recommended,0.40 to 0.59,40% to 59%,34,admin.,single,university.degree,cellular,aug,5,0,nonexistent,0,0,0,0,1,1,0
test_000484,test,0,Did Not Subscribe,0.4490402,4490,44.90%,911,0.7690941385435168,0,Not Recommended,0.40 to 0.59,40% to 59%,33,entrepreneur,married,basic.6y,cellular,jul,7,0,nonexistent,0,0,0,0,1,1,0
test_002144,test,1,Subscribed,0.44891044,4489,44.89%,912,0.7688403958386196,0,Not Recommended,0.40 to 0.59,40% to 59%,42,admin.,married,university.degree,cellular,aug,2,0,nonexistent,0,0,0,0,1,1,0
test_003399,test,0,Did Not Subscribe,0.44867274,4487,44.87%,913,0.7685866531337224,0,Not Recommended,0.40 to 0.59,40% to 59%,29,admin.,single,high.school,cellular,may,1,0,nonexistent,0,0,0,0,1,1,0
test_003153,test,0,Did Not Subscribe,0.44858184,4486,44.86%,914,0.7683329104288252,0,Not Recommended,0.40 to 0.59,40% to 59%,35,services,married,high.school,cellular,apr,2,0,nonexistent,0,0,0,0,1,1,0
test_001087,test,0,Did Not Subscribe,0.44837934,4484,44.84%,915,0.7680791677239279,0,Not Recommended,0.40 to 0.59,40% to 59%,57,retired,divorced,university.degree,telephone,nov,1,0,nonexistent,0,0,0,0,1,1,0
test_002755,test,0,Did Not Subscribe,0.44833347,4483,44.83%,916,0.7678254250190307,0,Not Recommended,0.40 to 0.59,40% to 59%,35,admin.,divorced,high.school,cellular,may,1,1,failure,0,0,0,0,1,1,0
test_000370,test,0,Did Not Subscribe,0.44786173,4479,44.79%,917,0.7675716823141334,0,Not Recommended,0.40 to 0.59,40% to 59%,39,technician,single,university.degree,cellular,aug,1,0,nonexistent,0,0,0,0,1,1,0
test_001819,test,0,Did Not Subscribe,0.44723988,4472,44.72%,918,0.7673179396092362,0,Not Recommended,0.40 to 0.59,40% to 59%,31,student,single,high.school,cellular,nov,1,0,nonexistent,0,0,0,0,1,1,0
test_002141,test,0,Did Not Subscribe,0.44709542,4471,44.71%,919,0.767064196904339,0,Not Recommended,0.40 to 0.59,40% to 59%,32,admin.,single,university.degree,cellular,may,4,1,failure,0,0,0,0,1,1,0
test_000480,test,0,Did Not Subscribe,0.44675216,4468,44.68%,920,0.7668104541994418,0,Not Recommended,0.40 to 0.59,40% to 59%,30,admin.,single,university.degree,cellular,aug,1,0,nonexistent,0,0,0,0,1,1,0
test_002178,test,0,Did Not Subscribe,0.44612572,4461,44.61%,921,0.7665567114945445,0,Not Recommended,0.40 to 0.59,40% to 59%,41,management,married,university.degree,cellular,may,1,0,nonexistent,0,0,0,0,1,1,0
test_001116,test,0,Did Not Subscribe,0.44598326,4460,44.60%,922,0.7663029687896473,0,Not Recommended,0.40 to 0.59,40% to 59%,39,blue-collar,married,basic.9y,cellular,apr,1,0,nonexistent,0,0,0,0,1,1,0
test_002556,test,0,Did Not Subscribe,0.4451631,4452,44.52%,923,0.76604922608475,0,Not Recommended,0.40 to 0.59,40% to 59%,27,technician,single,university.degree,cellular,apr,5,1,failure,0,0,0,0,1,1,0
test_002523,test,0,Did Not Subscribe,0.44511724,4451,44.51%,924,0.7657954833798528,0,Not Recommended,0.40 to 0.59,40% to 59%,33,blue-collar,married,basic.9y,cellular,may,3,0,nonexistent,0,0,0,0,1,1,0
test_003747,test,0,Did Not Subscribe,0.44477576,4448,44.48%,925,0.7655417406749556,0,Not Recommended,0.40 to 0.59,40% to 59%,59,technician,married,unknown,cellular,may,2,1,failure,0,0,0,0,1,1,0
test_001335,test,0,Did Not Subscribe,0.44418448,4442,44.42%,926,0.7652879979700584,0,Not Recommended,0.40 to 0.59,40% to 59%,28,blue-collar,single,basic.9y,cellular,may,1,1,failure,0,0,0,0,1,1,0
test_001681,test,0,Did Not Subscribe,0.44398415,4440,44.40%,927,0.7650342552651611,0,Not Recommended,0.40 to 0.59,40% to 59%,26,services,single,high.school,cellular,jul,4,0,nonexistent,0,0,0,0,1,1,0
test_003223,test,0,Did Not Subscribe,0.44368535,4437,44.37%,928,0.7647805125602639,0,Not Recommended,0.40 to 0.59,40% to 59%,28,admin.,married,high.school,cellular,jul,5,0,nonexistent,0,0,0,0,1,1,0
test_003554,test,0,Did Not Subscribe,0.44355923,4436,44.36%,929,0.7645267698553666,0,Not Recommended,0.40 to 0.59,40% to 59%,36,technician,divorced,professional.course,cellular,may,3,1,failure,0,0,0,0,1,1,0
test_003275,test,0,Did Not Subscribe,0.44351786,4435,44.35%,930,0.7642730271504694,0,Not Recommended,0.40 to 0.59,40% to 59%,44,blue-collar,married,basic.4y,cellular,aug,1,0,nonexistent,0,0,0,0,1,1,0
test_003631,test,0,Did Not Subscribe,0.443341,4433,44.33%,931,0.7640192844455722,0,Not Recommended,0.40 to 0.59,40% to 59%,33,blue-collar,single,basic.4y,cellular,apr,1,0,nonexistent,0,0,0,0,1,1,0
test_003850,test,0,Did Not Subscribe,0.44302922,4430,44.30%,932,0.763765541740675,0,Not Recommended,0.40 to 0.59,40% to 59%,24,technician,single,professional.course,cellular,jul,4,0,nonexistent,0,0,0,0,1,1,0
test_002998,test,0,Did Not Subscribe,0.4429395,4429,44.29%,933,0.7635117990357777,0,Not Recommended,0.40 to 0.59,40% to 59%,31,admin.,single,university.degree,cellular,aug,1,0,nonexistent,0,0,0,0,1,1,0
test_001431,test,0,Did Not Subscribe,0.44272017,4427,44.27%,934,0.7632580563308805,0,Not Recommended,0.40 to 0.59,40% to 59%,25,technician,married,professional.course,cellular,jul,3,0,nonexistent,0,0,0,0,1,1,0
test_003510,test,0,Did Not Subscribe,0.4426448,4426,44.26%,935,0.7630043136259832,0,Not Recommended,0.40 to 0.59,40% to 59%,49,services,married,high.school,cellular,apr,4,0,nonexistent,0,0,0,0,1,1,0
test_002919,test,0,Did Not Subscribe,0.44235408,4424,44.24%,936,0.762750570921086,0,Not Recommended,0.40 to 0.59,40% to 59%,53,blue-collar,married,basic.4y,cellular,aug,2,0,nonexistent,0,0,0,0,1,1,0
test_002735,test,0,Did Not Subscribe,0.4423437,4423,44.23%,937,0.7624968282161888,0,Not Recommended,0.40 to 0.59,40% to 59%,27,student,single,basic.9y,cellular,jul,1,0,nonexistent,0,0,0,0,1,1,0
test_002331,test,0,Did Not Subscribe,0.4422733,4423,44.23%,938,0.7622430855112916,0,Not Recommended,0.40 to 0.59,40% to 59%,31,self-employed,married,basic.9y,cellular,may,1,1,failure,0,0,0,0,1,1,0
test_003595,test,0,Did Not Subscribe,0.44225895,4423,44.23%,939,0.7619893428063943,0,Not Recommended,0.40 to 0.59,40% to 59%,38,admin.,single,high.school,cellular,aug,1,0,nonexistent,0,0,0,0,1,1,0
test_002187,test,0,Did Not Subscribe,0.44194308,4419,44.19%,940,0.7617356001014971,0,Not Recommended,0.40 to 0.59,40% to 59%,30,management,married,university.degree,cellular,jul,2,0,nonexistent,0,0,0,0,1,1,0
test_001876,test,0,Did Not Subscribe,0.44186896,4419,44.19%,941,0.7614818573965998,0,Not Recommended,0.40 to 0.59,40% to 59%,53,entrepreneur,married,university.degree,cellular,aug,2,0,nonexistent,0,0,0,0,1,1,0
test_001620,test,0,Did Not Subscribe,0.44163,4416,44.16%,942,0.7612281146917026,0,Not Recommended,0.40 to 0.59,40% to 59%,32,technician,married,high.school,cellular,may,1,0,nonexistent,0,0,0,0,1,1,0
test_002124,test,1,Subscribed,0.44089726,4409,44.09%,943,0.7609743719868054,0,Not Recommended,0.40 to 0.59,40% to 59%,37,management,married,university.degree,cellular,aug,2,0,nonexistent,0,0,0,0,1,1,0
test_001211,test,0,Did Not Subscribe,0.44042996,4404,44.04%,944,0.7607206292819082,0,Not Recommended,0.40 to 0.59,40% to 59%,30,technician,married,high.school,cellular,jul,2,0,nonexistent,0,0,0,0,1,1,0
test_003224,test,0,Did Not Subscribe,0.44015583,4402,44.02%,945,0.7604668865770109,0,Not Recommended,0.40 to 0.59,40% to 59%,33,management,married,university.degree,cellular,jul,2,0,nonexistent,0,0,0,0,1,1,0
test_002571,test,0,Did Not Subscribe,0.43994272,4399,43.99%,946,0.7602131438721137,0,Not Recommended,0.40 to 0.59,40% to 59%,57,retired,married,basic.9y,cellular,aug,3,0,nonexistent,0,0,0,0,1,1,0
test_001132,test,0,Did Not Subscribe,0.43982363,4398,43.98%,947,0.7599594011672164,0,Not Recommended,0.40 to 0.59,40% to 59%,28,blue-collar,married,basic.9y,cellular,jul,2,0,nonexistent,0,0,0,0,1,1,0
test_002532,test,1,Subscribed,0.4396971,4397,43.97%,948,0.7597056584623192,0,Not Recommended,0.40 to 0.59,40% to 59%,29,management,single,basic.9y,cellular,jul,1,0,nonexistent,0,0,0,0,1,1,0
test_000172,test,1,Subscribed,0.43950516,4395,43.95%,949,0.759451915757422,0,Not Recommended,0.40 to 0.59,40% to 59%,53,management,married,university.degree,cellular,aug,3,0,nonexistent,0,0,0,0,1,1,0
test_000045,test,0,Did Not Subscribe,0.43939313,4394,43.94%,950,0.7591981730525248,0,Not Recommended,0.40 to 0.59,40% to 59%,23,blue-collar,married,basic.9y,cellular,may,4,0,nonexistent,0,0,0,0,1,1,0
test_003299,test,0,Did Not Subscribe,0.43918374,4392,43.92%,951,0.7589444303476275,0,Not Recommended,0.40 to 0.59,40% to 59%,54,management,married,university.degree,cellular,may,1,0,nonexistent,0,0,0,0,1,1,0
test_001691,test,1,Subscribed,0.43895054,4390,43.90%,952,0.7586906876427303,0,Not Recommended,0.40 to 0.59,40% to 59%,37,blue-collar,married,basic.6y,cellular,jul,3,0,nonexistent,0,0,0,0,1,1,0
test_001160,test,0,Did Not Subscribe,0.4388835,4389,43.89%,953,0.758436944937833,0,Not Recommended,0.40 to 0.59,40% to 59%,40,blue-collar,single,basic.9y,cellular,may,3,0,nonexistent,0,0,0,0,1,1,0
test_002933,test,1,Subscribed,0.43827727,4383,43.83%,954,0.7581832022329358,0,Not Recommended,0.40 to 0.59,40% to 59%,31,blue-collar,single,basic.9y,cellular,jul,2,0,nonexistent,0,0,0,0,1,1,0
test_002650,test,0,Did Not Subscribe,0.43805903,4381,43.81%,955,0.7579294595280386,0,Not Recommended,0.40 to 0.59,40% to 59%,34,technician,married,professional.course,cellular,may,2,0,nonexistent,0,0,0,0,1,1,0
test_002402,test,0,Did Not Subscribe,0.4374167,4374,43.74%,956,0.7576757168231414,0,Not Recommended,0.40 to 0.59,40% to 59%,27,admin.,married,high.school,cellular,may,1,0,nonexistent,0,0,0,0,1,1,0
test_001599,test,0,Did Not Subscribe,0.43701896,4370,43.70%,957,0.7574219741182441,0,Not Recommended,0.40 to 0.59,40% to 59%,33,technician,married,high.school,cellular,aug,1,0,nonexistent,0,0,0,0,1,1,0
test_003771,test,0,Did Not Subscribe,0.43696707,4370,43.70%,958,0.7571682314133469,0,Not Recommended,0.40 to 0.59,40% to 59%,57,blue-collar,married,basic.4y,cellular,may,1,0,nonexistent,0,0,0,0,1,1,0
test_003480,test,1,Subscribed,0.43695718,4370,43.70%,959,0.7569144887084496,0,Not Recommended,0.40 to 0.59,40% to 59%,35,admin.,single,high.school,cellular,jul,1,0,nonexistent,0,0,0,0,1,1,0
test_001392,test,0,Did Not Subscribe,0.43693894,4369,43.69%,960,0.7566607460035524,0,Not Recommended,0.40 to 0.59,40% to 59%,31,entrepreneur,single,basic.9y,cellular,jul,3,0,nonexistent,0,0,0,0,1,1,0
test_003304,test,1,Subscribed,0.43679127,4368,43.68%,961,0.7564070032986552,0,Not Recommended,0.40 to 0.59,40% to 59%,47,entrepreneur,married,university.degree,cellular,aug,2,0,nonexistent,0,0,0,0,1,1,0
test_000522,test,0,Did Not Subscribe,0.43672696,4367,43.67%,962,0.756153260593758,0,Not Recommended,0.40 to 0.59,40% to 59%,51,admin.,married,basic.9y,cellular,may,6,2,success,0,0,0,0,1,1,0
test_001529,test,1,Subscribed,0.43664572,4366,43.66%,963,0.7558995178888607,0,Not Recommended,0.40 to 0.59,40% to 59%,31,admin.,single,high.school,cellular,nov,1,0,nonexistent,0,0,0,0,1,1,0
test_003738,test,0,Did Not Subscribe,0.435989,4360,43.60%,964,0.7556457751839635,0,Not Recommended,0.40 to 0.59,40% to 59%,40,entrepreneur,married,university.degree,cellular,jul,3,0,nonexistent,0,0,0,0,1,1,0
test_003536,test,0,Did Not Subscribe,0.43595833,4360,43.60%,965,0.7553920324790662,0,Not Recommended,0.40 to 0.59,40% to 59%,35,blue-collar,married,basic.6y,cellular,jul,4,0,nonexistent,0,0,0,0,1,1,0
test_002080,test,0,Did Not Subscribe,0.43587962,4359,43.59%,966,0.755138289774169,0,Not Recommended,0.40 to 0.59,40% to 59%,48,blue-collar,single,basic.9y,cellular,apr,1,1,failure,0,0,0,0,1,1,0
test_001113,test,0,Did Not Subscribe,0.43568465,4357,43.57%,967,0.7548845470692718,0,Not Recommended,0.40 to 0.59,40% to 59%,45,management,married,university.degree,cellular,aug,4,0,nonexistent,0,0,0,0,1,1,0
test_002527,test,0,Did Not Subscribe,0.43550307,4355,43.55%,968,0.7546308043643746,0,Not Recommended,0.40 to 0.59,40% to 59%,26,blue-collar,single,basic.9y,cellular,may,1,1,failure,0,0,0,0,1,1,0
test_003252,test,0,Did Not Subscribe,0.43539637,4354,43.54%,969,0.7543770616594773,0,Not Recommended,0.40 to 0.59,40% to 59%,37,technician,single,university.degree,cellular,may,2,0,nonexistent,0,0,0,0,1,1,0
test_001541,test,1,Subscribed,0.43525165,4353,43.53%,970,0.7541233189545801,0,Not Recommended,0.40 to 0.59,40% to 59%,35,admin.,married,university.degree,cellular,jul,2,0,nonexistent,0,0,0,0,1,1,0
test_000685,test,0,Did Not Subscribe,0.43510857,4351,43.51%,971,0.7538695762496828,0,Not Recommended,0.40 to 0.59,40% to 59%,38,admin.,single,university.degree,cellular,aug,3,0,nonexistent,0,0,0,0,1,1,0
test_002901,test,0,Did Not Subscribe,0.43454632,4345,43.45%,972,0.7536158335447856,0,Not Recommended,0.40 to 0.59,40% to 59%,28,admin.,married,university.degree,cellular,jul,2,0,nonexistent,0,0,0,0,1,1,0
test_003313,test,0,Did Not Subscribe,0.4344882,4345,43.45%,973,0.7533620908398884,0,Not Recommended,0.40 to 0.59,40% to 59%,25,services,single,high.school,cellular,jul,3,0,nonexistent,0,0,0,0,1,1,0
test_001037,test,0,Did Not Subscribe,0.43429816,4343,43.43%,974,0.7531083481349912,0,Not Recommended,0.40 to 0.59,40% to 59%,48,entrepreneur,married,basic.6y,cellular,may,1,0,nonexistent,0,0,0,0,1,1,0
test_002446,test,0,Did Not Subscribe,0.43429673,4343,43.43%,975,0.7528546054300939,0,Not Recommended,0.40 to 0.59,40% to 59%,37,technician,divorced,high.school,telephone,apr,2,0,nonexistent,0,0,0,0,1,1,0
test_003878,test,0,Did Not Subscribe,0.43418324,4342,43.42%,976,0.7526008627251967,0,Not Recommended,0.40 to 0.59,40% to 59%,36,technician,divorced,professional.course,cellular,apr,2,0,nonexistent,0,0,0,0,1,1,0
test_002960,test,0,Did Not Subscribe,0.43407306,4341,43.41%,977,0.7523471200202994,0,Not Recommended,0.40 to 0.59,40% to 59%,41,blue-collar,married,basic.4y,cellular,may,2,0,nonexistent,0,0,0,0,1,1,0
test_003720,test,0,Did Not Subscribe,0.43400368,4340,43.40%,978,0.7520933773154022,0,Not Recommended,0.40 to 0.59,40% to 59%,46,blue-collar,married,high.school,cellular,may,5,0,nonexistent,0,0,0,0,1,1,0
test_000368,test,0,Did Not Subscribe,0.43398115,4340,43.40%,979,0.751839634610505,0,Not Recommended,0.40 to 0.59,40% to 59%,30,admin.,single,university.degree,cellular,nov,1,0,nonexistent,0,0,0,0,1,1,0
test_003107,test,0,Did Not Subscribe,0.43390864,4339,43.39%,980,0.7515858919056078,0,Not Recommended,0.40 to 0.59,40% to 59%,33,admin.,single,high.school,cellular,may,1,0,nonexistent,0,0,0,0,1,1,0
test_001417,test,0,Did Not Subscribe,0.4338606,4339,43.39%,981,0.7513321492007105,0,Not Recommended,0.40 to 0.59,40% to 59%,30,blue-collar,single,basic.9y,cellular,nov,1,0,nonexistent,0,0,0,0,1,1,0
test_001318,test,0,Did Not Subscribe,0.43328866,4333,43.33%,982,0.7510784064958133,0,Not Recommended,0.40 to 0.59,40% to 59%,56,blue-collar,married,basic.9y,cellular,aug,3,0,nonexistent,0,0,0,0,1,1,0
test_002240,test,0,Did Not Subscribe,0.4330991,4331,43.31%,983,0.750824663790916,0,Not Recommended,0.40 to 0.59,40% to 59%,26,management,single,university.degree,cellular,may,1,1,failure,0,0,0,0,1,1,0
test_002029,test,0,Did Not Subscribe,0.4329622,4330,43.30%,984,0.7505709210860187,0,Not Recommended,0.40 to 0.59,40% to 59%,32,admin.,single,high.school,cellular,jul,3,0,nonexistent,0,0,0,0,1,1,0
test_002316,test,0,Did Not Subscribe,0.4329394,4329,43.29%,985,0.7503171783811216,0,Not Recommended,0.40 to 0.59,40% to 59%,30,entrepreneur,single,university.degree,cellular,nov,1,0,nonexistent,0,0,0,0,1,1,0
test_001192,test,0,Did Not Subscribe,0.43290812,4329,43.29%,986,0.7500634356762244,0,Not Recommended,0.40 to 0.59,40% to 59%,29,services,married,professional.course,cellular,may,1,0,nonexistent,0,0,0,0,1,1,0
test_003520,test,0,Did Not Subscribe,0.43270558,4327,43.27%,987,0.7498096929713272,0,Not Recommended,0.40 to 0.59,40% to 59%,32,admin.,single,professional.course,cellular,may,1,0,nonexistent,0,0,0,0,0,1,0
test_001105,test,0,Did Not Subscribe,0.43265688,4327,43.27%,988,0.7495559502664298,0,Not Recommended,0.40 to 0.59,40% to 59%,41,services,married,high.school,cellular,may,2,0,nonexistent,0,0,0,0,0,1,0
test_000024,test,0,Did Not Subscribe,0.43263227,4326,43.26%,989,0.7493022075615325,0,Not Recommended,0.40 to 0.59,40% to 59%,37,blue-collar,married,basic.6y,cellular,apr,2,0,nonexistent,0,0,0,0,0,1,0
test_001394,test,0,Did Not Subscribe,0.43181193,4318,43.18%,990,0.7490484648566353,0,Not Recommended,0.40 to 0.59,40% to 59%,28,blue-collar,married,basic.9y,cellular,may,4,0,nonexistent,0,0,0,0,0,1,0
test_002463,test,0,Did Not Subscribe,0.43178368,4318,43.18%,991,0.7487947221517381,0,Not Recommended,0.40 to 0.59,40% to 59%,28,admin.,single,university.degree,cellular,jul,2,0,nonexistent,0,0,0,0,0,1,0
test_001052,test,0,Did Not Subscribe,0.4317441,4317,43.17%,992,0.748540979446841,0,Not Recommended,0.40 to 0.59,40% to 59%,27,technician,married,professional.course,cellular,may,1,0,nonexistent,0,0,0,0,0,1,0
test_001590,test,0,Did Not Subscribe,0.43098626,4310,43.10%,993,0.7482872367419438,0,Not Recommended,0.40 to 0.59,40% to 59%,30,technician,married,university.degree,cellular,nov,1,0,nonexistent,0,0,0,0,0,1,0
test_002232,test,0,Did Not Subscribe,0.4308562,4309,43.09%,994,0.7480334940370464,0,Not Recommended,0.40 to 0.59,40% to 59%,27,admin.,married,professional.course,cellular,may,1,1,failure,0,0,0,0,0,1,0
test_000545,test,0,Did Not Subscribe,0.43075982,4308,43.08%,995,0.7477797513321491,0,Not Recommended,0.40 to 0.59,40% to 59%,36,blue-collar,married,basic.6y,cellular,jul,1,0,nonexistent,0,0,0,0,0,1,0
test_003691,test,0,Did Not Subscribe,0.4306223,4306,43.06%,996,0.7475260086272519,0,Not Recommended,0.40 to 0.59,40% to 59%,35,blue-collar,married,basic.9y,cellular,may,1,0,nonexistent,0,0,0,0,0,1,0
test_000134,test,0,Did Not Subscribe,0.43051443,4305,43.05%,997,0.7472722659223547,0,Not Recommended,0.40 to 0.59,40% to 59%,30,admin.,single,high.school,cellular,jul,3,0,nonexistent,0,0,0,0,0,1,0
test_003398,test,0,Did Not Subscribe,0.43039638,4304,43.04%,998,0.7470185232174575,0,Not Recommended,0.40 to 0.59,40% to 59%,37,admin.,married,university.degree,cellular,aug,2,0,nonexistent,0,0,0,0,0,1,0
test_003886,test,0,Did Not Subscribe,0.4297468,4297,42.97%,999,0.7467647805125603,0,Not Recommended,0.40 to 0.59,40% to 59%,30,blue-collar,married,basic.9y,cellular,may,2,0,nonexistent,0,0,0,0,0,1,0
test_002050,test,0,Did Not Subscribe,0.4296285,4296,42.96%,1000,0.746511037807663,0,Not Recommended,0.40 to 0.59,40% to 59%,38,blue-collar,married,basic.4y,cellular,may,2,0,nonexistent,0,0,0,0,0,1,0
test_002032,test,0,Did Not Subscribe,0.4295777,4296,42.96%,1001,0.7462572951027657,0,Not Recommended,0.40 to 0.59,40% to 59%,35,blue-collar,single,high.school,cellular,may,3,0,nonexistent,0,0,0,0,0,1,0
test_001091,test,0,Did Not Subscribe,0.42923155,4292,42.92%,1002,0.7460035523978685,0,Not Recommended,0.40 to 0.59,40% to 59%,43,services,married,high.school,telephone,apr,7,0,nonexistent,0,0,0,0,0,1,0
test_001463,test,0,Did Not Subscribe,0.42865434,4287,42.87%,1003,0.7457498096929713,0,Not Recommended,0.40 to 0.59,40% to 59%,33,admin.,married,high.school,cellular,apr,6,0,nonexistent,0,0,0,0,0,1,0
test_002743,test,0,Did Not Subscribe,0.4283044,4283,42.83%,1004,0.7454960669880741,0,Not Recommended,0.40 to 0.59,40% to 59%,50,self-employed,single,basic.9y,cellular,apr,2,1,failure,0,0,0,0,0,1,0
test_002088,test,0,Did Not Subscribe,0.42815953,4282,42.82%,1005,0.7452423242831769,0,Not Recommended,0.40 to 0.59,40% to 59%,30,admin.,single,high.school,cellular,jul,3,0,nonexistent,0,0,0,0,0,1,0
test_001595,test,0,Did Not Subscribe,0.42815307,4282,42.82%,1006,0.7449885815782796,0,Not Recommended,0.40 to 0.59,40% to 59%,30,admin.,married,high.school,cellular,jul,4,0,nonexistent,0,0,0,0,0,1,0
test_001770,test,0,Did Not Subscribe,0.4281329,4281,42.81%,1007,0.7447348388733823,0,Not Recommended,0.40 to 0.59,40% to 59%,25,blue-collar,married,basic.9y,cellular,jul,1,0,nonexistent,0,0,0,0,0,1,0
test_000762,test,0,Did Not Subscribe,0.42796984,4280,42.80%,1008,0.7444810961684851,0,Not Recommended,0.40 to 0.59,40% to 59%,26,services,single,university.degree,cellular,jul,8,0,nonexistent,0,0,0,0,0,1,0
test_001738,test,0,Did Not Subscribe,0.42796016,4280,42.80%,1009,0.7442273534635879,0,Not Recommended,0.40 to 0.59,40% to 59%,34,technician,single,university.degree,cellular,aug,1,0,nonexistent,0,0,0,0,0,1,0
test_000228,test,0,Did Not Subscribe,0.42794907,4279,42.79%,1010,0.7439736107586907,0,Not Recommended,0.40 to 0.59,40% to 59%,35,management,married,university.degree,cellular,aug,1,0,nonexistent,0,0,0,0,0,1,0
test_002026,test,0,Did Not Subscribe,0.42785364,4279,42.79%,1011,0.7437198680537935,0,Not Recommended,0.40 to 0.59,40% to 59%,33,services,married,professional.course,telephone,sep,1,1,failure,0,0,0,0,0,1,0
test_002848,test,0,Did Not Subscribe,0.42776838,4278,42.78%,1012,0.7434661253488962,0,Not Recommended,0.40 to 0.59,40% to 59%,38,admin.,divorced,university.degree,cellular,aug,2,0,nonexistent,0,0,0,0,0,1,0
test_001905,test,0,Did Not Subscribe,0.42773953,4277,42.77%,1013,0.7432123826439989,0,Not Recommended,0.40 to 0.59,40% to 59%,33,blue-collar,married,high.school,cellular,apr,5,0,nonexistent,0,0,0,0,0,1,0
test_000851,test,0,Did Not Subscribe,0.4273253,4273,42.73%,1014,0.7429586399391017,0,Not Recommended,0.40 to 0.59,40% to 59%,31,management,single,university.degree,cellular,may,2,0,nonexistent,0,0,0,0,0,1,0
test_000540,test,1,Subscribed,0.42720023,4272,42.72%,1015,0.7427048972342045,0,Not Recommended,0.40 to 0.59,40% to 59%,50,technician,married,unknown,cellular,may,1,0,nonexistent,0,0,0,0,0,1,0
test_000010,test,0,Did Not Subscribe,0.42689058,4269,42.69%,1016,0.7424511545293073,0,Not Recommended,0.40 to 0.59,40% to 59%,32,blue-collar,married,basic.6y,cellular,apr,2,1,failure,0,0,0,0,0,1,0
test_001960,test,0,Did Not Subscribe,0.426533,4265,42.65%,1017,0.7421974118244101,0,Not Recommended,0.40 to 0.59,40% to 59%,59,blue-collar,married,basic.9y,telephone,apr,3,1,failure,0,0,0,0,0,1,0
test_001625,test,0,Did Not Subscribe,0.4262401,4262,42.62%,1018,0.7419436691195128,0,Not Recommended,0.40 to 0.59,40% to 59%,33,technician,divorced,professional.course,cellular,may,4,0,nonexistent,0,0,0,0,0,1,0
test_002112,test,0,Did Not Subscribe,0.4261918,4262,42.62%,1019,0.7416899264146155,0,Not Recommended,0.40 to 0.59,40% to 59%,42,technician,married,professional.course,cellular,may,4,0,nonexistent,0,0,0,0,0,1,0
test_002855,test,0,Did Not Subscribe,0.42611912,4261,42.61%,1020,0.7414361837097183,0,Not Recommended,0.40 to 0.59,40% to 59%,38,blue-collar,married,basic.9y,cellular,may,1,0,nonexistent,0,0,0,0,0,1,0
test_001654,test,0,Did Not Subscribe,0.42608985,4261,42.61%,1021,0.7411824410048211,0,Not Recommended,0.40 to 0.59,40% to 59%,34,admin.,single,university.degree,cellular,jul,1,0,nonexistent,0,0,0,0,0,1,0
test_000610,test,0,Did Not Subscribe,0.42599154,4260,42.60%,1022,0.7409286982999239,0,Not Recommended,0.40 to 0.59,40% to 59%,39,services,married,basic.9y,cellular,jul,5,0,nonexistent,0,0,0,0,0,1,0
test_000315,test,1,Subscribed,0.42507988,4251,42.51%,1023,0.7406749555950267,0,Not Recommended,0.40 to 0.59,40% to 59%,24,blue-collar,single,basic.9y,cellular,jul,5,0,nonexistent,0,0,0,0,0,1,0
test_002163,test,0,Did Not Subscribe,0.42507234,4251,42.51%,1024,0.7404212128901294,0,Not Recommended,0.40 to 0.59,40% to 59%,33,admin.,single,university.degree,cellular,aug,2,0,nonexistent,0,0,0,0,0,1,0
test_003883,test,0,Did Not Subscribe,0.42481673,4248,42.48%,1025,0.7401674701852321,0,Not Recommended,0.40 to 0.59,40% to 59%,27,blue-collar,divorced,unknown,cellular,jul,5,0,nonexistent,0,0,0,0,0,1,0
test_002800,test,0,Did Not Subscribe,0.42480856,4248,42.48%,1026,0.7399137274803349,0,Not Recommended,0.40 to 0.59,40% to 59%,29,admin.,single,high.school,cellular,jul,2,0,nonexistent,0,0,0,0,0,1,0
test_002180,test,0,Did Not Subscribe,0.42480496,4248,42.48%,1027,0.7396599847754377,0,Not Recommended,0.40 to 0.59,40% to 59%,37,technician,single,high.school,cellular,aug,1,0,nonexistent,0,0,0,0,0,1,0
test_000295,test,0,Did Not Subscribe,0.42468357,4247,42.47%,1028,0.7394062420705405,0,Not Recommended,0.40 to 0.59,40% to 59%,35,technician,married,professional.course,cellular,may,4,0,nonexistent,0,0,0,0,0,1,0
test_002155,test,0,Did Not Subscribe,0.42467865,4247,42.47%,1029,0.7391524993656433,0,Not Recommended,0.40 to 0.59,40% to 59%,32,services,married,basic.9y,cellular,jul,1,0,nonexistent,0,0,0,0,0,1,0
test_003640,test,0,Did Not Subscribe,0.4245376,4245,42.45%,1030,0.738898756660746,0,Not Recommended,0.40 to 0.59,40% to 59%,54,blue-collar,divorced,basic.4y,cellular,may,3,0,nonexistent,0,0,0,0,0,1,0
test_003103,test,1,Subscribed,0.42440286,4244,42.44%,1031,0.7386450139558487,0,Not Recommended,0.40 to 0.59,40% to 59%,33,blue-collar,married,basic.9y,cellular,may,1,0,nonexistent,0,0,0,0,0,1,0
test_001739,test,0,Did Not Subscribe,0.4238922,4239,42.39%,1032,0.7383912712509515,0,Not Recommended,0.40 to 0.59,40% to 59%,33,admin.,married,university.degree,cellular,may,1,0,nonexistent,0,0,0,0,0,1,0
test_001133,test,0,Did Not Subscribe,0.4238552,4239,42.39%,1033,0.7381375285460543,0,Not Recommended,0.40 to 0.59,40% to 59%,27,admin.,married,university.degree,cellular,jul,5,0,nonexistent,0,0,0,0,0,1,0
test_003165,test,0,Did Not Subscribe,0.42374423,4237,42.37%,1034,0.7378837858411571,0,Not Recommended,0.40 to 0.59,40% to 59%,27,blue-collar,married,basic.4y,cellular,may,2,0,nonexistent,0,0,0,0,0,1,0
test_002790,test,0,Did Not Subscribe,0.42370406,4237,42.37%,1035,0.7376300431362599,0,Not Recommended,0.40 to 0.59,40% to 59%,31,technician,single,high.school,cellular,aug,1,0,nonexistent,0,0,0,0,0,1,0
test_002075,test,0,Did Not Subscribe,0.42368045,4237,42.37%,1036,0.7373763004313626,0,Not Recommended,0.40 to 0.59,40% to 59%,34,admin.,married,university.degree,cellular,aug,2,0,nonexistent,0,0,0,0,0,1,0
test_003110,test,0,Did Not Subscribe,0.42361152,4236,42.36%,1037,0.7371225577264653,0,Not Recommended,0.40 to 0.59,40% to 59%,32,technician,single,high.school,cellular,may,1,1,failure,0,0,0,0,0,1,0
test_002562,test,0,Did Not Subscribe,0.423497,4235,42.35%,1038,0.7368688150215681,0,Not Recommended,0.40 to 0.59,40% to 59%,28,services,single,high.school,cellular,jul,4,0,nonexistent,0,0,0,0,0,1,0
test_003109,test,0,Did Not Subscribe,0.42309648,4231,42.31%,1039,0.7366150723166709,0,Not Recommended,0.40 to 0.59,40% to 59%,33,technician,married,university.degree,cellular,nov,1,0,nonexistent,0,0,0,0,0,1,0
test_003155,test,0,Did Not Subscribe,0.4229101,4229,42.29%,1040,0.7363613296117737,0,Not Recommended,0.40 to 0.59,40% to 59%,29,services,single,university.degree,cellular,jul,1,0,nonexistent,0,0,0,0,0,1,0
test_002695,test,0,Did Not Subscribe,0.42250624,4225,42.25%,1041,0.7361075869068765,0,Not Recommended,0.40 to 0.59,40% to 59%,30,admin.,single,university.degree,cellular,jul,3,0,nonexistent,0,0,0,0,0,1,0
test_003899,test,0,Did Not Subscribe,0.42243236,4224,42.24%,1042,0.7358538442019792,0,Not Recommended,0.40 to 0.59,40% to 59%,31,admin.,married,university.degree,cellular,aug,3,0,nonexistent,0,0,0,0,0,1,0
test_000079,test,0,Did Not Subscribe,0.42217547,4222,42.22%,1043,0.7356001014970819,0,Not Recommended,0.40 to 0.59,40% to 59%,27,technician,single,professional.course,cellular,may,1,0,nonexistent,0,0,0,0,0,1,0
test_000576,test,0,Did Not Subscribe,0.42211634,4221,42.21%,1044,0.7353463587921847,0,Not Recommended,0.40 to 0.59,40% to 59%,33,blue-collar,single,basic.4y,cellular,may,2,0,nonexistent,0,0,0,0,0,1,0
test_001694,test,0,Did Not Subscribe,0.42182583,4218,42.18%,1045,0.7350926160872875,0,Not Recommended,0.40 to 0.59,40% to 59%,36,technician,married,basic.9y,cellular,apr,3,0,nonexistent,0,0,0,0,0,1,0
test_001196,test,0,Did Not Subscribe,0.42126578,4213,42.13%,1046,0.7348388733823903,0,Not Recommended,0.40 to 0.59,40% to 59%,36,technician,married,professional.course,cellular,may,1,0,nonexistent,0,0,0,0,0,1,0
test_000689,test,0,Did Not Subscribe,0.42119437,4212,42.12%,1047,0.7345851306774931,0,Not Recommended,0.40 to 0.59,40% to 59%,34,admin.,unknown,university.degree,cellular,jul,1,0,nonexistent,0,0,0,0,0,1,0
test_000036,test,0,Did Not Subscribe,0.42107034,4211,42.11%,1048,0.7343313879725958,0,Not Recommended,0.40 to 0.59,40% to 59%,48,blue-collar,married,basic.6y,cellular,jul,1,0,nonexistent,0,0,0,0,0,1,0
test_003912,test,0,Did Not Subscribe,0.42090172,4209,42.09%,1049,0.7340776452676985,0,Not Recommended,0.40 to 0.59,40% to 59%,29,blue-collar,married,basic.9y,cellular,may,1,0,nonexistent,0,0,0,0,0,1,0
test_001991,test,0,Did Not Subscribe,0.42088526,4209,42.09%,1050,0.7338239025628013,0,Not Recommended,0.40 to 0.59,40% to 59%,31,entrepreneur,single,basic.9y,cellular,may,2,0,nonexistent,0,0,0,0,0,1,0
test_002153,test,0,Did Not Subscribe,0.4208034,4208,42.08%,1051,0.7335701598579041,0,Not Recommended,0.40 to 0.59,40% to 59%,31,admin.,married,university.degree,cellular,nov,1,0,nonexistent,0,0,0,0,0,1,0
test_003191,test,0,Did Not Subscribe,0.42059216,4206,42.06%,1052,0.7333164171530069,0,Not Recommended,0.40 to 0.59,40% to 59%,51,services,married,high.school,cellular,apr,3,0,nonexistent,0,0,0,0,0,1,0
test_001748,test,0,Did Not Subscribe,0.42058355,4206,42.06%,1053,0.7330626744481097,0,Not Recommended,0.40 to 0.59,40% to 59%,27,blue-collar,single,basic.9y,cellular,jul,1,0,nonexistent,0,0,0,0,0,1,0
test_001074,test,0,Did Not Subscribe,0.42050883,4205,42.05%,1054,0.7328089317432124,0,Not Recommended,0.40 to 0.59,40% to 59%,50,services,married,high.school,cellular,apr,6,0,nonexistent,0,0,0,0,0,1,0
test_003764,test,0,Did Not Subscribe,0.42049348,4205,42.05%,1055,0.7325551890383151,0,Not Recommended,0.40 to 0.59,40% to 59%,31,self-employed,married,university.degree,cellular,nov,1,0,nonexistent,0,0,0,0,0,1,0
test_002387,test,0,Did Not Subscribe,0.42033488,4203,42.03%,1056,0.7323014463334179,0,Not Recommended,0.40 to 0.59,40% to 59%,35,technician,married,professional.course,cellular,may,3,0,nonexistent,0,0,0,0,0,1,0
test_000153,test,0,Did Not Subscribe,0.420253,4203,42.03%,1057,0.7320477036285207,0,Not Recommended,0.40 to 0.59,40% to 59%,32,services,single,high.school,cellular,jul,2,0,nonexistent,0,0,0,0,0,1,0
test_003935,test,0,Did Not Subscribe,0.4202298,4202,42.02%,1058,0.7317939609236235,0,Not Recommended,0.40 to 0.59,40% to 59%,39,entrepreneur,married,basic.6y,cellular,may,1,0,nonexistent,0,0,0,0,0,1,0
test_000845,test,0,Did Not Subscribe,0.4200813,4201,42.01%,1059,0.7315402182187263,0,Not Recommended,0.40 to 0.59,40% to 59%,31,admin.,married,university.degree,cellular,may,1,0,nonexistent,0,0,0,0,0,1,0
test_002456,test,0,Did Not Subscribe,0.4200345,4200,42.00%,1060,0.731286475513829,0,Not Recommended,0.40 to 0.59,40% to 59%,38,entrepreneur,married,basic.9y,cellular,jul,2,0,nonexistent,0,0,0,0,0,1,0
test_002066,test,0,Did Not Subscribe,0.41852474,4185,41.85%,1061,0.7310327328089317,0,Not Recommended,0.40 to 0.59,40% to 59%,46,unknown,single,unknown,cellular,may,1,0,nonexistent,0,0,0,0,0,1,0
test_000548,test,0,Did Not Subscribe,0.41820014,4182,41.82%,1062,0.7307789901040345,0,Not Recommended,0.40 to 0.59,40% to 59%,52,blue-collar,married,basic.9y,cellular,may,1,0,nonexistent,0,0,0,0,0,1,0
test_002089,test,0,Did Not Subscribe,0.41814986,4181,41.81%,1063,0.7305252473991373,0,Not Recommended,0.40 to 0.59,40% to 59%,41,blue-collar,married,basic.4y,cellular,may,1,0,nonexistent,0,0,0,0,0,1,0
test_002093,test,0,Did Not Subscribe,0.41780096,4178,41.78%,1064,0.7302715046942401,0,Not Recommended,0.40 to 0.59,40% to 59%,44,blue-collar,married,basic.6y,cellular,jul,5,0,nonexistent,0,0,0,0,0,1,0
test_003618,test,0,Did Not Subscribe,0.41747233,4175,41.75%,1065,0.7300177619893429,0,Not Recommended,0.40 to 0.59,40% to 59%,40,services,single,high.school,cellular,may,1,0,nonexistent,0,0,0,0,0,1,0
test_003213,test,0,Did Not Subscribe,0.4173461,4173,41.73%,1066,0.7297640192844456,0,Not Recommended,0.40 to 0.59,40% to 59%,39,entrepreneur,married,university.degree,cellular,may,1,1,failure,0,0,0,0,0,1,0
test_003377,test,0,Did Not Subscribe,0.41689909,4169,41.69%,1067,0.7295102765795483,0,Not Recommended,0.40 to 0.59,40% to 59%,39,admin.,married,high.school,cellular,aug,2,0,nonexistent,0,0,0,0,0,1,0
test_003913,test,1,Subscribed,0.41683096,4168,41.68%,1068,0.7292565338746511,0,Not Recommended,0.40 to 0.59,40% to 59%,54,services,divorced,university.degree,cellular,may,1,0,nonexistent,0,0,0,0,0,1,0
test_001999,test,0,Did Not Subscribe,0.41657573,4166,41.66%,1069,0.7290027911697539,0,Not Recommended,0.40 to 0.59,40% to 59%,34,admin.,single,university.degree,cellular,aug,2,0,nonexistent,0,0,0,0,0,1,0
test_003068,test,0,Did Not Subscribe,0.4165554,4166,41.66%,1070,0.7287490484648567,0,Not Recommended,0.40 to 0.59,40% to 59%,30,services,married,professional.course,cellular,nov,1,0,nonexistent,0,0,0,0,0,1,0
test_002410,test,0,Did Not Subscribe,0.416404,4164,41.64%,1071,0.7284953057599595,0,Not Recommended,0.40 to 0.59,40% to 59%,58,admin.,married,university.degree,cellular,aug,2,0,nonexistent,0,0,0,0,0,1,0
test_002875,test,0,Did Not Subscribe,0.4162672,4163,41.63%,1072,0.7282415630550622,0,Not Recommended,0.40 to 0.59,40% to 59%,27,blue-collar,single,basic.9y,cellular,jul,1,0,nonexistent,0,0,0,0,0,1,0
test_000802,test,0,Did Not Subscribe,0.41624063,4162,41.62%,1073,0.727987820350165,0,Not Recommended,0.40 to 0.59,40% to 59%,41,technician,married,professional.course,cellular,aug,1,0,nonexistent,0,0,0,0,0,1,0
test_001890,test,1,Subscribed,0.41579825,4158,41.58%,1074,0.7277340776452677,0,Not Recommended,0.40 to 0.59,40% to 59%,60,retired,married,basic.9y,cellular,aug,3,0,nonexistent,0,0,0,0,0,1,0
test_000932,test,0,Did Not Subscribe,0.41578743,4158,41.58%,1075,0.7274803349403705,0,Not Recommended,0.40 to 0.59,40% to 59%,30,blue-collar,married,unknown,cellular,jul,4,0,nonexistent,0,0,0,0,0,1,0
test_003139,test,0,Did Not Subscribe,0.41512096,4151,41.51%,1076,0.7272265922354733,0,Not Recommended,0.40 to 0.59,40% to 59%,31,entrepreneur,single,university.degree,cellular,nov,1,0,nonexistent,0,0,0,0,0,1,0
test_000338,test,0,Did Not Subscribe,0.4150077,4150,41.50%,1077,0.7269728495305761,0,Not Recommended,0.40 to 0.59,40% to 59%,51,blue-collar,divorced,basic.4y,cellular,may,4,0,nonexistent,0,0,0,0,0,1,0
test_002129,test,0,Did Not Subscribe,0.41477048,4148,41.48%,1078,0.7267191068256788,0,Not Recommended,0.40 to 0.59,40% to 59%,32,admin.,single,basic.9y,cellular,jul,2,0,nonexistent,0,0,0,0,0,1,0
test_000251,test,0,Did Not Subscribe,0.41445524,4145,41.45%,1079,0.7264653641207816,0,Not Recommended,0.40 to 0.59,40% to 59%,56,admin.,married,university.degree,cellular,jul,9,0,nonexistent,0,0,0,0,0,1,0
test_001361,test,0,Did Not Subscribe,0.41352516,4135,41.35%,1080,0.7262116214158842,0,Not Recommended,0.40 to 0.59,40% to 59%,32,blue-collar,single,high.school,cellular,nov,1,0,nonexistent,0,0,0,0,0,1,0
test_000795,test,0,Did Not Subscribe,0.41323853,4132,41.32%,1081,0.725957878710987,0,Not Recommended,0.40 to 0.59,40% to 59%,27,services,single,high.school,cellular,jul,4,0,nonexistent,0,0,0,0,0,1,0
test_002665,test,0,Did Not Subscribe,0.41317883,4132,41.32%,1082,0.7257041360060899,0,Not Recommended,0.40 to 0.59,40% to 59%,31,services,single,high.school,cellular,may,1,1,failure,0,0,0,0,0,1,0
test_002668,test,1,Subscribed,0.41201788,4120,41.20%,1083,0.7254503933011927,0,Not Recommended,0.40 to 0.59,40% to 59%,38,blue-collar,married,basic.6y,cellular,may,1,0,nonexistent,0,0,0,0,0,1,0
test_002820,test,0,Did Not Subscribe,0.41124898,4112,41.12%,1084,0.7251966505962953,0,Not Recommended,0.40 to 0.59,40% to 59%,29,blue-collar,single,university.degree,cellular,aug,2,0,nonexistent,0,0,0,0,0,1,0
test_000488,test,0,Did Not Subscribe,0.4112391,4112,41.12%,1085,0.7249429078913981,0,Not Recommended,0.40 to 0.59,40% to 59%,36,blue-collar,married,basic.6y,cellular,may,5,0,nonexistent,0,0,0,0,0,1,0
test_001859,test,0,Did Not Subscribe,0.41076434,4108,41.08%,1086,0.7246891651865008,0,Not Recommended,0.40 to 0.59,40% to 59%,45,blue-collar,married,basic.9y,cellular,apr,4,0,nonexistent,0,0,0,0,0,1,0
test_000709,test,0,Did Not Subscribe,0.41072696,4107,41.07%,1087,0.7244354224816036,0,Not Recommended,0.40 to 0.59,40% to 59%,27,admin.,single,professional.course,cellular,jul,2,0,nonexistent,0,0,0,0,0,1,0
test_003448,test,0,Did Not Subscribe,0.41042113,4104,41.04%,1088,0.7241816797767064,0,Not Recommended,0.40 to 0.59,40% to 59%,38,entrepreneur,divorced,university.degree,cellular,jul,2,0,nonexistent,0,0,0,0,0,1,0
test_002684,test,0,Did Not Subscribe,0.41025838,4103,41.03%,1089,0.7239279370718092,0,Not Recommended,0.40 to 0.59,40% to 59%,29,technician,single,professional.course,cellular,jul,3,0,nonexistent,0,0,0,0,0,1,0
test_002279,test,0,Did Not Subscribe,0.41011038,4101,41.01%,1090,0.7236741943669119,0,Not Recommended,0.40 to 0.59,40% to 59%,28,blue-collar,single,professional.course,cellular,may,2,0,nonexistent,0,0,0,0,0,1,0
test_002205,test,0,Did Not Subscribe,0.40997875,4100,41.00%,1091,0.7234204516620147,0,Not Recommended,0.40 to 0.59,40% to 59%,31,management,married,university.degree,cellular,may,2,0,nonexistent,0,0,0,0,0,1,0
test_003807,test,0,Did Not Subscribe,0.40997398,4100,41.00%,1092,0.7231667089571174,0,Not Recommended,0.40 to 0.59,40% to 59%,45,admin.,married,university.degree,cellular,jul,4,0,nonexistent,0,0,0,0,0,1,0
test_000175,test,0,Did Not Subscribe,0.40980074,4098,40.98%,1093,0.7229129662522202,0,Not Recommended,0.40 to 0.59,40% to 59%,28,services,married,high.school,cellular,may,2,0,nonexistent,0,0,0,0,0,1,0
test_001445,test,0,Did Not Subscribe,0.40968785,4097,40.97%,1094,0.722659223547323,0,Not Recommended,0.40 to 0.59,40% to 59%,34,admin.,divorced,high.school,cellular,aug,3,0,nonexistent,0,0,0,0,0,1,0
test_002064,test,0,Did Not Subscribe,0.40951315,4095,40.95%,1095,0.7224054808424258,0,Not Recommended,0.40 to 0.59,40% to 59%,32,blue-collar,married,basic.6y,cellular,may,1,0,nonexistent,0,0,0,0,0,1,0
test_002198,test,0,Did Not Subscribe,0.40950567,4095,40.95%,1096,0.7221517381375285,0,Not Recommended,0.40 to 0.59,40% to 59%,26,student,single,high.school,cellular,jul,1,0,nonexistent,0,0,0,0,0,1,0
test_003332,test,0,Did Not Subscribe,0.40941107,4094,40.94%,1097,0.7218979954326313,0,Not Recommended,0.40 to 0.59,40% to 59%,28,blue-collar,single,professional.course,cellular,may,1,0,nonexistent,0,0,0,0,0,1,0
test_000708,test,0,Did Not Subscribe,0.40926555,4093,40.93%,1098,0.721644252727734,0,Not Recommended,0.40 to 0.59,40% to 59%,52,entrepreneur,married,basic.9y,telephone,apr,5,0,nonexistent,0,0,0,0,0,1,0
test_000862,test,0,Did Not Subscribe,0.40926123,4093,40.93%,1099,0.7213905100228368,0,Not Recommended,0.40 to 0.59,40% to 59%,35,technician,divorced,professional.course,cellular,aug,2,0,nonexistent,0,0,0,0,0,1,0
test_001698,test,0,Did Not Subscribe,0.40888765,4089,40.89%,1100,0.7211367673179396,0,Not Recommended,0.40 to 0.59,40% to 59%,40,management,married,university.degree,cellular,may,2,0,nonexistent,0,0,0,0,0,1,0
test_001895,test,0,Did Not Subscribe,0.40877566,4088,40.88%,1101,0.7208830246130424,0,Not Recommended,0.40 to 0.59,40% to 59%,32,blue-collar,single,high.school,cellular,may,1,0,nonexistent,0,0,0,0,0,1,0
test_002654,test,0,Did Not Subscribe,0.40874487,4087,40.87%,1102,0.7206292819081451,0,Not Recommended,0.40 to 0.59,40% to 59%,46,blue-collar,married,basic.9y,cellular,may,3,0,nonexistent,0,0,0,0,0,1,0
test_003083,test,0,Did Not Subscribe,0.40860108,4086,40.86%,1103,0.7203755392032479,0,Not Recommended,0.40 to 0.59,40% to 59%,57,retired,married,basic.9y,cellular,aug,4,0,nonexistent,0,0,0,0,0,1,0
test_001912,test,0,Did Not Subscribe,0.40854385,4085,40.85%,1104,0.7201217964983506,0,Not Recommended,0.40 to 0.59,40% to 59%,60,admin.,married,high.school,cellular,jul,1,0,nonexistent,0,0,0,0,0,1,0
test_001247,test,1,Subscribed,0.40843925,4084,40.84%,1105,0.7198680537934534,0,Not Recommended,0.40 to 0.59,40% to 59%,27,self-employed,married,professional.course,telephone,nov,1,0,nonexistent,0,0,0,0,0,1,0
test_003701,test,0,Did Not Subscribe,0.4082423,4082,40.82%,1106,0.7196143110885562,0,Not Recommended,0.40 to 0.59,40% to 59%,50,admin.,married,university.degree,cellular,aug,8,0,nonexistent,0,0,0,0,0,1,0
test_000943,test,0,Did Not Subscribe,0.40790933,4079,40.79%,1107,0.719360568383659,0,Not Recommended,0.40 to 0.59,40% to 59%,34,admin.,single,university.degree,cellular,jul,4,0,nonexistent,0,0,0,0,0,1,0
test_000588,test,0,Did Not Subscribe,0.4077556,4078,40.78%,1108,0.7191068256787617,0,Not Recommended,0.40 to 0.59,40% to 59%,24,admin.,married,university.degree,cellular,jul,1,0,nonexistent,0,0,0,0,0,1,0
test_002929,test,0,Did Not Subscribe,0.4074089,4074,40.74%,1109,0.7188530829738645,0,Not Recommended,0.40 to 0.59,40% to 59%,29,technician,married,professional.course,cellular,jul,1,0,nonexistent,0,0,0,0,0,1,0
test_000009,test,0,Did Not Subscribe,0.40740788,4074,40.74%,1110,0.7185993402689672,0,Not Recommended,0.40 to 0.59,40% to 59%,35,admin.,married,university.degree,cellular,aug,2,0,nonexistent,0,0,0,0,0,1,0
test_001316,test,0,Did Not Subscribe,0.4073729,4074,40.74%,1111,0.71834559756407,0,Not Recommended,0.40 to 0.59,40% to 59%,34,technician,married,basic.9y,cellular,may,1,0,nonexistent,0,0,0,0,0,1,0
test_002799,test,0,Did Not Subscribe,0.40716195,4072,40.72%,1112,0.7180918548591728,0,Not Recommended,0.40 to 0.59,40% to 59%,37,blue-collar,single,basic.6y,cellular,jul,3,0,nonexistent,0,0,0,0,0,1,0
test_002626,test,0,Did Not Subscribe,0.40705642,4071,40.71%,1113,0.7178381121542756,0,Not Recommended,0.40 to 0.59,40% to 59%,30,blue-collar,married,high.school,cellular,jul,4,0,nonexistent,0,0,0,0,0,1,0
test_000937,test,0,Did Not Subscribe,0.40688902,4069,40.69%,1114,0.7175843694493783,0,Not Recommended,0.40 to 0.59,40% to 59%,50,technician,married,unknown,cellular,may,1,0,nonexistent,0,0,0,0,0,1,0
test_000053,test,0,Did Not Subscribe,0.40648696,4065,40.65%,1115,0.7173306267444811,0,Not Recommended,0.40 to 0.59,40% to 59%,30,admin.,married,high.school,cellular,may,5,0,nonexistent,0,0,0,0,0,1,0
test_003848,test,0,Did Not Subscribe,0.40645,4064,40.64%,1116,0.7170768840395838,0,Not Recommended,0.40 to 0.59,40% to 59%,37,admin.,single,university.degree,telephone,aug,3,0,nonexistent,0,0,0,0,0,1,0
test_001402,test,0,Did Not Subscribe,0.406238,4062,40.62%,1117,0.7168231413346866,0,Not Recommended,0.40 to 0.59,40% to 59%,34,blue-collar,married,basic.9y,cellular,may,3,0,nonexistent,0,0,0,0,0,1,0
test_001740,test,0,Did Not Subscribe,0.40613672,4061,40.61%,1118,0.7165693986297894,0,Not Recommended,0.40 to 0.59,40% to 59%,35,technician,married,high.school,cellular,aug,3,0,nonexistent,0,0,0,0,0,1,0
test_003604,test,0,Did Not Subscribe,0.4060656,4061,40.61%,1119,0.7163156559248922,0,Not Recommended,0.40 to 0.59,40% to 59%,31,blue-collar,single,high.school,cellular,jul,6,0,nonexistent,0,0,0,0,0,1,0
test_000730,test,0,Did Not Subscribe,0.4060525,4061,40.61%,1120,0.7160619132199949,0,Not Recommended,0.40 to 0.59,40% to 59%,32,admin.,single,high.school,cellular,nov,1,0,nonexistent,0,0,0,0,0,1,0
test_002251,test,0,Did Not Subscribe,0.40594074,4059,40.59%,1121,0.7158081705150977,0,Not Recommended,0.40 to 0.59,40% to 59%,38,admin.,married,university.degree,cellular,aug,6,0,nonexistent,0,0,0,0,0,1,0
test_002906,test,0,Did Not Subscribe,0.40568632,4057,40.57%,1122,0.7155544278102004,0,Not Recommended,0.40 to 0.59,40% to 59%,34,admin.,married,university.degree,cellular,aug,1,0,nonexistent,0,0,0,0,0,1,0
test_002952,test,0,Did Not Subscribe,0.40559405,4056,40.56%,1123,0.7153006851053032,0,Not Recommended,0.40 to 0.59,40% to 59%,31,blue-collar,single,basic.6y,cellular,may,3,0,nonexistent,0,0,0,0,0,1,0
test_003051,test,0,Did Not Subscribe,0.4054646,4055,40.55%,1124,0.715046942400406,0,Not Recommended,0.40 to 0.59,40% to 59%,32,technician,married,university.degree,cellular,nov,1,0,nonexistent,0,0,0,0,0,1,0
test_000804,test,0,Did Not Subscribe,0.40495473,4050,40.50%,1125,0.7147931996955088,0,Not Recommended,0.40 to 0.59,40% to 59%,24,admin.,married,university.degree,cellular,jul,2,0,nonexistent,0,0,0,0,0,1,0
test_003016,test,0,Did Not Subscribe,0.40483308,4048,40.48%,1126,0.7145394569906115,0,Not Recommended,0.40 to 0.59,40% to 59%,35,self-employed,married,basic.9y,telephone,aug,9,0,nonexistent,0,0,0,0,0,1,0
test_003066,test,0,Did Not Subscribe,0.40472895,4047,40.47%,1127,0.7142857142857143,0,Not Recommended,0.40 to 0.59,40% to 59%,31,services,married,high.school,cellular,jul,4,0,nonexistent,0,0,0,0,0,1,0
test_001851,test,0,Did Not Subscribe,0.4046154,4046,40.46%,1128,0.714031971580817,0,Not Recommended,0.40 to 0.59,40% to 59%,34,entrepreneur,married,professional.course,cellular,jul,4,0,nonexistent,0,0,0,0,0,1,0
test_000243,test,0,Did Not Subscribe,0.40443859,4044,40.44%,1129,0.7137782288759198,0,Not Recommended,0.40 to 0.59,40% to 59%,29,self-employed,single,university.degree,cellular,nov,1,0,nonexistent,0,0,0,0,0,1,0
test_002671,test,0,Did Not Subscribe,0.4043174,4043,40.43%,1130,0.7135244861710226,0,Not Recommended,0.40 to 0.59,40% to 59%,32,blue-collar,single,basic.4y,cellular,may,4,0,nonexistent,0,0,0,0,0,1,0
test_000453,test,0,Did Not Subscribe,0.40417552,4042,40.42%,1131,0.7132707434661254,0,Not Recommended,0.40 to 0.59,40% to 59%,34,technician,married,professional.course,cellular,may,1,1,failure,0,0,0,0,0,1,0
test_003613,test,0,Did Not Subscribe,0.4040327,4040,40.40%,1132,0.7130170007612281,0,Not Recommended,0.40 to 0.59,40% to 59%,38,blue-collar,married,basic.9y,cellular,jul,1,0,nonexistent,0,0,0,0,0,1,0
test_002792,test,1,Subscribed,0.4040327,4040,40.40%,1133,0.7127632580563309,0,Not Recommended,0.40 to 0.59,40% to 59%,38,blue-collar,married,basic.9y,cellular,jul,1,0,nonexistent,0,0,0,0,0,1,0
test_000173,test,0,Did Not Subscribe,0.40399295,4040,40.40%,1134,0.7125095153514336,0,Not Recommended,0.40 to 0.59,40% to 59%,31,blue-collar,divorced,basic.9y,cellular,jul,1,0,nonexistent,0,0,0,0,0,1,0
test_000848,test,0,Did Not Subscribe,0.40381357,4038,40.38%,1135,0.7122557726465364,0,Not Recommended,0.40 to 0.59,40% to 59%,34,technician,single,university.degree,cellular,jul,1,0,nonexistent,0,0,0,0,0,1,0
test_001207,test,0,Did Not Subscribe,0.4038068,4038,40.38%,1136,0.7120020299416392,0,Not Recommended,0.40 to 0.59,40% to 59%,26,services,single,high.school,cellular,may,1,0,nonexistent,0,0,0,0,0,1,0
test_003248,test,0,Did Not Subscribe,0.40334842,4033,40.33%,1137,0.711748287236742,0,Not Recommended,0.40 to 0.59,40% to 59%,31,admin.,single,high.school,cellular,jul,4,0,nonexistent,0,0,0,0,0,1,0
test_000561,test,0,Did Not Subscribe,0.40332645,4033,40.33%,1138,0.7114945445318447,0,Not Recommended,0.40 to 0.59,40% to 59%,45,technician,married,university.degree,cellular,nov,1,0,nonexistent,0,0,0,0,0,1,0
test_003736,test,0,Did Not Subscribe,0.40330637,4033,40.33%,1139,0.7112408018269475,0,Not Recommended,0.40 to 0.59,40% to 59%,33,admin.,divorced,high.school,cellular,jul,3,0,nonexistent,0,0,0,0,0,1,0
test_002703,test,0,Did Not Subscribe,0.40308064,4031,40.31%,1140,0.7109870591220502,0,Not Recommended,0.40 to 0.59,40% to 59%,36,admin.,divorced,university.degree,cellular,aug,1,0,nonexistent,0,0,0,0,0,1,0
test_003779,test,0,Did Not Subscribe,0.40306938,4031,40.31%,1141,0.710733316417153,0,Not Recommended,0.40 to 0.59,40% to 59%,50,self-employed,married,university.degree,cellular,aug,1,0,nonexistent,0,0,0,0,0,1,0
test_002134,test,0,Did Not Subscribe,0.40293783,4029,40.29%,1142,0.7104795737122558,0,Not Recommended,0.40 to 0.59,40% to 59%,30,blue-collar,married,basic.9y,cellular,jul,3,0,nonexistent,0,0,0,0,0,1,0
test_001631,test,0,Did Not Subscribe,0.4023719,4024,40.24%,1143,0.7102258310073586,0,Not Recommended,0.40 to 0.59,40% to 59%,29,technician,married,professional.course,cellular,jul,2,0,nonexistent,0,0,0,0,0,1,0
test_002585,test,0,Did Not Subscribe,0.4023605,4024,40.24%,1144,0.7099720883024613,0,Not Recommended,0.40 to 0.59,40% to 59%,32,management,single,university.degree,cellular,jul,6,0,nonexistent,0,0,0,0,0,1,0
test_002060,test,0,Did Not Subscribe,0.4023392,4023,40.23%,1145,0.7097183455975641,0,Not Recommended,0.40 to 0.59,40% to 59%,47,blue-collar,married,basic.4y,cellular,apr,1,0,nonexistent,0,0,0,0,0,1,0
test_003341,test,0,Did Not Subscribe,0.40218452,4022,40.22%,1146,0.7094646028926668,0,Not Recommended,0.40 to 0.59,40% to 59%,58,retired,married,basic.4y,cellular,jul,1,0,nonexistent,0,0,0,0,0,1,0
test_000352,test,0,Did Not Subscribe,0.40217912,4022,40.22%,1147,0.7092108601877696,0,Not Recommended,0.40 to 0.59,40% to 59%,24,services,single,basic.9y,cellular,jul,1,0,nonexistent,0,0,0,0,0,1,0
test_001251,test,0,Did Not Subscribe,0.40217224,4022,40.22%,1148,0.7089571174828724,0,Not Recommended,0.40 to 0.59,40% to 59%,30,blue-collar,married,basic.9y,cellular,jul,1,0,nonexistent,0,0,0,0,0,1,0
test_001982,test,0,Did Not Subscribe,0.4021261,4021,40.21%,1149,0.7087033747779752,0,Not Recommended,0.40 to 0.59,40% to 59%,43,admin.,married,university.degree,cellular,jul,1,0,nonexistent,0,0,0,0,0,1,0
test_002434,test,0,Did Not Subscribe,0.4018327,4018,40.18%,1150,0.7084496320730779,0,Not Recommended,0.40 to 0.59,40% to 59%,58,retired,married,basic.4y,cellular,jul,2,0,nonexistent,0,0,0,0,0,1,0
test_001519,test,0,Did Not Subscribe,0.40177003,4018,40.18%,1151,0.7081958893681807,0,Not Recommended,0.40 to 0.59,40% to 59%,32,blue-collar,single,high.school,cellular,nov,1,0,nonexistent,0,0,0,0,0,1,0
test_002700,test,0,Did Not Subscribe,0.4014645,4015,40.15%,1152,0.7079421466632834,0,Not Recommended,0.40 to 0.59,40% to 59%,30,technician,single,university.degree,cellular,aug,1,0,nonexistent,0,0,0,0,0,1,0
test_002985,test,0,Did Not Subscribe,0.40131074,4013,40.13%,1153,0.7076884039583862,0,Not Recommended,0.40 to 0.59,40% to 59%,27,blue-collar,single,basic.9y,cellular,jul,3,0,nonexistent,0,0,0,0,0,1,0
test_003619,test,0,Did Not Subscribe,0.40129828,4013,40.13%,1154,0.707434661253489,0,Not Recommended,0.40 to 0.59,40% to 59%,29,admin.,single,university.degree,cellular,aug,3,0,nonexistent,0,0,0,0,0,1,0
test_003099,test,0,Did Not Subscribe,0.40105632,4011,40.11%,1155,0.7071809185485918,0,Not Recommended,0.40 to 0.59,40% to 59%,33,services,married,high.school,cellular,jul,1,0,nonexistent,0,0,0,0,0,1,0
test_001447,test,0,Did Not Subscribe,0.40085393,4009,40.09%,1156,0.7069271758436945,0,Not Recommended,0.40 to 0.59,40% to 59%,37,admin.,single,university.degree,cellular,aug,1,0,nonexistent,0,0,0,0,0,1,0
test_000566,test,0,Did Not Subscribe,0.40083146,4008,40.08%,1157,0.7066734331387973,0,Not Recommended,0.40 to 0.59,40% to 59%,44,management,married,basic.9y,cellular,aug,4,0,nonexistent,0,0,0,0,0,1,0
test_000629,test,0,Did Not Subscribe,0.40067902,4007,40.07%,1158,0.7064196904339,0,Not Recommended,0.40 to 0.59,40% to 59%,32,management,divorced,university.degree,cellular,jul,5,0,nonexistent,0,0,0,0,0,1,0
test_002524,test,0,Did Not Subscribe,0.40032548,4003,40.03%,1159,0.7061659477290028,0,Not Recommended,0.40 to 0.59,40% to 59%,25,admin.,single,university.degree,cellular,jul,1,0,nonexistent,0,0,0,0,0,1,0
test_000779,test,0,Did Not Subscribe,0.3999865,4000,40.00%,1160,0.7059122050241056,0,Not Recommended,0.20 to 0.39,20% to 39%,31,admin.,single,basic.9y,cellular,may,2,1,failure,0,0,0,0,0,1,0
test_002975,test,0,Did Not Subscribe,0.39913124,3991,39.91%,1161,0.7056584623192084,0,Not Recommended,0.20 to 0.39,20% to 39%,47,management,married,university.degree,cellular,aug,1,0,nonexistent,0,0,0,0,0,1,0
test_003867,test,0,Did Not Subscribe,0.39907768,3991,39.91%,1162,0.7054047196143112,0,Not Recommended,0.20 to 0.39,20% to 39%,47,services,married,basic.6y,cellular,may,2,1,failure,0,0,0,0,0,1,0
test_001833,test,0,Did Not Subscribe,0.39899254,3990,39.90%,1163,0.7051509769094139,0,Not Recommended,0.20 to 0.39,20% to 39%,29,blue-collar,single,basic.9y,cellular,jul,5,0,nonexistent,0,0,0,0,0,1,0
test_001492,test,0,Did Not Subscribe,0.398854,3989,39.89%,1164,0.7048972342045166,0,Not Recommended,0.20 to 0.39,20% to 39%,34,admin.,single,high.school,cellular,jul,1,0,nonexistent,0,0,0,0,0,1,0
test_003095,test,0,Did Not Subscribe,0.39880118,3988,39.88%,1165,0.7046434914996194,0,Not Recommended,0.20 to 0.39,20% to 39%,35,blue-collar,married,basic.6y,cellular,may,2,1,failure,0,0,0,0,0,1,0
test_000440,test,1,Subscribed,0.39876586,3988,39.88%,1166,0.7043897487947222,0,Not Recommended,0.20 to 0.39,20% to 39%,32,services,single,professional.course,cellular,jul,1,0,nonexistent,0,0,0,0,0,1,0
test_000062,test,0,Did Not Subscribe,0.39842927,3984,39.84%,1167,0.704136006089825,0,Not Recommended,0.20 to 0.39,20% to 39%,58,management,married,university.degree,cellular,jul,1,0,nonexistent,0,0,0,0,0,1,0
test_002920,test,0,Did Not Subscribe,0.39829814,3983,39.83%,1168,0.7038822633849278,0,Not Recommended,0.20 to 0.39,20% to 39%,31,technician,single,unknown,cellular,may,6,0,nonexistent,0,0,0,0,0,1,0
test_000316,test,0,Did Not Subscribe,0.39814827,3981,39.81%,1169,0.7036285206800305,0,Not Recommended,0.20 to 0.39,20% to 39%,52,services,married,basic.6y,cellular,jul,2,0,nonexistent,0,0,0,0,0,1,0
test_003580,test,0,Did Not Subscribe,0.39792448,3979,39.79%,1170,0.7033747779751331,0,Not Recommended,0.20 to 0.39,20% to 39%,34,admin.,single,university.degree,cellular,may,2,0,nonexistent,0,0,0,0,0,1,0
test_003293,test,0,Did Not Subscribe,0.3978881,3979,39.79%,1171,0.703121035270236,0,Not Recommended,0.20 to 0.39,20% to 39%,28,admin.,married,university.degree,cellular,jul,2,0,nonexistent,0,0,0,0,0,1,0
test_002435,test,0,Did Not Subscribe,0.3978838,3979,39.79%,1172,0.7028672925653388,0,Not Recommended,0.20 to 0.39,20% to 39%,38,management,married,university.degree,cellular,aug,1,0,nonexistent,0,0,0,0,0,1,0
test_002934,test,0,Did Not Subscribe,0.39787957,3979,39.79%,1173,0.7026135498604416,0,Not Recommended,0.20 to 0.39,20% to 39%,39,technician,single,professional.course,cellular,may,1,1,failure,0,0,0,0,0,1,0
test_003472,test,0,Did Not Subscribe,0.39778373,3978,39.78%,1174,0.7023598071555444,0,Not Recommended,0.20 to 0.39,20% to 39%,33,blue-collar,single,basic.4y,cellular,apr,2,0,nonexistent,0,0,0,0,0,1,0
test_000606,test,0,Did Not Subscribe,0.3975202,3975,39.75%,1175,0.702106064450647,0,Not Recommended,0.20 to 0.39,20% to 39%,32,admin.,single,university.degree,cellular,jul,2,0,nonexistent,0,0,0,0,0,1,0
test_003876,test,0,Did Not Subscribe,0.39751568,3975,39.75%,1176,0.7018523217457497,0,Not Recommended,0.20 to 0.39,20% to 39%,30,admin.,married,university.degree,cellular,jul,2,0,nonexistent,0,0,0,0,0,1,0
test_000705,test,0,Did Not Subscribe,0.39714167,3971,39.71%,1177,0.7015985790408525,0,Not Recommended,0.20 to 0.39,20% to 39%,44,admin.,single,university.degree,cellular,aug,1,0,nonexistent,0,0,0,0,0,1,0
test_000460,test,0,Did Not Subscribe,0.39698607,3970,39.70%,1178,0.7013448363359553,0,Not Recommended,0.20 to 0.39,20% to 39%,35,blue-collar,single,basic.9y,cellular,jul,3,0,nonexistent,0,0,0,0,0,1,0
test_000660,test,0,Did Not Subscribe,0.39697382,3970,39.70%,1179,0.7010910936310581,0,Not Recommended,0.20 to 0.39,20% to 39%,32,admin.,married,university.degree,cellular,may,2,2,failure,0,0,0,0,0,1,0
test_000523,test,0,Did Not Subscribe,0.39690894,3969,39.69%,1180,0.700837350926161,0,Not Recommended,0.20 to 0.39,20% to 39%,35,technician,married,professional.course,cellular,jul,3,0,nonexistent,0,0,0,0,0,1,0
test_003543,test,0,Did Not Subscribe,0.3968919,3969,39.69%,1181,0.7005836082212636,0,Not Recommended,0.20 to 0.39,20% to 39%,23,blue-collar,married,basic.4y,cellular,may,1,1,failure,0,0,0,0,0,1,0
test_000496,test,1,Subscribed,0.39688036,3969,39.69%,1182,0.7003298655163663,0,Not Recommended,0.20 to 0.39,20% to 39%,51,entrepreneur,single,basic.9y,cellular,may,3,0,nonexistent,0,0,0,0,0,1,0
test_000474,test,0,Did Not Subscribe,0.3967243,3967,39.67%,1183,0.7000761228114691,0,Not Recommended,0.20 to 0.39,20% to 39%,28,admin.,single,university.degree,cellular,jul,3,0,nonexistent,0,0,0,0,0,1,0
test_002917,test,0,Did Not Subscribe,0.39667922,3967,39.67%,1184,0.6998223801065719,0,Not Recommended,0.20 to 0.39,20% to 39%,30,blue-collar,married,basic.9y,cellular,jul,1,0,nonexistent,0,0,0,0,0,0,0
test_003861,test,0,Did Not Subscribe,0.39641315,3964,39.64%,1185,0.6995686374016747,0,Not Recommended,0.20 to 0.39,20% to 39%,47,self-employed,married,basic.9y,cellular,aug,1,0,nonexistent,0,0,0,0,0,0,0
test_001504,test,0,Did Not Subscribe,0.3963799,3964,39.64%,1186,0.6993148946967775,0,Not Recommended,0.20 to 0.39,20% to 39%,39,blue-collar,single,university.degree,cellular,jul,7,0,nonexistent,0,0,0,0,0,0,0
test_003669,test,0,Did Not Subscribe,0.39631328,3963,39.63%,1187,0.6990611519918802,0,Not Recommended,0.20 to 0.39,20% to 39%,39,admin.,married,university.degree,cellular,aug,2,0,nonexistent,0,0,0,0,0,0,0
test_000434,test,1,Subscribed,0.39623946,3962,39.62%,1188,0.6988074092869829,0,Not Recommended,0.20 to 0.39,20% to 39%,27,housemaid,married,basic.6y,cellular,may,3,0,nonexistent,0,0,0,0,0,0,0
test_000100,test,0,Did Not Subscribe,0.3962102,3962,39.62%,1189,0.6985536665820857,0,Not Recommended,0.20 to 0.39,20% to 39%,26,admin.,single,high.school,cellular,jul,4,0,nonexistent,0,0,0,0,0,0,0
test_000825,test,0,Did Not Subscribe,0.39618722,3962,39.62%,1190,0.6982999238771885,0,Not Recommended,0.20 to 0.39,20% to 39%,31,blue-collar,married,professional.course,cellular,jul,3,0,nonexistent,0,0,0,0,0,0,0
test_000180,test,1,Subscribed,0.39607668,3961,39.61%,1191,0.6980461811722913,0,Not Recommended,0.20 to 0.39,20% to 39%,33,services,married,high.school,cellular,jul,2,0,nonexistent,0,0,0,0,0,0,0
test_002537,test,0,Did Not Subscribe,0.39598855,3960,39.60%,1192,0.6977924384673941,0,Not Recommended,0.20 to 0.39,20% to 39%,31,entrepreneur,married,university.degree,cellular,jul,2,0,nonexistent,0,0,0,0,0,0,0
test_002567,test,0,Did Not Subscribe,0.39567173,3957,39.57%,1193,0.6975386957624968,0,Not Recommended,0.20 to 0.39,20% to 39%,28,services,single,high.school,telephone,may,2,0,nonexistent,0,0,0,0,0,0,0
test_003416,test,0,Did Not Subscribe,0.3956221,3956,39.56%,1194,0.6972849530575995,0,Not Recommended,0.20 to 0.39,20% to 39%,30,blue-collar,married,basic.9y,cellular,may,1,0,nonexistent,0,0,0,0,0,0,0
test_002573,test,0,Did Not Subscribe,0.39549997,3955,39.55%,1195,0.6970312103527023,0,Not Recommended,0.20 to 0.39,20% to 39%,33,self-employed,married,basic.9y,cellular,jul,1,0,nonexistent,0,0,0,0,0,0,0
test_002608,test,0,Did Not Subscribe,0.39542106,3954,39.54%,1196,0.6967774676478051,0,Not Recommended,0.20 to 0.39,20% to 39%,48,entrepreneur,married,university.degree,cellular,aug,1,0,nonexistent,0,0,0,0,0,0,0
test_001089,test,0,Did Not Subscribe,0.39528698,3953,39.53%,1197,0.6965237249429079,0,Not Recommended,0.20 to 0.39,20% to 39%,45,blue-collar,married,basic.6y,cellular,aug,1,0,nonexistent,0,0,0,0,0,0,0
test_002071,test,0,Did Not Subscribe,0.39515147,3952,39.52%,1198,0.6962699822380107,0,Not Recommended,0.20 to 0.39,20% to 39%,35,technician,single,university.degree,cellular,may,2,0,nonexistent,0,0,0,0,0,0,0
test_000391,test,0,Did Not Subscribe,0.39514792,3951,39.51%,1199,0.6960162395331134,0,Not Recommended,0.20 to 0.39,20% to 39%,38,services,single,high.school,cellular,aug,1,0,nonexistent,0,0,0,0,0,0,0
test_002454,test,0,Did Not Subscribe,0.3950991,3951,39.51%,1200,0.6957624968282161,0,Not Recommended,0.20 to 0.39,20% to 39%,39,admin.,single,university.degree,cellular,nov,1,0,nonexistent,0,0,0,0,0,0,0
test_002057,test,0,Did Not Subscribe,0.39488313,3949,39.49%,1201,0.6955087541233189,0,Not Recommended,0.20 to 0.39,20% to 39%,27,blue-collar,single,basic.4y,cellular,apr,2,1,failure,0,0,0,0,0,0,0
test_003910,test,0,Did Not Subscribe,0.39487717,3949,39.49%,1202,0.6952550114184217,0,Not Recommended,0.20 to 0.39,20% to 39%,36,admin.,married,high.school,cellular,jul,6,0,nonexistent,0,0,0,0,0,0,0
test_001749,test,0,Did Not Subscribe,0.39453512,3945,39.45%,1203,0.6950012687135245,0,Not Recommended,0.20 to 0.39,20% to 39%,32,blue-collar,single,high.school,cellular,nov,1,0,nonexistent,0,0,0,0,0,0,0
test_001342,test,0,Did Not Subscribe,0.39446363,3945,39.45%,1204,0.6947475260086273,0,Not Recommended,0.20 to 0.39,20% to 39%,60,admin.,married,basic.9y,cellular,aug,11,0,nonexistent,0,0,0,0,0,0,0
test_000836,test,0,Did Not Subscribe,0.39441234,3944,39.44%,1205,0.69449378330373,0,Not Recommended,0.20 to 0.39,20% to 39%,28,admin.,married,high.school,cellular,jul,1,0,nonexistent,0,0,0,0,0,0,0
test_002203,test,0,Did Not Subscribe,0.39422396,3942,39.42%,1206,0.6942400405988327,0,Not Recommended,0.20 to 0.39,20% to 39%,29,blue-collar,single,basic.9y,cellular,jul,2,0,nonexistent,0,0,0,0,0,0,0
test_002430,test,0,Did Not Subscribe,0.3940798,3941,39.41%,1207,0.6939862978939355,0,Not Recommended,0.20 to 0.39,20% to 39%,32,technician,married,university.degree,cellular,aug,3,0,nonexistent,0,0,0,0,0,0,0
test_002016,test,0,Did Not Subscribe,0.39404425,3940,39.40%,1208,0.6937325551890383,0,Not Recommended,0.20 to 0.39,20% to 39%,47,blue-collar,married,basic.6y,cellular,aug,2,0,nonexistent,0,0,0,0,0,0,0
test_003176,test,0,Did Not Subscribe,0.3937494,3937,39.37%,1209,0.6934788124841411,0,Not Recommended,0.20 to 0.39,20% to 39%,33,admin.,married,university.degree,cellular,jul,10,0,nonexistent,0,0,0,0,0,0,0
test_001574,test,0,Did Not Subscribe,0.39364797,3936,39.36%,1210,0.6932250697792439,0,Not Recommended,0.20 to 0.39,20% to 39%,39,management,married,high.school,cellular,aug,1,0,nonexistent,0,0,0,0,0,0,0
test_002918,test,0,Did Not Subscribe,0.39357233,3936,39.36%,1211,0.6929713270743466,0,Not Recommended,0.20 to 0.39,20% to 39%,40,admin.,married,professional.course,cellular,may,1,0,nonexistent,0,0,0,0,0,0,0
test_000260,test,1,Subscribed,0.39351594,3935,39.35%,1212,0.6927175843694493,0,Not Recommended,0.20 to 0.39,20% to 39%,39,admin.,married,university.degree,cellular,jul,4,0,nonexistent,0,0,0,0,0,0,0
test_002443,test,0,Did Not Subscribe,0.3935014,3935,39.35%,1213,0.6924638416645521,0,Not Recommended,0.20 to 0.39,20% to 39%,37,services,single,basic.9y,cellular,may,1,0,nonexistent,0,0,0,0,0,0,0
test_003321,test,0,Did Not Subscribe,0.39316627,3932,39.32%,1214,0.6922100989596549,0,Not Recommended,0.20 to 0.39,20% to 39%,32,blue-collar,single,basic.6y,cellular,may,6,0,nonexistent,0,0,0,0,0,0,0
test_001334,test,0,Did Not Subscribe,0.39267313,3927,39.27%,1215,0.6919563562547577,0,Not Recommended,0.20 to 0.39,20% to 39%,38,technician,single,high.school,cellular,apr,1,1,failure,0,0,0,0,0,0,0
test_000361,test,0,Did Not Subscribe,0.3926351,3926,39.26%,1216,0.6917026135498605,0,Not Recommended,0.20 to 0.39,20% to 39%,27,technician,single,professional.course,cellular,jul,4,0,nonexistent,0,0,0,0,0,0,0
test_003715,test,0,Did Not Subscribe,0.39254084,3925,39.25%,1217,0.6914488708449632,0,Not Recommended,0.20 to 0.39,20% to 39%,52,admin.,married,university.degree,cellular,aug,1,0,nonexistent,0,0,0,0,0,0,0
test_003297,test,0,Did Not Subscribe,0.39240918,3924,39.24%,1218,0.6911951281400659,0,Not Recommended,0.20 to 0.39,20% to 39%,31,self-employed,married,university.degree,cellular,jul,5,0,nonexistent,0,0,0,0,0,0,0
test_000344,test,0,Did Not Subscribe,0.39239097,3924,39.24%,1219,0.6909413854351687,0,Not Recommended,0.20 to 0.39,20% to 39%,38,entrepreneur,single,basic.4y,cellular,apr,4,0,nonexistent,0,0,0,0,0,0,0
test_000222,test,0,Did Not Subscribe,0.39199886,3920,39.20%,1220,0.6906876427302715,0,Not Recommended,0.20 to 0.39,20% to 39%,52,retired,married,basic.4y,cellular,jul,1,0,nonexistent,0,0,0,0,0,0,0
test_003247,test,0,Did Not Subscribe,0.39162663,3916,39.16%,1221,0.6904339000253743,0,Not Recommended,0.20 to 0.39,20% to 39%,31,admin.,married,high.school,cellular,jul,3,0,nonexistent,0,0,0,0,0,0,0
test_001126,test,0,Did Not Subscribe,0.39152128,3915,39.15%,1222,0.6901801573204771,0,Not Recommended,0.20 to 0.39,20% to 39%,36,blue-collar,married,basic.9y,cellular,may,1,0,nonexistent,0,0,0,0,0,0,0
test_002913,test,0,Did Not Subscribe,0.39104903,3910,39.10%,1223,0.6899264146155798,0,Not Recommended,0.20 to 0.39,20% to 39%,53,admin.,married,high.school,cellular,may,1,0,nonexistent,0,0,0,0,0,0,0
test_003496,test,0,Did Not Subscribe,0.39089483,3909,39.09%,1224,0.6896726719106825,0,Not Recommended,0.20 to 0.39,20% to 39%,37,admin.,married,high.school,cellular,aug,1,0,nonexistent,0,0,0,0,0,0,0
test_003626,test,0,Did Not Subscribe,0.39083105,3908,39.08%,1225,0.6894189292057853,0,Not Recommended,0.20 to 0.39,20% to 39%,45,self-employed,married,basic.4y,cellular,aug,1,0,nonexistent,0,0,0,0,0,0,0
test_001669,test,0,Did Not Subscribe,0.39077115,3908,39.08%,1226,0.6891651865008881,0,Not Recommended,0.20 to 0.39,20% to 39%,32,admin.,single,university.degree,cellular,jul,1,0,nonexistent,0,0,0,0,0,0,0
test_002988,test,0,Did Not Subscribe,0.39042684,3904,39.04%,1227,0.6889114437959909,0,Not Recommended,0.20 to 0.39,20% to 39%,36,blue-collar,married,basic.9y,cellular,apr,1,0,nonexistent,0,0,0,0,0,0,0
test_000563,test,0,Did Not Subscribe,0.39041442,3904,39.04%,1228,0.6886577010910937,0,Not Recommended,0.20 to 0.39,20% to 39%,37,admin.,single,university.degree,cellular,may,4,0,nonexistent,0,0,0,0,0,0,0
test_003392,test,0,Did Not Subscribe,0.39019912,3902,39.02%,1229,0.6884039583861964,0,Not Recommended,0.20 to 0.39,20% to 39%,35,admin.,single,university.degree,cellular,jul,5,0,nonexistent,0,0,0,0,0,0,0
test_000787,test,0,Did Not Subscribe,0.38989347,3899,38.99%,1230,0.6881502156812991,0,Not Recommended,0.20 to 0.39,20% to 39%,36,admin.,married,basic.9y,cellular,may,1,1,failure,0,0,0,0,0,0,0
test_002967,test,0,Did Not Subscribe,0.38978028,3898,38.98%,1231,0.6878964729764019,0,Not Recommended,0.20 to 0.39,20% to 39%,30,self-employed,single,university.degree,cellular,nov,1,0,nonexistent,0,0,0,0,0,0,0
test_000210,test,0,Did Not Subscribe,0.38976014,3898,38.98%,1232,0.6876427302715047,0,Not Recommended,0.20 to 0.39,20% to 39%,35,admin.,married,professional.course,cellular,jul,2,0,nonexistent,0,0,0,0,0,0,0
test_003458,test,0,Did Not Subscribe,0.38958046,3896,38.96%,1233,0.6873889875666075,0,Not Recommended,0.20 to 0.39,20% to 39%,40,management,married,university.degree,cellular,jul,4,0,nonexistent,0,0,0,0,0,0,0
test_001985,test,0,Did Not Subscribe,0.38957247,3896,38.96%,1234,0.6871352448617103,0,Not Recommended,0.20 to 0.39,20% to 39%,37,blue-collar,divorced,professional.course,cellular,may,3,0,nonexistent,0,0,0,0,0,0,0
test_001179,test,0,Did Not Subscribe,0.38940257,3894,38.94%,1235,0.686881502156813,0,Not Recommended,0.20 to 0.39,20% to 39%,36,unemployed,married,basic.9y,cellular,may,2,0,nonexistent,0,0,0,0,0,0,0
test_003462,test,0,Did Not Subscribe,0.38939908,3894,38.94%,1236,0.6866277594519157,0,Not Recommended,0.20 to 0.39,20% to 39%,58,retired,married,basic.4y,cellular,jul,1,0,nonexistent,0,0,0,0,0,0,0
test_000575,test,0,Did Not Subscribe,0.38923562,3892,38.92%,1237,0.6863740167470185,0,Not Recommended,0.20 to 0.39,20% to 39%,32,services,single,high.school,cellular,nov,1,0,nonexistent,0,0,0,0,0,0,0
test_001788,test,0,Did Not Subscribe,0.38920534,3892,38.92%,1238,0.6861202740421213,0,Not Recommended,0.20 to 0.39,20% to 39%,34,technician,single,university.degree,cellular,jul,5,0,nonexistent,0,0,0,0,0,0,0
test_001946,test,0,Did Not Subscribe,0.38887545,3889,38.89%,1239,0.6858665313372241,0,Not Recommended,0.20 to 0.39,20% to 39%,31,admin.,single,high.school,cellular,nov,1,0,nonexistent,0,0,0,0,0,0,0
test_002504,test,0,Did Not Subscribe,0.3888266,3888,38.88%,1240,0.6856127886323269,0,Not Recommended,0.20 to 0.39,20% to 39%,49,management,single,university.degree,cellular,may,1,1,failure,0,0,0,0,0,0,0
test_003025,test,0,Did Not Subscribe,0.38859615,3886,38.86%,1241,0.6853590459274296,0,Not Recommended,0.20 to 0.39,20% to 39%,27,admin.,single,high.school,cellular,jul,1,0,nonexistent,0,0,0,0,0,0,0
test_000699,test,0,Did Not Subscribe,0.38850287,3885,38.85%,1242,0.6851053032225323,0,Not Recommended,0.20 to 0.39,20% to 39%,48,admin.,married,basic.9y,cellular,aug,2,0,nonexistent,0,0,0,0,0,0,0
test_001892,test,0,Did Not Subscribe,0.3884417,3884,38.84%,1243,0.6848515605176351,0,Not Recommended,0.20 to 0.39,20% to 39%,27,technician,single,professional.course,cellular,jul,2,0,nonexistent,0,0,0,0,0,0,0
test_000224,test,0,Did Not Subscribe,0.38841844,3884,38.84%,1244,0.6845978178127379,0,Not Recommended,0.20 to 0.39,20% to 39%,53,blue-collar,married,basic.6y,cellular,aug,6,0,nonexistent,0,0,0,0,0,0,0
test_002900,test,0,Did Not Subscribe,0.38834506,3883,38.83%,1245,0.6843440751078407,0,Not Recommended,0.20 to 0.39,20% to 39%,43,admin.,married,university.degree,cellular,nov,1,0,nonexistent,0,0,0,0,0,0,0
test_003335,test,0,Did Not Subscribe,0.38828096,3883,38.83%,1246,0.6840903324029435,0,Not Recommended,0.20 to 0.39,20% to 39%,46,entrepreneur,single,university.degree,cellular,apr,3,1,failure,0,0,0,0,0,0,0
test_003160,test,0,Did Not Subscribe,0.38817862,3882,38.82%,1247,0.6838365896980462,0,Not Recommended,0.20 to 0.39,20% to 39%,32,admin.,married,high.school,cellular,jul,2,0,nonexistent,0,0,0,0,0,0,0
test_002775,test,0,Did Not Subscribe,0.38797358,3880,38.80%,1248,0.683582846993149,0,Not Recommended,0.20 to 0.39,20% to 39%,36,blue-collar,married,basic.9y,cellular,may,1,0,nonexistent,0,0,0,0,0,0,0
test_002869,test,0,Did Not Subscribe,0.3879336,3879,38.79%,1249,0.6833291042882517,0,Not Recommended,0.20 to 0.39,20% to 39%,35,admin.,married,high.school,cellular,jul,7,0,nonexistent,0,0,0,0,0,0,0
test_003611,test,0,Did Not Subscribe,0.38787636,3879,38.79%,1250,0.6830753615833545,0,Not Recommended,0.20 to 0.39,20% to 39%,32,blue-collar,married,basic.6y,cellular,may,2,0,nonexistent,0,0,0,0,0,0,0
test_001285,test,0,Did Not Subscribe,0.38779458,3878,38.78%,1251,0.6828216188784573,0,Not Recommended,0.20 to 0.39,20% to 39%,32,services,divorced,high.school,cellular,may,1,1,failure,0,0,0,0,0,0,0
test_002406,test,0,Did Not Subscribe,0.3874937,3875,38.75%,1252,0.6825678761735601,0,Not Recommended,0.20 to 0.39,20% to 39%,27,blue-collar,single,basic.6y,telephone,jun,3,0,nonexistent,0,0,0,0,0,0,0
test_002841,test,1,Subscribed,0.38724986,3872,38.72%,1253,0.6823141334686628,0,Not Recommended,0.20 to 0.39,20% to 39%,40,blue-collar,married,basic.9y,cellular,may,1,0,nonexistent,0,0,0,0,0,0,0
test_001058,test,0,Did Not Subscribe,0.38693392,3869,38.69%,1254,0.6820603907637656,0,Not Recommended,0.20 to 0.39,20% to 39%,31,self-employed,married,university.degree,cellular,jul,2,0,nonexistent,0,0,0,0,0,0,0
test_000498,test,0,Did Not Subscribe,0.38669667,3867,38.67%,1255,0.6818066480588683,0,Not Recommended,0.20 to 0.39,20% to 39%,41,self-employed,married,basic.9y,cellular,may,1,0,nonexistent,0,0,0,0,0,0,0
test_002535,test,0,Did Not Subscribe,0.38660213,3866,38.66%,1256,0.6815529053539711,0,Not Recommended,0.20 to 0.39,20% to 39%,34,admin.,married,university.degree,cellular,aug,1,0,nonexistent,0,0,0,0,0,0,0
test_003147,test,1,Subscribed,0.38654217,3865,38.65%,1257,0.6812991626490739,0,Not Recommended,0.20 to 0.39,20% to 39%,41,blue-collar,married,basic.9y,cellular,may,1,0,nonexistent,0,0,0,0,0,0,0
test_002338,test,0,Did Not Subscribe,0.3864167,3864,38.64%,1258,0.6810454199441767,0,Not Recommended,0.20 to 0.39,20% to 39%,34,admin.,married,university.degree,cellular,jul,4,0,nonexistent,0,0,0,0,0,0,0
test_000812,test,0,Did Not Subscribe,0.3863901,3864,38.64%,1259,0.6807916772392794,0,Not Recommended,0.20 to 0.39,20% to 39%,37,services,divorced,basic.9y,cellular,jul,1,0,nonexistent,0,0,0,0,0,0,0
test_001528,test,0,Did Not Subscribe,0.3863764,3864,38.64%,1260,0.6805379345343822,0,Not Recommended,0.20 to 0.39,20% to 39%,60,retired,married,professional.course,cellular,aug,3,0,nonexistent,0,0,0,0,0,0,0
test_002329,test,0,Did Not Subscribe,0.3861932,3862,38.62%,1261,0.6802841918294849,0,Not Recommended,0.20 to 0.39,20% to 39%,39,blue-collar,married,basic.9y,cellular,may,1,0,nonexistent,0,0,0,0,0,0,0
test_000007,test,0,Did Not Subscribe,0.38616386,3862,38.62%,1262,0.6800304491245877,0,Not Recommended,0.20 to 0.39,20% to 39%,35,admin.,married,professional.course,cellular,jul,1,0,nonexistent,0,0,0,0,0,0,0
test_001326,test,0,Did Not Subscribe,0.38598177,3860,38.60%,1263,0.6797767064196905,0,Not Recommended,0.20 to 0.39,20% to 39%,45,admin.,single,university.degree,cellular,jul,1,0,nonexistent,0,0,0,0,0,0,0
test_000471,test,0,Did Not Subscribe,0.38591155,3859,38.59%,1264,0.6795229637147933,0,Not Recommended,0.20 to 0.39,20% to 39%,29,management,single,high.school,cellular,jul,4,0,nonexistent,0,0,0,0,0,0,0
test_003187,test,0,Did Not Subscribe,0.38574573,3857,38.57%,1265,0.679269221009896,0,Not Recommended,0.20 to 0.39,20% to 39%,29,entrepreneur,single,university.degree,telephone,jun,1,0,nonexistent,0,0,0,0,0,0,0
test_001756,test,1,Subscribed,0.38566673,3857,38.57%,1266,0.6790154783049988,0,Not Recommended,0.20 to 0.39,20% to 39%,39,blue-collar,married,basic.9y,cellular,may,1,0,nonexistent,0,0,0,0,0,0,0
test_001240,test,0,Did Not Subscribe,0.38544658,3854,38.54%,1267,0.6787617356001014,0,Not Recommended,0.20 to 0.39,20% to 39%,38,admin.,married,university.degree,cellular,may,1,1,failure,0,0,0,0,0,0,0
test_003811,test,0,Did Not Subscribe,0.38511232,3851,38.51%,1268,0.6785079928952042,0,Not Recommended,0.20 to 0.39,20% to 39%,34,housemaid,married,high.school,cellular,may,1,1,failure,0,0,0,0,0,0,0
test_000946,test,0,Did Not Subscribe,0.38481864,3848,38.48%,1269,0.678254250190307,0,Not Recommended,0.20 to 0.39,20% to 39%,42,technician,single,university.degree,cellular,aug,8,0,nonexistent,0,0,0,0,0,0,0
test_000231,test,1,Subscribed,0.38465115,3847,38.47%,1270,0.6780005074854099,0,Not Recommended,0.20 to 0.39,20% to 39%,43,admin.,divorced,university.degree,cellular,nov,1,0,nonexistent,0,0,0,0,0,0,0
test_002063,test,0,Did Not Subscribe,0.3844339,3844,38.44%,1271,0.6777467647805125,0,Not Recommended,0.20 to 0.39,20% to 39%,34,self-employed,married,high.school,cellular,may,1,1,failure,0,0,0,0,0,0,0
test_001774,test,0,Did Not Subscribe,0.38434994,3843,38.43%,1272,0.6774930220756153,0,Not Recommended,0.20 to 0.39,20% to 39%,50,blue-collar,married,basic.6y,cellular,aug,1,0,nonexistent,0,0,0,0,0,0,0
test_002490,test,0,Did Not Subscribe,0.38430473,3843,38.43%,1273,0.677239279370718,0,Not Recommended,0.20 to 0.39,20% to 39%,32,services,married,high.school,cellular,nov,1,0,nonexistent,0,0,0,0,0,0,0
test_001763,test,0,Did Not Subscribe,0.38424036,3842,38.42%,1274,0.6769855366658208,0,Not Recommended,0.20 to 0.39,20% to 39%,31,unemployed,married,university.degree,cellular,aug,5,0,nonexistent,0,0,0,0,0,0,0
test_002280,test,0,Did Not Subscribe,0.38421708,3842,38.42%,1275,0.6767317939609236,0,Not Recommended,0.20 to 0.39,20% to 39%,44,admin.,married,university.degree,cellular,jul,6,0,nonexistent,0,0,0,0,0,0,0
test_002962,test,0,Did Not Subscribe,0.38410798,3841,38.41%,1276,0.6764780512560264,0,Not Recommended,0.20 to 0.39,20% to 39%,31,blue-collar,married,basic.9y,cellular,apr,1,1,failure,0,0,0,0,0,0,0
test_000630,test,0,Did Not Subscribe,0.38406143,3841,38.41%,1277,0.6762243085511291,0,Not Recommended,0.20 to 0.39,20% to 39%,38,admin.,single,high.school,cellular,apr,1,2,failure,0,0,0,0,0,0,0
test_000690,test,0,Did Not Subscribe,0.38400412,3840,38.40%,1278,0.6759705658462319,0,Not Recommended,0.20 to 0.39,20% to 39%,27,admin.,single,professional.course,cellular,jul,3,0,nonexistent,0,0,0,0,0,0,0
test_003768,test,0,Did Not Subscribe,0.38391638,3839,38.39%,1279,0.6757168231413346,0,Not Recommended,0.20 to 0.39,20% to 39%,33,blue-collar,married,basic.9y,cellular,may,2,0,nonexistent,0,0,0,0,0,0,0
test_003473,test,0,Did Not Subscribe,0.3838381,3838,38.38%,1280,0.6754630804364374,0,Not Recommended,0.20 to 0.39,20% to 39%,27,admin.,single,university.degree,cellular,jul,1,0,nonexistent,0,0,0,0,0,0,0
test_002513,test,0,Did Not Subscribe,0.38365597,3837,38.37%,1281,0.6752093377315402,0,Not Recommended,0.20 to 0.39,20% to 39%,32,entrepreneur,married,high.school,cellular,nov,1,0,nonexistent,0,0,0,0,0,0,0
test_000967,test,0,Did Not Subscribe,0.3836434,3836,38.36%,1282,0.674955595026643,0,Not Recommended,0.20 to 0.39,20% to 39%,30,technician,single,professional.course,cellular,nov,1,0,nonexistent,0,0,0,0,0,0,0
test_003931,test,0,Did Not Subscribe,0.38344374,3834,38.34%,1283,0.6747018523217457,0,Not Recommended,0.20 to 0.39,20% to 39%,26,admin.,married,high.school,cellular,jul,1,0,nonexistent,0,0,0,0,0,0,0
test_003269,test,0,Did Not Subscribe,0.3833265,3833,38.33%,1284,0.6744481096168485,0,Not Recommended,0.20 to 0.39,20% to 39%,27,management,single,university.degree,cellular,jul,2,0,nonexistent,0,0,0,0,0,0,0
test_000025,test,0,Did Not Subscribe,0.3832558,3833,38.33%,1285,0.6741943669119512,0,Not Recommended,0.20 to 0.39,20% to 39%,25,blue-collar,single,basic.9y,cellular,jul,3,0,nonexistent,0,0,0,0,0,0,0
test_001793,test,0,Did Not Subscribe,0.38297975,3830,38.30%,1286,0.673940624207054,0,Not Recommended,0.20 to 0.39,20% to 39%,44,admin.,married,university.degree,cellular,jul,2,0,nonexistent,0,0,0,0,0,0,0
test_002476,test,0,Did Not Subscribe,0.38275734,3828,38.28%,1287,0.6736868815021568,0,Not Recommended,0.20 to 0.39,20% to 39%,39,admin.,single,high.school,cellular,aug,1,0,nonexistent,0,0,0,0,0,0,0
test_002306,test,0,Did Not Subscribe,0.3825896,3826,38.26%,1288,0.6734331387972596,0,Not Recommended,0.20 to 0.39,20% to 39%,45,technician,married,professional.course,cellular,aug,1,0,nonexistent,0,0,0,0,0,0,0
test_000431,test,0,Did Not Subscribe,0.38258097,3826,38.26%,1289,0.6731793960923623,0,Not Recommended,0.20 to 0.39,20% to 39%,59,technician,married,professional.course,cellular,aug,4,0,nonexistent,0,0,0,0,0,0,0
test_000883,test,0,Did Not Subscribe,0.38242158,3824,38.24%,1290,0.6729256533874651,0,Not Recommended,0.20 to 0.39,20% to 39%,34,blue-collar,married,basic.9y,cellular,jul,1,0,nonexistent,0,0,0,0,0,0,0
test_002844,test,0,Did Not Subscribe,0.38217294,3822,38.22%,1291,0.6726719106825678,0,Not Recommended,0.20 to 0.39,20% to 39%,29,admin.,single,university.degree,cellular,aug,4,0,nonexistent,0,0,0,0,0,0,0
test_003671,test,0,Did Not Subscribe,0.38211712,3821,38.21%,1292,0.6724181679776706,0,Not Recommended,0.20 to 0.39,20% to 39%,28,services,married,high.school,cellular,may,4,0,nonexistent,0,0,0,0,0,0,0
test_001260,test,0,Did Not Subscribe,0.38208598,3821,38.21%,1293,0.6721644252727734,0,Not Recommended,0.20 to 0.39,20% to 39%,36,blue-collar,married,basic.9y,cellular,apr,3,0,nonexistent,0,0,0,0,0,0,0
test_001820,test,0,Did Not Subscribe,0.3820111,3820,38.20%,1294,0.6719106825678762,0,Not Recommended,0.20 to 0.39,20% to 39%,30,technician,single,university.degree,cellular,aug,2,0,nonexistent,0,0,0,0,0,0,0
test_001577,test,0,Did Not Subscribe,0.38186538,3819,38.19%,1295,0.6716569398629789,0,Not Recommended,0.20 to 0.39,20% to 39%,56,entrepreneur,married,university.degree,cellular,nov,2,0,nonexistent,0,0,0,0,0,0,0
test_000008,test,0,Did Not Subscribe,0.38181448,3818,38.18%,1296,0.6714031971580817,0,Not Recommended,0.20 to 0.39,20% to 39%,45,blue-collar,married,basic.9y,cellular,apr,5,0,nonexistent,0,0,0,0,0,0,0
test_000399,test,0,Did Not Subscribe,0.3817919,3818,38.18%,1297,0.6711494544531844,0,Not Recommended,0.20 to 0.39,20% to 39%,37,technician,married,professional.course,cellular,may,1,0,nonexistent,0,0,0,0,0,0,0
test_001722,test,1,Subscribed,0.38175666,3818,38.18%,1298,0.6708957117482872,0,Not Recommended,0.20 to 0.39,20% to 39%,43,services,married,high.school,cellular,may,2,0,nonexistent,0,0,0,0,0,0,0
test_002466,test,0,Did Not Subscribe,0.3813927,3814,38.14%,1299,0.67064196904339,0,Not Recommended,0.20 to 0.39,20% to 39%,41,blue-collar,divorced,high.school,cellular,jul,6,0,nonexistent,0,0,0,0,0,0,0
test_002217,test,0,Did Not Subscribe,0.38137725,3814,38.14%,1300,0.6703882263384928,0,Not Recommended,0.20 to 0.39,20% to 39%,37,technician,single,professional.course,cellular,aug,1,0,nonexistent,0,0,0,0,0,0,0
test_001858,test,1,Subscribed,0.38118643,3812,38.12%,1301,0.6701344836335955,0,Not Recommended,0.20 to 0.39,20% to 39%,32,admin.,married,high.school,cellular,may,1,0,nonexistent,0,0,0,0,0,0,0
test_001452,test,0,Did Not Subscribe,0.3807044,3807,38.07%,1302,0.6698807409286983,0,Not Recommended,0.20 to 0.39,20% to 39%,59,admin.,married,university.degree,cellular,aug,1,0,nonexistent,0,0,0,0,0,0,0
test_001551,test,0,Did Not Subscribe,0.38034916,3803,38.03%,1303,0.669626998223801,0,Not Recommended,0.20 to 0.39,20% to 39%,35,admin.,single,university.degree,cellular,may,2,0,nonexistent,0,0,0,0,0,0,0
test_000891,test,0,Did Not Subscribe,0.38028097,3803,38.03%,1304,0.6693732555189038,0,Not Recommended,0.20 to 0.39,20% to 39%,36,blue-collar,married,basic.6y,cellular,nov,1,0,nonexistent,0,0,0,0,0,0,0
test_002956,test,0,Did Not Subscribe,0.3801097,3801,38.01%,1305,0.6691195128140066,0,Not Recommended,0.20 to 0.39,20% to 39%,37,admin.,single,university.degree,cellular,nov,1,0,nonexistent,0,0,0,0,0,0,0
test_000438,test,0,Did Not Subscribe,0.3798873,3799,37.99%,1306,0.6688657701091094,0,Not Recommended,0.20 to 0.39,20% to 39%,41,entrepreneur,divorced,unknown,telephone,may,1,0,nonexistent,0,0,0,0,0,0,0
test_000469,test,0,Did Not Subscribe,0.379758,3798,37.98%,1307,0.6686120274042121,0,Not Recommended,0.20 to 0.39,20% to 39%,24,blue-collar,single,basic.9y,cellular,jul,2,0,nonexistent,0,0,0,0,0,0,0
test_000794,test,0,Did Not Subscribe,0.37949657,3795,37.95%,1308,0.6683582846993149,0,Not Recommended,0.20 to 0.39,20% to 39%,39,blue-collar,married,basic.9y,cellular,apr,6,0,nonexistent,0,0,0,0,0,0,0
test_001571,test,0,Did Not Subscribe,0.37941036,3794,37.94%,1309,0.6681045419944176,0,Not Recommended,0.20 to 0.39,20% to 39%,38,entrepreneur,divorced,university.degree,cellular,nov,1,0,nonexistent,0,0,0,0,0,0,0
test_000197,test,1,Subscribed,0.37923148,3792,37.92%,1310,0.6678507992895204,0,Not Recommended,0.20 to 0.39,20% to 39%,35,services,divorced,university.degree,cellular,jul,2,0,nonexistent,0,0,0,0,0,0,0
test_000373,test,0,Did Not Subscribe,0.37921545,3792,37.92%,1311,0.6675970565846232,0,Not Recommended,0.20 to 0.39,20% to 39%,35,entrepreneur,married,university.degree,cellular,apr,1,1,failure,0,0,0,0,0,0,0
test_002876,test,0,Did Not Subscribe,0.37920365,3792,37.92%,1312,0.667343313879726,0,Not Recommended,0.20 to 0.39,20% to 39%,33,technician,single,professional.course,cellular,aug,1,0,nonexistent,0,0,0,0,0,0,0
test_000365,test,0,Did Not Subscribe,0.37907305,3791,37.91%,1313,0.6670895711748287,0,Not Recommended,0.20 to 0.39,20% to 39%,25,services,single,high.school,cellular,jul,1,0,nonexistent,0,0,0,0,0,0,0
test_001557,test,0,Did Not Subscribe,0.37906018,3791,37.91%,1314,0.6668358284699315,0,Not Recommended,0.20 to 0.39,20% to 39%,39,admin.,single,university.degree,cellular,may,2,0,nonexistent,0,0,0,0,0,0,0
test_003642,test,1,Subscribed,0.37899688,3790,37.90%,1315,0.6665820857650342,0,Not Recommended,0.20 to 0.39,20% to 39%,38,admin.,married,high.school,cellular,may,1,0,nonexistent,0,0,0,0,0,0,0
test_002493,test,0,Did Not Subscribe,0.378987,3790,37.90%,1316,0.666328343060137,0,Not Recommended,0.20 to 0.39,20% to 39%,29,management,married,university.degree,cellular,nov,1,0,nonexistent,0,0,0,0,0,0,0
test_001860,test,0,Did Not Subscribe,0.37881094,3788,37.88%,1317,0.6660746003552398,0,Not Recommended,0.20 to 0.39,20% to 39%,40,admin.,married,high.school,cellular,apr,1,1,failure,0,0,0,0,0,0,0
test_001011,test,0,Did Not Subscribe,0.37870985,3787,37.87%,1318,0.6658208576503426,0,Not Recommended,0.20 to 0.39,20% to 39%,41,admin.,divorced,high.school,cellular,may,3,0,nonexistent,0,0,0,0,0,0,0
test_000867,test,0,Did Not Subscribe,0.37868384,3787,37.87%,1319,0.6655671149454453,0,Not Recommended,0.20 to 0.39,20% to 39%,46,blue-collar,married,basic.9y,cellular,aug,1,0,nonexistent,0,0,0,0,0,0,0
test_001103,test,0,Did Not Subscribe,0.37868366,3787,37.87%,1320,0.6653133722405481,0,Not Recommended,0.20 to 0.39,20% to 39%,27,blue-collar,single,basic.9y,cellular,jul,3,0,nonexistent,0,0,0,0,0,0,0
test_002859,test,0,Did Not Subscribe,0.3785663,3786,37.86%,1321,0.6650596295356508,0,Not Recommended,0.20 to 0.39,20% to 39%,36,admin.,married,professional.course,cellular,aug,1,0,nonexistent,0,0,0,0,0,0,0
test_001804,test,0,Did Not Subscribe,0.3785563,3786,37.86%,1322,0.6648058868307536,0,Not Recommended,0.20 to 0.39,20% to 39%,34,admin.,single,university.degree,cellular,jul,2,0,nonexistent,0,0,0,0,0,0,0
test_001096,test,0,Did Not Subscribe,0.37832788,3783,37.83%,1323,0.6645521441258564,0,Not Recommended,0.20 to 0.39,20% to 39%,30,blue-collar,married,basic.6y,cellular,may,1,0,nonexistent,0,0,0,0,0,0,0
test_002687,test,0,Did Not Subscribe,0.3781393,3781,37.81%,1324,0.6642984014209592,0,Not Recommended,0.20 to 0.39,20% to 39%,57,services,married,high.school,cellular,apr,2,1,failure,0,0,0,0,0,0,0
test_001432,test,0,Did Not Subscribe,0.3781214,3781,37.81%,1325,0.6640446587160619,0,Not Recommended,0.20 to 0.39,20% to 39%,58,technician,married,professional.course,cellular,apr,2,0,nonexistent,0,0,0,0,0,0,0
test_002613,test,0,Did Not Subscribe,0.37787136,3779,37.79%,1326,0.6637909160111647,0,Not Recommended,0.20 to 0.39,20% to 39%,37,entrepreneur,divorced,high.school,cellular,jul,4,0,nonexistent,0,0,0,0,0,0,0
test_001865,test,0,Did Not Subscribe,0.37781143,3778,37.78%,1327,0.6635371733062674,0,Not Recommended,0.20 to 0.39,20% to 39%,44,admin.,married,university.degree,cellular,aug,2,0,nonexistent,0,0,0,0,0,0,0
test_001252,test,0,Did Not Subscribe,0.3776966,3777,37.77%,1328,0.6632834306013702,0,Not Recommended,0.20 to 0.39,20% to 39%,52,blue-collar,married,basic.4y,cellular,aug,1,0,nonexistent,0,0,0,0,0,0,0
test_002109,test,0,Did Not Subscribe,0.37748435,3775,37.75%,1329,0.663029687896473,0,Not Recommended,0.20 to 0.39,20% to 39%,34,blue-collar,married,high.school,cellular,jul,1,0,nonexistent,0,0,0,0,0,0,0
test_000402,test,0,Did Not Subscribe,0.37735903,3774,37.74%,1330,0.6627759451915758,0,Not Recommended,0.20 to 0.39,20% to 39%,52,services,married,high.school,cellular,may,1,0,nonexistent,0,0,0,0,0,0,0
test_001809,test,0,Did Not Subscribe,0.3767638,3768,37.68%,1331,0.6625222024866786,0,Not Recommended,0.20 to 0.39,20% to 39%,32,admin.,single,high.school,cellular,may,2,0,nonexistent,0,0,0,0,0,0,0
test_003575,test,0,Did Not Subscribe,0.37674516,3767,37.67%,1332,0.6622684597817813,0,Not Recommended,0.20 to 0.39,20% to 39%,32,admin.,single,university.degree,cellular,nov,1,0,nonexistent,0,0,0,0,0,0,0
test_001601,test,0,Did Not Subscribe,0.37672594,3767,37.67%,1333,0.662014717076884,0,Not Recommended,0.20 to 0.39,20% to 39%,47,management,married,university.degree,cellular,aug,2,0,nonexistent,0,0,0,0,0,0,0
test_003871,test,0,Did Not Subscribe,0.3766591,3767,37.67%,1334,0.6617609743719868,0,Not Recommended,0.20 to 0.39,20% to 39%,42,admin.,married,university.degree,cellular,aug,7,0,nonexistent,0,0,0,0,0,0,0
test_000887,test,0,Did Not Subscribe,0.37657598,3766,37.66%,1335,0.6615072316670896,0,Not Recommended,0.20 to 0.39,20% to 39%,31,blue-collar,married,professional.course,cellular,apr,4,0,nonexistent,0,0,0,0,0,0,0
test_002168,test,0,Did Not Subscribe,0.3765285,3765,37.65%,1336,0.6612534889621924,0,Not Recommended,0.20 to 0.39,20% to 39%,30,blue-collar,married,basic.9y,telephone,jun,11,0,nonexistent,0,0,0,0,0,0,0
test_002501,test,0,Did Not Subscribe,0.37640902,3764,37.64%,1337,0.6609997462572952,0,Not Recommended,0.20 to 0.39,20% to 39%,52,self-employed,married,university.degree,cellular,nov,1,0,nonexistent,0,0,0,0,0,0,0
test_000519,test,0,Did Not Subscribe,0.37624368,3762,37.62%,1338,0.6607460035523979,0,Not Recommended,0.20 to 0.39,20% to 39%,39,blue-collar,married,basic.6y,cellular,jul,1,0,nonexistent,0,0,0,0,0,0,0
test_000437,test,1,Subscribed,0.3762089,3762,37.62%,1339,0.6604922608475006,0,Not Recommended,0.20 to 0.39,20% to 39%,34,services,single,high.school,cellular,may,2,0,nonexistent,0,0,0,0,0,0,0
test_000760,test,0,Did Not Subscribe,0.3759932,3760,37.60%,1340,0.6602385181426034,0,Not Recommended,0.20 to 0.39,20% to 39%,28,blue-collar,divorced,high.school,cellular,jul,1,0,nonexistent,0,0,0,0,0,0,0
test_003492,test,0,Did Not Subscribe,0.37595132,3760,37.60%,1341,0.6599847754377062,0,Not Recommended,0.20 to 0.39,20% to 39%,38,admin.,divorced,high.school,cellular,may,1,0,nonexistent,0,0,0,0,0,0,0
test_002386,test,0,Did Not Subscribe,0.3758627,3759,37.59%,1342,0.659731032732809,0,Not Recommended,0.20 to 0.39,20% to 39%,33,technician,single,university.degree,cellular,aug,4,0,nonexistent,0,0,0,0,0,0,0
test_002474,test,0,Did Not Subscribe,0.37551123,3755,37.55%,1343,0.6594772900279118,0,Not Recommended,0.20 to 0.39,20% to 39%,55,admin.,married,university.degree,cellular,jul,5,0,nonexistent,0,0,0,0,0,0,0
test_001180,test,0,Did Not Subscribe,0.37541226,3754,37.54%,1344,0.6592235473230145,0,Not Recommended,0.20 to 0.39,20% to 39%,27,admin.,single,university.degree,cellular,jul,1,0,nonexistent,0,0,0,0,0,0,0
test_000697,test,0,Did Not Subscribe,0.3753432,3753,37.53%,1345,0.6589698046181172,0,Not Recommended,0.20 to 0.39,20% to 39%,36,blue-collar,single,basic.9y,cellular,may,3,0,nonexistent,0,0,0,0,0,0,0
test_001304,test,0,Did Not Subscribe,0.37526616,3753,37.53%,1346,0.65871606191322,0,Not Recommended,0.20 to 0.39,20% to 39%,44,technician,divorced,high.school,cellular,aug,1,0,nonexistent,0,0,0,0,0,0,0
test_001171,test,0,Did Not Subscribe,0.37524125,3752,37.52%,1347,0.6584623192083228,0,Not Recommended,0.20 to 0.39,20% to 39%,40,admin.,divorced,university.degree,cellular,jul,3,0,nonexistent,0,0,0,0,0,0,0
test_001367,test,0,Did Not Subscribe,0.3750983,3751,37.51%,1348,0.6582085765034256,0,Not Recommended,0.20 to 0.39,20% to 39%,43,services,married,basic.6y,telephone,nov,1,0,nonexistent,0,0,0,0,0,0,0
test_000303,test,0,Did Not Subscribe,0.37505403,3751,37.51%,1349,0.6579548337985284,0,Not Recommended,0.20 to 0.39,20% to 39%,25,student,single,high.school,cellular,may,2,0,nonexistent,0,0,0,0,0,0,0
test_003835,test,0,Did Not Subscribe,0.37481692,3748,37.48%,1350,0.6577010910936311,0,Not Recommended,0.20 to 0.39,20% to 39%,59,admin.,divorced,high.school,telephone,may,3,0,nonexistent,0,0,0,0,0,0,0
test_002932,test,0,Did Not Subscribe,0.37472296,3747,37.47%,1351,0.6574473483887338,0,Not Recommended,0.20 to 0.39,20% to 39%,37,technician,single,university.degree,cellular,aug,2,0,nonexistent,0,0,0,0,0,0,0
test_000245,test,1,Subscribed,0.37467307,3747,37.47%,1352,0.6571936056838366,0,Not Recommended,0.20 to 0.39,20% to 39%,36,admin.,divorced,high.school,cellular,jul,3,0,nonexistent,0,0,0,0,0,0,0
test_001041,test,0,Did Not Subscribe,0.3746357,3746,37.46%,1353,0.6569398629789394,0,Not Recommended,0.20 to 0.39,20% to 39%,30,admin.,single,university.degree,cellular,aug,3,0,nonexistent,0,0,0,0,0,0,0
test_002024,test,0,Did Not Subscribe,0.37442362,3744,37.44%,1354,0.6566861202740422,0,Not Recommended,0.20 to 0.39,20% to 39%,42,technician,divorced,professional.course,cellular,aug,1,0,nonexistent,0,0,0,0,0,0,0
test_003352,test,0,Did Not Subscribe,0.37410375,3741,37.41%,1355,0.656432377569145,0,Not Recommended,0.20 to 0.39,20% to 39%,38,technician,married,professional.course,cellular,nov,1,0,nonexistent,0,0,0,0,0,0,0
test_002344,test,0,Did Not Subscribe,0.37401995,3740,37.40%,1356,0.6561786348642477,0,Not Recommended,0.20 to 0.39,20% to 39%,54,retired,married,basic.9y,cellular,jul,1,0,nonexistent,0,0,0,0,0,0,0
test_001593,test,0,Did Not Subscribe,0.37389436,3739,37.39%,1357,0.6559248921593503,0,Not Recommended,0.20 to 0.39,20% to 39%,31,unemployed,single,university.degree,cellular,nov,1,0,nonexistent,0,0,0,0,0,0,0
test_001705,test,0,Did Not Subscribe,0.37387356,3739,37.39%,1358,0.6556711494544532,0,Not Recommended,0.20 to 0.39,20% to 39%,30,admin.,single,university.degree,cellular,may,1,1,failure,0,0,0,0,0,0,0
test_000822,test,0,Did Not Subscribe,0.37329814,3733,37.33%,1359,0.655417406749556,0,Not Recommended,0.20 to 0.39,20% to 39%,29,technician,single,university.degree,cellular,aug,2,0,nonexistent,0,0,0,0,0,0,0
test_003171,test,0,Did Not Subscribe,0.37322894,3732,37.32%,1360,0.6551636640446588,0,Not Recommended,0.20 to 0.39,20% to 39%,29,blue-collar,single,basic.9y,cellular,nov,1,0,nonexistent,0,0,0,0,0,0,0
test_003091,test,0,Did Not Subscribe,0.37318236,3732,37.32%,1361,0.6549099213397616,0,Not Recommended,0.20 to 0.39,20% to 39%,31,blue-collar,single,professional.course,cellular,may,5,1,failure,0,0,0,0,0,0,0
test_002736,test,0,Did Not Subscribe,0.3731722,3732,37.32%,1362,0.6546561786348642,0,Not Recommended,0.20 to 0.39,20% to 39%,34,management,divorced,university.degree,cellular,jul,5,0,nonexistent,0,0,0,0,0,0,0
test_001487,test,0,Did Not Subscribe,0.3730446,3730,37.30%,1363,0.6544024359299669,0,Not Recommended,0.20 to 0.39,20% to 39%,46,services,married,university.degree,cellular,aug,1,0,nonexistent,0,0,0,0,0,0,0
test_001737,test,0,Did Not Subscribe,0.3728927,3729,37.29%,1364,0.6541486932250697,0,Not Recommended,0.20 to 0.39,20% to 39%,43,admin.,married,university.degree,cellular,jul,1,0,nonexistent,0,0,0,0,0,0,0
test_000900,test,0,Did Not Subscribe,0.3728639,3729,37.29%,1365,0.6538949505201725,0,Not Recommended,0.20 to 0.39,20% to 39%,31,blue-collar,married,basic.6y,telephone,may,3,0,nonexistent,0,0,0,0,0,0,0
test_002999,test,0,Did Not Subscribe,0.37281248,3728,37.28%,1366,0.6536412078152753,0,Not Recommended,0.20 to 0.39,20% to 39%,58,technician,married,basic.9y,cellular,jul,1,0,nonexistent,0,0,0,0,0,0,0
test_002517,test,0,Did Not Subscribe,0.372782,3728,37.28%,1367,0.6533874651103782,0,Not Recommended,0.20 to 0.39,20% to 39%,35,technician,married,professional.course,cellular,jul,2,0,nonexistent,0,0,0,0,0,0,0
test_002038,test,0,Did Not Subscribe,0.37255627,3726,37.26%,1368,0.6531337224054808,0,Not Recommended,0.20 to 0.39,20% to 39%,34,blue-collar,married,basic.6y,cellular,jul,1,0,nonexistent,0,0,0,0,0,0,0
test_001473,test,0,Did Not Subscribe,0.37206227,3721,37.21%,1369,0.6528799797005835,0,Not Recommended,0.20 to 0.39,20% to 39%,29,admin.,single,university.degree,cellular,aug,5,0,nonexistent,0,0,0,0,0,0,0
test_000681,test,0,Did Not Subscribe,0.37182155,3718,37.18%,1370,0.6526262369956863,0,Not Recommended,0.20 to 0.39,20% to 39%,40,management,married,university.degree,cellular,aug,11,0,nonexistent,0,0,0,0,0,0,0
test_000123,test,0,Did Not Subscribe,0.37182057,3718,37.18%,1371,0.6523724942907891,0,Not Recommended,0.20 to 0.39,20% to 39%,38,technician,single,professional.course,cellular,jul,4,0,nonexistent,0,0,0,0,0,0,0
test_000032,test,0,Did Not Subscribe,0.37178642,3718,37.18%,1372,0.6521187515858919,0,Not Recommended,0.20 to 0.39,20% to 39%,51,entrepreneur,married,basic.6y,cellular,jul,3,0,nonexistent,0,0,0,0,0,0,0
test_000255,test,1,Subscribed,0.37175718,3718,37.18%,1373,0.6518650088809947,0,Not Recommended,0.20 to 0.39,20% to 39%,25,unknown,single,university.degree,telephone,jun,2,0,nonexistent,0,0,0,0,0,0,0
test_003732,test,0,Did Not Subscribe,0.37153006,3715,37.15%,1374,0.6516112661760974,0,Not Recommended,0.20 to 0.39,20% to 39%,30,technician,single,university.degree,cellular,aug,5,0,nonexistent,0,0,0,0,0,0,0
test_003841,test,1,Subscribed,0.3715119,3715,37.15%,1375,0.6513575234712001,0,Not Recommended,0.20 to 0.39,20% to 39%,31,technician,divorced,professional.course,cellular,jul,1,0,nonexistent,0,0,0,0,0,0,0
test_000318,test,0,Did Not Subscribe,0.3713738,3714,37.14%,1376,0.6511037807663029,0,Not Recommended,0.20 to 0.39,20% to 39%,30,blue-collar,married,basic.9y,cellular,jul,1,0,nonexistent,0,0,0,0,0,0,0
test_001313,test,0,Did Not Subscribe,0.37128854,3713,37.13%,1377,0.6508500380614057,0,Not Recommended,0.20 to 0.39,20% to 39%,31,technician,single,university.degree,cellular,nov,2,0,nonexistent,0,0,0,0,0,0,0
test_002015,test,0,Did Not Subscribe,0.37115884,3712,37.12%,1378,0.6505962953565085,0,Not Recommended,0.20 to 0.39,20% to 39%,48,blue-collar,married,basic.9y,cellular,may,2,0,nonexistent,0,0,0,0,0,0,0
test_002637,test,0,Did Not Subscribe,0.37113315,3711,37.11%,1379,0.6503425526516113,0,Not Recommended,0.20 to 0.39,20% to 39%,34,admin.,married,university.degree,cellular,may,2,0,nonexistent,0,0,0,0,0,0,0
test_003030,test,0,Did Not Subscribe,0.37087873,3709,37.09%,1380,0.650088809946714,0,Not Recommended,0.20 to 0.39,20% to 39%,39,blue-collar,single,university.degree,cellular,may,3,1,failure,0,0,0,0,0,0,0
test_003255,test,0,Did Not Subscribe,0.3708074,3708,37.08%,1381,0.6498350672418167,0,Not Recommended,0.20 to 0.39,20% to 39%,38,management,divorced,university.degree,cellular,jul,9,0,nonexistent,0,0,0,0,0,0,0
test_001158,test,0,Did Not Subscribe,0.370586,3706,37.06%,1382,0.6495813245369195,0,Not Recommended,0.20 to 0.39,20% to 39%,28,services,single,basic.9y,telephone,may,3,0,nonexistent,0,0,0,0,0,0,0
test_003635,test,0,Did Not Subscribe,0.37057224,3706,37.06%,1383,0.6493275818320223,0,Not Recommended,0.20 to 0.39,20% to 39%,31,admin.,divorced,high.school,cellular,may,2,0,nonexistent,0,0,0,0,0,0,0
test_000829,test,1,Subscribed,0.37029204,3703,37.03%,1384,0.6490738391271251,0,Not Recommended,0.20 to 0.39,20% to 39%,28,technician,single,professional.course,cellular,jul,3,0,nonexistent,0,0,0,0,0,0,0
test_000664,test,0,Did Not Subscribe,0.37011448,3701,37.01%,1385,0.6488200964222279,0,Not Recommended,0.20 to 0.39,20% to 39%,30,management,married,university.degree,cellular,aug,6,0,nonexistent,0,0,0,0,0,0,0
test_001404,test,0,Did Not Subscribe,0.37009323,3701,37.01%,1386,0.6485663537173306,0,Not Recommended,0.20 to 0.39,20% to 39%,41,services,divorced,high.school,cellular,jul,1,0,nonexistent,0,0,0,0,0,0,0
test_001662,test,0,Did Not Subscribe,0.369974,3700,37.00%,1387,0.6483126110124333,0,Not Recommended,0.20 to 0.39,20% to 39%,59,blue-collar,divorced,basic.9y,cellular,jul,1,0,nonexistent,0,0,0,0,0,0,0
test_001617,test,0,Did Not Subscribe,0.36986768,3699,36.99%,1388,0.6480588683075361,0,Not Recommended,0.20 to 0.39,20% to 39%,34,technician,married,professional.course,cellular,nov,1,0,nonexistent,0,0,0,0,0,0,0
test_001759,test,0,Did Not Subscribe,0.3697876,3698,36.98%,1389,0.6478051256026389,0,Not Recommended,0.20 to 0.39,20% to 39%,24,management,married,university.degree,cellular,jul,2,0,nonexistent,0,0,0,0,0,0,0
test_002880,test,1,Subscribed,0.36964884,3696,36.96%,1390,0.6475513828977417,0,Not Recommended,0.20 to 0.39,20% to 39%,33,services,married,high.school,telephone,nov,1,0,nonexistent,0,0,0,0,0,0,0
test_001615,test,0,Did Not Subscribe,0.36950475,3695,36.95%,1391,0.6472976401928445,0,Not Recommended,0.20 to 0.39,20% to 39%,30,self-employed,single,high.school,cellular,nov,1,0,nonexistent,0,0,0,0,0,0,0
test_002382,test,0,Did Not Subscribe,0.3693565,3694,36.94%,1392,0.6470438974879472,0,Not Recommended,0.20 to 0.39,20% to 39%,32,unemployed,married,university.degree,cellular,aug,5,0,nonexistent,0,0,0,0,0,0,0
test_003218,test,0,Did Not Subscribe,0.36934495,3693,36.93%,1393,0.6467901547830499,0,Not Recommended,0.20 to 0.39,20% to 39%,45,blue-collar,married,basic.6y,telephone,may,1,0,nonexistent,0,0,0,0,0,0,0
test_000941,test,0,Did Not Subscribe,0.36932236,3693,36.93%,1394,0.6465364120781527,0,Not Recommended,0.20 to 0.39,20% to 39%,52,retired,married,university.degree,cellular,nov,1,0,nonexistent,0,0,0,0,0,0,0
test_001791,test,0,Did Not Subscribe,0.36922333,3692,36.92%,1395,0.6462826693732555,0,Not Recommended,0.20 to 0.39,20% to 39%,39,blue-collar,married,high.school,cellular,may,1,0,nonexistent,0,0,0,0,0,0,0
test_003498,test,0,Did Not Subscribe,0.36908814,3691,36.91%,1396,0.6460289266683583,0,Not Recommended,0.20 to 0.39,20% to 39%,45,admin.,single,professional.course,cellular,jul,1,0,nonexistent,0,0,0,0,0,0,0
test_001758,test,0,Did Not Subscribe,0.36874434,3687,36.87%,1397,0.6457751839634611,0,Not Recommended,0.20 to 0.39,20% to 39%,57,housemaid,married,basic.4y,cellular,nov,1,0,nonexistent,0,0,0,0,0,0,0
test_002581,test,0,Did Not Subscribe,0.3687299,3687,36.87%,1398,0.6455214412585638,0,Not Recommended,0.20 to 0.39,20% to 39%,30,management,single,high.school,cellular,nov,1,0,nonexistent,0,0,0,0,0,0,0
test_000868,test,1,Subscribed,0.36859834,3686,36.86%,1399,0.6452676985536665,0,Not Recommended,0.20 to 0.39,20% to 39%,35,management,divorced,university.degree,cellular,aug,3,0,nonexistent,0,0,0,0,0,0,0
test_002286,test,0,Did Not Subscribe,0.36853227,3685,36.85%,1400,0.6450139558487693,0,Not Recommended,0.20 to 0.39,20% to 39%,40,technician,single,high.school,cellular,aug,2,0,nonexistent,0,0,0,0,0,0,0
test_002405,test,0,Did Not Subscribe,0.3685023,3685,36.85%,1401,0.6447602131438721,0,Not Recommended,0.20 to 0.39,20% to 39%,27,admin.,single,high.school,cellular,jul,1,0,nonexistent,0,0,0,0,0,0,0
test_000037,test,1,Subscribed,0.36829773,3683,36.83%,1402,0.6445064704389749,0,Not Recommended,0.20 to 0.39,20% to 39%,30,blue-collar,married,basic.9y,cellular,nov,1,0,nonexistent,0,0,0,0,0,0,0
test_003100,test,0,Did Not Subscribe,0.36825213,3683,36.83%,1403,0.6442527277340777,0,Not Recommended,0.20 to 0.39,20% to 39%,26,blue-collar,single,high.school,cellular,may,2,0,nonexistent,0,0,0,0,0,0,0
test_003447,test,0,Did Not Subscribe,0.36823544,3682,36.82%,1404,0.6439989850291804,0,Not Recommended,0.20 to 0.39,20% to 39%,27,admin.,single,university.degree,cellular,jul,1,0,nonexistent,0,0,0,0,0,0,0
test_001403,test,0,Did Not Subscribe,0.3681878,3682,36.82%,1405,0.6437452423242831,0,Not Recommended,0.20 to 0.39,20% to 39%,38,admin.,married,university.degree,cellular,jul,3,0,nonexistent,0,0,0,0,0,0,0
test_000499,test,0,Did Not Subscribe,0.36799905,3680,36.80%,1406,0.6434914996193859,0,Not Recommended,0.20 to 0.39,20% to 39%,33,blue-collar,married,high.school,cellular,jul,2,0,nonexistent,0,0,0,0,0,0,0
test_001880,test,0,Did Not Subscribe,0.36791423,3679,36.79%,1407,0.6432377569144887,0,Not Recommended,0.20 to 0.39,20% to 39%,50,blue-collar,married,basic.6y,cellular,may,6,0,nonexistent,0,0,0,0,0,0,0
test_003192,test,1,Subscribed,0.36788285,3679,36.79%,1408,0.6429840142095915,0,Not Recommended,0.20 to 0.39,20% to 39%,46,management,married,high.school,cellular,aug,3,0,nonexistent,0,0,0,0,0,0,0
test_000059,test,0,Did Not Subscribe,0.36772424,3677,36.77%,1409,0.6427302715046943,0,Not Recommended,0.20 to 0.39,20% to 39%,41,blue-collar,married,basic.9y,cellular,may,1,0,nonexistent,0,0,0,0,0,0,0
test_003628,test,0,Did Not Subscribe,0.36768055,3677,36.77%,1410,0.642476528799797,0,Not Recommended,0.20 to 0.39,20% to 39%,46,entrepreneur,married,high.school,cellular,aug,5,0,nonexistent,0,0,0,0,0,0,0
test_003047,test,0,Did Not Subscribe,0.36757737,3676,36.76%,1411,0.6422227860948997,0,Not Recommended,0.20 to 0.39,20% to 39%,27,technician,married,basic.9y,cellular,jul,2,0,nonexistent,0,0,0,0,0,0,0
test_001448,test,0,Did Not Subscribe,0.36743665,3674,36.74%,1412,0.6419690433900025,0,Not Recommended,0.20 to 0.39,20% to 39%,35,entrepreneur,married,high.school,cellular,jul,3,0,nonexistent,0,0,0,0,0,0,0
test_003550,test,0,Did Not Subscribe,0.36735755,3674,36.74%,1413,0.6417153006851053,0,Not Recommended,0.20 to 0.39,20% to 39%,40,admin.,married,high.school,cellular,nov,1,0,nonexistent,0,0,0,0,0,0,0
test_000446,test,0,Did Not Subscribe,0.36734158,3673,36.73%,1414,0.6414615579802081,0,Not Recommended,0.20 to 0.39,20% to 39%,39,management,married,high.school,cellular,aug,2,0,nonexistent,0,0,0,0,0,0,0
test_000330,test,0,Did Not Subscribe,0.3672379,3672,36.72%,1415,0.6412078152753109,0,Not Recommended,0.20 to 0.39,20% to 39%,39,admin.,married,high.school,cellular,nov,1,0,nonexistent,0,0,0,0,0,0,0
test_000341,test,0,Did Not Subscribe,0.36712846,3671,36.71%,1416,0.6409540725704136,0,Not Recommended,0.20 to 0.39,20% to 39%,29,technician,single,professional.course,cellular,aug,3,0,nonexistent,0,0,0,0,0,0,0
test_003509,test,0,Did Not Subscribe,0.36712205,3671,36.71%,1417,0.6407003298655164,0,Not Recommended,0.20 to 0.39,20% to 39%,34,admin.,married,high.school,cellular,jul,1,0,nonexistent,0,0,0,0,0,0,0
test_002031,test,0,Did Not Subscribe,0.36711308,3671,36.71%,1418,0.6404465871606191,0,Not Recommended,0.20 to 0.39,20% to 39%,44,blue-collar,married,basic.9y,cellular,may,2,0,nonexistent,0,0,0,0,0,0,0
test_000233,test,0,Did Not Subscribe,0.3668892,3669,36.69%,1419,0.6401928444557219,0,Not Recommended,0.20 to 0.39,20% to 39%,47,housemaid,married,unknown,cellular,nov,1,0,nonexistent,0,0,0,0,0,0,0
test_002158,test,1,Subscribed,0.36671323,3667,36.67%,1420,0.6399391017508247,0,Not Recommended,0.20 to 0.39,20% to 39%,42,blue-collar,married,basic.9y,cellular,jul,3,0,nonexistent,0,0,0,0,0,0,0
test_003601,test,0,Did Not Subscribe,0.36662963,3666,36.66%,1421,0.6396853590459275,0,Not Recommended,0.20 to 0.39,20% to 39%,50,admin.,single,university.degree,cellular,aug,1,0,nonexistent,0,0,0,0,0,0,0
test_000199,test,0,Did Not Subscribe,0.366614,3666,36.66%,1422,0.6394316163410302,0,Not Recommended,0.20 to 0.39,20% to 39%,31,blue-collar,single,basic.9y,cellular,jul,1,0,nonexistent,0,0,0,0,0,0,0
test_000407,test,0,Did Not Subscribe,0.36642927,3664,36.64%,1423,0.639177873636133,0,Not Recommended,0.20 to 0.39,20% to 39%,31,services,single,high.school,cellular,jul,3,0,nonexistent,0,0,0,0,0,0,0
test_003654,test,1,Subscribed,0.3662965,3663,36.63%,1424,0.6389241309312357,0,Not Recommended,0.20 to 0.39,20% to 39%,39,blue-collar,married,basic.6y,cellular,jul,1,0,nonexistent,0,0,0,0,0,0,0
test_001647,test,0,Did Not Subscribe,0.3662071,3662,36.62%,1425,0.6386703882263385,0,Not Recommended,0.20 to 0.39,20% to 39%,38,blue-collar,single,basic.9y,cellular,jul,3,0,nonexistent,0,0,0,0,0,0,0
test_000749,test,1,Subscribed,0.366071,3661,36.61%,1426,0.6384166455214413,0,Not Recommended,0.20 to 0.39,20% to 39%,47,self-employed,married,basic.9y,cellular,jul,6,0,nonexistent,0,0,0,0,0,0,0
test_000129,test,0,Did Not Subscribe,0.36599314,3660,36.60%,1427,0.6381629028165441,0,Not Recommended,0.20 to 0.39,20% to 39%,36,blue-collar,married,basic.6y,cellular,may,2,0,nonexistent,0,0,0,0,0,0,0
test_000653,test,0,Did Not Subscribe,0.3658329,3658,36.58%,1428,0.6379091601116468,0,Not Recommended,0.20 to 0.39,20% to 39%,53,admin.,married,university.degree,cellular,jul,1,0,nonexistent,0,0,0,0,0,0,0
test_000087,test,0,Did Not Subscribe,0.36576432,3658,36.58%,1429,0.6376554174067496,0,Not Recommended,0.20 to 0.39,20% to 39%,32,management,divorced,university.degree,cellular,jul,2,0,nonexistent,0,0,0,0,0,0,0
test_002390,test,0,Did Not Subscribe,0.36575103,3658,36.58%,1430,0.6374016747018523,0,Not Recommended,0.20 to 0.39,20% to 39%,31,services,single,high.school,cellular,nov,1,0,nonexistent,0,0,0,0,0,0,0
test_001627,test,0,Did Not Subscribe,0.36570275,3657,36.57%,1431,0.6371479319969551,0,Not Recommended,0.20 to 0.39,20% to 39%,44,technician,married,high.school,cellular,jul,1,0,nonexistent,0,0,0,0,0,0,0
test_002303,test,0,Did Not Subscribe,0.36550692,3655,36.55%,1432,0.6368941892920579,0,Not Recommended,0.20 to 0.39,20% to 39%,38,admin.,single,unknown,cellular,may,1,0,nonexistent,0,0,0,0,0,0,0
test_002642,test,0,Did Not Subscribe,0.36534724,3653,36.53%,1433,0.6366404465871607,0,Not Recommended,0.20 to 0.39,20% to 39%,37,blue-collar,married,basic.6y,cellular,jul,1,0,nonexistent,0,0,0,0,0,0,0
test_000093,test,0,Did Not Subscribe,0.36506122,3651,36.51%,1434,0.6363867038822634,0,Not Recommended,0.20 to 0.39,20% to 39%,43,admin.,single,university.degree,cellular,aug,5,0,nonexistent,0,0,0,0,0,0,0
test_003772,test,0,Did Not Subscribe,0.36503553,3650,36.50%,1435,0.6361329611773662,0,Not Recommended,0.20 to 0.39,20% to 39%,53,retired,married,high.school,cellular,jul,2,0,nonexistent,0,0,0,0,0,0,0
test_000605,test,0,Did Not Subscribe,0.36491725,3649,36.49%,1436,0.6358792184724689,0,Not Recommended,0.20 to 0.39,20% to 39%,30,technician,single,high.school,cellular,aug,2,0,nonexistent,0,0,0,0,0,0,0
test_003206,test,0,Did Not Subscribe,0.36455533,3646,36.46%,1437,0.6356254757675717,0,Not Recommended,0.20 to 0.39,20% to 39%,35,admin.,married,university.degree,cellular,may,4,0,nonexistent,0,0,0,0,0,0,0
test_000028,test,0,Did Not Subscribe,0.36450467,3645,36.45%,1438,0.6353717330626745,0,Not Recommended,0.20 to 0.39,20% to 39%,29,technician,single,professional.course,cellular,aug,4,0,nonexistent,0,0,0,0,0,0,0
test_000745,test,0,Did Not Subscribe,0.36444923,3644,36.44%,1439,0.6351179903577773,0,Not Recommended,0.20 to 0.39,20% to 39%,32,management,single,university.degree,cellular,nov,2,0,nonexistent,0,0,0,0,0,0,0
test_003820,test,0,Did Not Subscribe,0.36437938,3644,36.44%,1440,0.63486424765288,0,Not Recommended,0.20 to 0.39,20% to 39%,38,admin.,married,basic.6y,cellular,jul,3,0,nonexistent,0,0,0,0,0,0,0
test_002480,test,0,Did Not Subscribe,0.36423957,3642,36.42%,1441,0.6346105049479828,0,Not Recommended,0.20 to 0.39,20% to 39%,43,technician,married,basic.9y,cellular,jul,1,0,nonexistent,0,0,0,0,0,0,0
test_001268,test,0,Did Not Subscribe,0.36417836,3642,36.42%,1442,0.6343567622430855,0,Not Recommended,0.20 to 0.39,20% to 39%,31,entrepreneur,single,university.degree,cellular,aug,3,0,nonexistent,0,0,0,0,0,0,0
test_001068,test,0,Did Not Subscribe,0.36401287,3640,36.40%,1443,0.6341030195381883,0,Not Recommended,0.20 to 0.39,20% to 39%,28,blue-collar,married,basic.4y,cellular,may,2,1,failure,0,0,0,0,0,0,0
test_003637,test,0,Did Not Subscribe,0.36380804,3638,36.38%,1444,0.6338492768332911,0,Not Recommended,0.20 to 0.39,20% to 39%,43,services,married,high.school,cellular,may,1,0,nonexistent,0,0,0,0,0,0,0
test_002911,test,0,Did Not Subscribe,0.36360222,3636,36.36%,1445,0.6335955341283939,0,Not Recommended,0.20 to 0.39,20% to 39%,54,management,married,university.degree,cellular,jul,2,0,nonexistent,0,0,0,0,0,0,0
test_003240,test,0,Did Not Subscribe,0.36347005,3635,36.35%,1446,0.6333417914234966,0,Not Recommended,0.20 to 0.39,20% to 39%,30,technician,single,professional.course,cellular,jul,6,0,nonexistent,0,0,0,0,0,0,0
test_000881,test,0,Did Not Subscribe,0.3634352,3634,36.34%,1447,0.6330880487185994,0,Not Recommended,0.20 to 0.39,20% to 39%,57,housemaid,married,basic.4y,cellular,may,2,0,nonexistent,0,0,0,0,0,0,0
test_003623,test,0,Did Not Subscribe,0.36329177,3633,36.33%,1448,0.632834306013702,0,Not Recommended,0.20 to 0.39,20% to 39%,29,self-employed,married,unknown,cellular,jul,2,0,nonexistent,0,0,0,0,0,0,0
test_002507,test,0,Did Not Subscribe,0.36313117,3631,36.31%,1449,0.6325805633088049,0,Not Recommended,0.20 to 0.39,20% to 39%,39,admin.,married,university.degree,cellular,jul,3,0,nonexistent,0,0,0,0,0,0,0
test_003868,test,0,Did Not Subscribe,0.36285275,3629,36.29%,1450,0.6323268206039077,0,Not Recommended,0.20 to 0.39,20% to 39%,35,admin.,married,high.school,cellular,may,2,2,failure,0,0,0,0,0,0,0
test_003714,test,0,Did Not Subscribe,0.3626241,3626,36.26%,1451,0.6320730778990105,0,Not Recommended,0.20 to 0.39,20% to 39%,55,admin.,married,high.school,cellular,may,1,0,nonexistent,0,0,0,0,0,0,0
test_000354,test,0,Did Not Subscribe,0.36252373,3625,36.25%,1452,0.6318193351941132,0,Not Recommended,0.20 to 0.39,20% to 39%,31,admin.,single,university.degree,cellular,jul,1,0,nonexistent,0,0,0,0,0,0,0
test_000585,test,0,Did Not Subscribe,0.36243296,3624,36.24%,1453,0.631565592489216,0,Not Recommended,0.20 to 0.39,20% to 39%,36,technician,married,university.degree,cellular,may,2,0,nonexistent,0,0,0,0,0,0,0
test_000971,test,0,Did Not Subscribe,0.3621944,3622,36.22%,1454,0.6313118497843186,0,Not Recommended,0.20 to 0.39,20% to 39%,24,admin.,married,unknown,cellular,jul,5,0,nonexistent,0,0,0,0,0,0,0
test_002843,test,0,Did Not Subscribe,0.36214793,3621,36.21%,1455,0.6310581070794214,0,Not Recommended,0.20 to 0.39,20% to 39%,41,admin.,married,high.school,cellular,jul,4,0,nonexistent,0,0,0,0,0,0,0
test_002334,test,0,Did Not Subscribe,0.3619803,3620,36.20%,1456,0.6308043643745243,0,Not Recommended,0.20 to 0.39,20% to 39%,51,admin.,single,university.degree,telephone,aug,2,0,nonexistent,0,0,0,0,0,0,0
test_002189,test,1,Subscribed,0.3617902,3618,36.18%,1457,0.630550621669627,0,Not Recommended,0.20 to 0.39,20% to 39%,35,admin.,single,university.degree,cellular,nov,1,0,nonexistent,0,0,0,0,0,0,0
test_000936,test,0,Did Not Subscribe,0.36173815,3617,36.17%,1458,0.6302968789647297,0,Not Recommended,0.20 to 0.39,20% to 39%,57,admin.,married,high.school,cellular,may,1,1,failure,0,0,0,0,0,0,0
test_000239,test,0,Did Not Subscribe,0.3617011,3617,36.17%,1459,0.6300431362598325,0,Not Recommended,0.20 to 0.39,20% to 39%,48,admin.,married,university.degree,cellular,aug,2,0,nonexistent,0,0,0,0,0,0,0
test_001064,test,0,Did Not Subscribe,0.36166167,3617,36.17%,1460,0.6297893935549352,0,Not Recommended,0.20 to 0.39,20% to 39%,24,student,single,university.degree,telephone,may,3,0,nonexistent,0,0,0,0,0,0,0
test_000186,test,0,Did Not Subscribe,0.36145988,3615,36.15%,1461,0.629535650850038,0,Not Recommended,0.20 to 0.39,20% to 39%,32,services,single,high.school,cellular,jul,2,0,nonexistent,0,0,0,0,0,0,0
test_000813,test,0,Did Not Subscribe,0.36098316,3610,36.10%,1462,0.6292819081451408,0,Not Recommended,0.20 to 0.39,20% to 39%,39,self-employed,married,university.degree,cellular,jul,1,0,nonexistent,0,0,0,0,0,0,0
test_000044,test,0,Did Not Subscribe,0.36097157,3610,36.10%,1463,0.6290281654402436,0,Not Recommended,0.20 to 0.39,20% to 39%,39,technician,married,university.degree,cellular,nov,1,0,nonexistent,0,0,0,0,0,0,0
test_001307,test,0,Did Not Subscribe,0.36094788,3609,36.09%,1464,0.6287744227353463,0,Not Recommended,0.20 to 0.39,20% to 39%,28,blue-collar,married,basic.6y,telephone,jul,1,0,nonexistent,0,0,0,0,0,0,0
test_002619,test,0,Did Not Subscribe,0.3608038,3608,36.08%,1465,0.6285206800304491,0,Not Recommended,0.20 to 0.39,20% to 39%,57,admin.,married,university.degree,cellular,jul,3,0,nonexistent,0,0,0,0,0,0,0
test_000986,test,0,Did Not Subscribe,0.36075845,3608,36.08%,1466,0.6282669373255518,0,Not Recommended,0.20 to 0.39,20% to 39%,59,retired,married,basic.9y,telephone,jun,8,0,nonexistent,0,0,0,0,0,0,0
test_002816,test,0,Did Not Subscribe,0.36069122,3607,36.07%,1467,0.6280131946206546,0,Not Recommended,0.20 to 0.39,20% to 39%,38,admin.,married,professional.course,cellular,jul,3,0,nonexistent,0,0,0,0,0,0,0
test_001209,test,0,Did Not Subscribe,0.3606268,3606,36.06%,1468,0.6277594519157574,0,Not Recommended,0.20 to 0.39,20% to 39%,52,admin.,married,university.degree,cellular,jul,4,0,nonexistent,0,0,0,0,0,0,0
test_002274,test,0,Did Not Subscribe,0.36049324,3605,36.05%,1469,0.6275057092108602,0,Not Recommended,0.20 to 0.39,20% to 39%,41,self-employed,married,basic.9y,cellular,jul,2,0,nonexistent,0,0,0,0,0,0,0
test_000489,test,0,Did Not Subscribe,0.36036378,3604,36.04%,1470,0.6272519665059629,0,Not Recommended,0.20 to 0.39,20% to 39%,40,services,divorced,high.school,cellular,may,1,1,failure,0,0,0,0,0,0,0
test_000311,test,0,Did Not Subscribe,0.3603086,3603,36.03%,1471,0.6269982238010657,0,Not Recommended,0.20 to 0.39,20% to 39%,26,admin.,single,university.degree,cellular,jul,2,0,nonexistent,0,0,0,0,0,0,0
test_002748,test,0,Did Not Subscribe,0.3602561,3603,36.03%,1472,0.6267444810961684,0,Not Recommended,0.20 to 0.39,20% to 39%,37,blue-collar,married,basic.9y,cellular,jul,4,0,nonexistent,0,0,0,0,0,0,0
test_002044,test,0,Did Not Subscribe,0.36024973,3602,36.02%,1473,0.6264907383912712,0,Not Recommended,0.20 to 0.39,20% to 39%,29,services,single,high.school,cellular,jul,2,0,nonexistent,0,0,0,0,0,0,0
test_002716,test,0,Did Not Subscribe,0.36016738,3602,36.02%,1474,0.626236995686374,0,Not Recommended,0.20 to 0.39,20% to 39%,32,blue-collar,single,basic.4y,cellular,jul,2,0,nonexistent,0,0,0,0,0,0,0
test_003385,test,0,Did Not Subscribe,0.3599457,3599,35.99%,1475,0.6259832529814768,0,Not Recommended,0.20 to 0.39,20% to 39%,33,technician,single,professional.course,cellular,jul,1,0,nonexistent,0,0,0,0,0,0,0
test_000659,test,0,Did Not Subscribe,0.35985675,3599,35.99%,1476,0.6257295102765795,0,Not Recommended,0.20 to 0.39,20% to 39%,37,admin.,married,university.degree,cellular,jul,4,0,nonexistent,0,0,0,0,0,0,0
test_003826,test,0,Did Not Subscribe,0.35973057,3597,35.97%,1477,0.6254757675716823,0,Not Recommended,0.20 to 0.39,20% to 39%,25,admin.,married,high.school,cellular,jul,4,0,nonexistent,0,0,0,0,0,0,0
test_000190,test,0,Did Not Subscribe,0.35944116,3594,35.94%,1478,0.625222024866785,0,Not Recommended,0.20 to 0.39,20% to 39%,56,admin.,divorced,basic.6y,cellular,jul,4,0,nonexistent,0,0,0,0,0,0,0
test_001229,test,0,Did Not Subscribe,0.35894942,3589,35.89%,1479,0.6249682821618878,0,Not Recommended,0.20 to 0.39,20% to 39%,39,admin.,single,university.degree,cellular,jul,3,0,nonexistent,0,0,0,0,0,0,0
test_001606,test,0,Did Not Subscribe,0.35889915,3589,35.89%,1480,0.6247145394569906,0,Not Recommended,0.20 to 0.39,20% to 39%,39,services,single,high.school,cellular,jul,5,0,nonexistent,0,0,0,0,0,0,0
test_001724,test,0,Did Not Subscribe,0.35840756,3584,35.84%,1481,0.6244607967520934,0,Not Recommended,0.20 to 0.39,20% to 39%,54,entrepreneur,married,professional.course,cellular,nov,1,0,nonexistent,0,0,0,0,0,0,0
test_000097,test,0,Did Not Subscribe,0.35836434,3584,35.84%,1482,0.6242070540471961,0,Not Recommended,0.20 to 0.39,20% to 39%,30,blue-collar,single,basic.9y,cellular,jul,1,0,nonexistent,0,0,0,0,0,0,0
test_003372,test,0,Did Not Subscribe,0.35836107,3584,35.84%,1483,0.6239533113422989,0,Not Recommended,0.20 to 0.39,20% to 39%,39,admin.,married,university.degree,cellular,jul,2,0,nonexistent,0,0,0,0,0,0,0
test_000214,test,0,Did Not Subscribe,0.3583428,3583,35.83%,1484,0.6236995686374016,0,Not Recommended,0.20 to 0.39,20% to 39%,31,unemployed,divorced,university.degree,cellular,jul,7,0,nonexistent,0,0,0,0,0,0,0
test_000081,test,0,Did Not Subscribe,0.35827574,3583,35.83%,1485,0.6234458259325044,0,Not Recommended,0.20 to 0.39,20% to 39%,38,blue-collar,divorced,basic.9y,cellular,jul,2,0,nonexistent,0,0,0,0,0,0,0
test_002419,test,0,Did Not Subscribe,0.3581496,3581,35.81%,1486,0.6231920832276072,0,Not Recommended,0.20 to 0.39,20% to 39%,39,admin.,married,high.school,cellular,jul,2,0,nonexistent,0,0,0,0,0,0,0
test_001436,test,0,Did Not Subscribe,0.35814553,3581,35.81%,1487,0.62293834052271,0,Not Recommended,0.20 to 0.39,20% to 39%,41,services,married,basic.9y,cellular,jul,3,0,nonexistent,0,0,0,0,0,0,0
test_000658,test,0,Did Not Subscribe,0.3581324,3581,35.81%,1488,0.6226845978178127,0,Not Recommended,0.20 to 0.39,20% to 39%,45,blue-collar,married,unknown,cellular,aug,3,0,nonexistent,0,0,0,0,0,0,0
test_003513,test,0,Did Not Subscribe,0.35805112,3581,35.81%,1489,0.6224308551129155,0,Not Recommended,0.20 to 0.39,20% to 39%,31,technician,married,university.degree,cellular,aug,2,0,nonexistent,0,0,0,0,0,0,0
test_001902,test,0,Did Not Subscribe,0.35801053,3580,35.80%,1490,0.6221771124080182,0,Not Recommended,0.20 to 0.39,20% to 39%,27,blue-collar,married,basic.9y,telephone,jun,1,0,nonexistent,0,0,0,0,0,0,0
test_003781,test,0,Did Not Subscribe,0.35763952,3576,35.76%,1491,0.621923369703121,0,Not Recommended,0.20 to 0.39,20% to 39%,48,entrepreneur,married,basic.9y,cellular,jul,7,0,nonexistent,0,0,0,0,0,0,0
test_001233,test,0,Did Not Subscribe,0.35756475,3576,35.76%,1492,0.6216696269982238,0,Not Recommended,0.20 to 0.39,20% to 39%,28,admin.,single,high.school,cellular,may,2,0,nonexistent,0,0,0,0,0,0,0
test_000888,test,0,Did Not Subscribe,0.3574475,3574,35.74%,1493,0.6214158842933266,0,Not Recommended,0.20 to 0.39,20% to 39%,31,blue-collar,married,basic.4y,cellular,may,1,1,failure,0,0,0,0,0,0,0
test_001261,test,0,Did Not Subscribe,0.35740137,3574,35.74%,1494,0.6211621415884293,0,Not Recommended,0.20 to 0.39,20% to 39%,45,management,married,university.degree,cellular,aug,2,0,nonexistent,0,0,0,0,0,0,0
test_001609,test,0,Did Not Subscribe,0.35734475,3573,35.73%,1495,0.6209083988835321,0,Not Recommended,0.20 to 0.39,20% to 39%,25,admin.,single,high.school,cellular,jul,4,0,nonexistent,0,0,0,0,0,0,0
test_000356,test,0,Did Not Subscribe,0.35716683,3572,35.72%,1496,0.6206546561786348,0,Not Recommended,0.20 to 0.39,20% to 39%,29,admin.,single,university.degree,cellular,aug,2,0,nonexistent,0,0,0,0,0,0,0
test_002030,test,0,Did Not Subscribe,0.35666117,3567,35.67%,1497,0.6204009134737376,0,Not Recommended,0.20 to 0.39,20% to 39%,46,management,married,high.school,cellular,aug,5,0,nonexistent,0,0,0,0,0,0,0
test_001083,test,0,Did Not Subscribe,0.3563758,3564,35.64%,1498,0.6201471707688404,0,Not Recommended,0.20 to 0.39,20% to 39%,42,services,single,high.school,cellular,may,2,0,nonexistent,0,0,0,0,0,0,0
test_002630,test,0,Did Not Subscribe,0.35620713,3562,35.62%,1499,0.6198934280639432,0,Not Recommended,0.20 to 0.39,20% to 39%,43,entrepreneur,married,basic.9y,cellular,nov,1,0,nonexistent,0,0,0,0,0,0,0
test_002505,test,0,Did Not Subscribe,0.35616115,3562,35.62%,1500,0.6196396853590459,0,Not Recommended,0.20 to 0.39,20% to 39%,44,admin.,married,university.degree,cellular,nov,1,0,nonexistent,0,0,0,0,0,0,0
test_003048,test,0,Did Not Subscribe,0.35610247,3561,35.61%,1501,0.6193859426541487,0,Not Recommended,0.20 to 0.39,20% to 39%,53,technician,married,professional.course,cellular,jul,2,0,nonexistent,0,0,0,0,0,0,0
test_001377,test,0,Did Not Subscribe,0.35604155,3560,35.60%,1502,0.6191321999492514,0,Not Recommended,0.20 to 0.39,20% to 39%,56,admin.,divorced,university.degree,cellular,aug,4,0,nonexistent,0,0,0,0,0,0,0
test_002807,test,0,Did Not Subscribe,0.35602427,3560,35.60%,1503,0.6188784572443542,0,Not Recommended,0.20 to 0.39,20% to 39%,29,technician,single,university.degree,cellular,may,7,0,nonexistent,0,0,0,0,0,0,0
test_000844,test,0,Did Not Subscribe,0.3560124,3560,35.60%,1504,0.618624714539457,0,Not Recommended,0.20 to 0.39,20% to 39%,35,admin.,married,high.school,cellular,may,2,0,nonexistent,0,0,0,0,0,0,0
test_000704,test,0,Did Not Subscribe,0.3559756,3560,35.60%,1505,0.6183709718345598,0,Not Recommended,0.20 to 0.39,20% to 39%,40,admin.,married,university.degree,cellular,may,2,0,nonexistent,0,0,0,0,0,0,0
test_001871,test,0,Did Not Subscribe,0.35577625,3558,35.58%,1506,0.6181172291296626,0,Not Recommended,0.20 to 0.39,20% to 39%,27,student,single,high.school,cellular,may,1,1,failure,0,0,0,0,0,0,0
test_002028,test,0,Did Not Subscribe,0.35572904,3557,35.57%,1507,0.6178634864247653,0,Not Recommended,0.20 to 0.39,20% to 39%,40,entrepreneur,married,university.degree,cellular,aug,2,0,nonexistent,0,0,0,0,0,0,0
test_000380,test,0,Did Not Subscribe,0.35532993,3553,35.53%,1508,0.617609743719868,0,Not Recommended,0.20 to 0.39,20% to 39%,37,services,married,high.school,cellular,jul,2,0,nonexistent,0,0,0,0,0,0,0
test_000556,test,0,Did Not Subscribe,0.35498008,3550,35.50%,1509,0.6173560010149708,0,Not Recommended,0.20 to 0.39,20% to 39%,46,admin.,married,university.degree,cellular,jul,2,0,nonexistent,0,0,0,0,0,0,0
test_003216,test,1,Subscribed,0.3549215,3549,35.49%,1510,0.6171022583100736,0,Not Recommended,0.20 to 0.39,20% to 39%,43,admin.,married,high.school,cellular,jul,2,0,nonexistent,0,0,0,0,0,0,0
test_003482,test,0,Did Not Subscribe,0.35479313,3548,35.48%,1511,0.6168485156051764,0,Not Recommended,0.20 to 0.39,20% to 39%,57,technician,divorced,professional.course,cellular,nov,1,0,nonexistent,0,0,0,0,0,0,0
test_000094,test,1,Subscribed,0.35474464,3547,35.47%,1512,0.6165947729002792,0,Not Recommended,0.20 to 0.39,20% to 39%,38,admin.,married,unknown,cellular,jul,3,0,nonexistent,0,0,0,0,0,0,0
test_000537,test,0,Did Not Subscribe,0.35470587,3547,35.47%,1513,0.6163410301953819,0,Not Recommended,0.20 to 0.39,20% to 39%,40,admin.,married,high.school,cellular,jul,1,0,nonexistent,0,0,0,0,0,0,0
test_001396,test,0,Did Not Subscribe,0.35469502,3547,35.47%,1514,0.6160872874904846,0,Not Recommended,0.20 to 0.39,20% to 39%,52,blue-collar,married,basic.4y,cellular,jul,1,0,nonexistent,0,0,0,0,0,0,0
test_000963,test,0,Did Not Subscribe,0.3546355,3546,35.46%,1515,0.6158335447855874,0,Not Recommended,0.20 to 0.39,20% to 39%,36,admin.,married,high.school,cellular,jul,8,0,nonexistent,0,0,0,0,0,0,0
test_001975,test,0,Did Not Subscribe,0.3544387,3544,35.44%,1516,0.6155798020806902,0,Not Recommended,0.20 to 0.39,20% to 39%,27,blue-collar,single,basic.4y,cellular,jul,5,0,nonexistent,0,0,0,0,0,0,0
test_002946,test,0,Did Not Subscribe,0.35436252,3544,35.44%,1517,0.615326059375793,0,Not Recommended,0.20 to 0.39,20% to 39%,33,blue-collar,single,basic.9y,cellular,may,3,0,nonexistent,0,0,0,0,0,0,0
test_000122,test,0,Did Not Subscribe,0.35419467,3542,35.42%,1518,0.6150723166708958,0,Not Recommended,0.20 to 0.39,20% to 39%,34,blue-collar,married,basic.4y,cellular,jul,6,0,nonexistent,0,0,0,0,0,0,0
test_003284,test,0,Did Not Subscribe,0.35413578,3541,35.41%,1519,0.6148185739659985,0,Not Recommended,0.20 to 0.39,20% to 39%,30,blue-collar,single,basic.6y,telephone,jun,1,0,nonexistent,0,0,0,0,0,0,0
test_000788,test,0,Did Not Subscribe,0.35405344,3541,35.41%,1520,0.6145648312611012,0,Not Recommended,0.20 to 0.39,20% to 39%,39,self-employed,single,high.school,cellular,jul,2,0,nonexistent,0,0,0,0,0,0,0
test_001420,test,0,Did Not Subscribe,0.35395557,3540,35.40%,1521,0.614311088556204,0,Not Recommended,0.20 to 0.39,20% to 39%,25,admin.,single,high.school,cellular,jul,2,0,nonexistent,0,0,0,0,0,0,0
test_000221,test,0,Did Not Subscribe,0.35378018,3538,35.38%,1522,0.6140573458513068,0,Not Recommended,0.20 to 0.39,20% to 39%,33,services,married,basic.9y,cellular,may,3,0,nonexistent,0,0,0,0,0,0,0
test_001333,test,0,Did Not Subscribe,0.35371444,3537,35.37%,1523,0.6138036031464096,0,Not Recommended,0.20 to 0.39,20% to 39%,48,admin.,divorced,university.degree,cellular,jul,5,0,nonexistent,0,0,0,0,0,0,0
test_001150,test,0,Did Not Subscribe,0.35366714,3537,35.37%,1524,0.6135498604415124,0,Not Recommended,0.20 to 0.39,20% to 39%,35,technician,married,professional.course,cellular,jul,3,0,nonexistent,0,0,0,0,0,0,0
test_001199,test,0,Did Not Subscribe,0.35362563,3536,35.36%,1525,0.6132961177366151,0,Not Recommended,0.20 to 0.39,20% to 39%,44,services,divorced,high.school,cellular,jul,3,0,nonexistent,0,0,0,0,0,0,0
test_000140,test,0,Did Not Subscribe,0.35357746,3536,35.36%,1526,0.6130423750317178,0,Not Recommended,0.20 to 0.39,20% to 39%,40,services,married,high.school,cellular,apr,2,1,failure,0,0,0,0,0,0,0
test_003687,test,0,Did Not Subscribe,0.3535477,3535,35.35%,1527,0.6127886323268206,0,Not Recommended,0.20 to 0.39,20% to 39%,42,management,married,university.degree,cellular,may,2,0,nonexistent,0,0,0,0,0,0,0
test_001195,test,0,Did Not Subscribe,0.35349596,3535,35.35%,1528,0.6125348896219234,0,Not Recommended,0.20 to 0.39,20% to 39%,31,services,divorced,high.school,cellular,jul,1,0,nonexistent,0,0,0,0,0,0,0
test_002210,test,0,Did Not Subscribe,0.3534385,3534,35.34%,1529,0.6122811469170262,0,Not Recommended,0.20 to 0.39,20% to 39%,36,services,married,high.school,cellular,jul,3,0,nonexistent,0,0,0,0,0,0,0
test_000915,test,0,Did Not Subscribe,0.35323873,3532,35.32%,1530,0.612027404212129,0,Not Recommended,0.20 to 0.39,20% to 39%,29,technician,married,professional.course,cellular,aug,3,0,nonexistent,0,0,0,0,0,0,0
test_001397,test,0,Did Not Subscribe,0.3532375,3532,35.32%,1531,0.6117736615072317,0,Not Recommended,0.20 to 0.39,20% to 39%,32,technician,single,university.degree,cellular,aug,2,0,nonexistent,0,0,0,0,0,0,0
test_003743,test,0,Did Not Subscribe,0.3530543,3531,35.31%,1532,0.6115199188023344,0,Not Recommended,0.20 to 0.39,20% to 39%,33,technician,divorced,professional.course,cellular,apr,1,1,failure,0,0,0,0,0,0,0
test_002721,test,0,Did Not Subscribe,0.3530497,3530,35.30%,1533,0.6112661760974372,0,Not Recommended,0.20 to 0.39,20% to 39%,38,admin.,divorced,university.degree,cellular,jul,1,0,nonexistent,0,0,0,0,0,0,0
test_001347,test,0,Did Not Subscribe,0.35266444,3527,35.27%,1534,0.61101243339254,0,Not Recommended,0.20 to 0.39,20% to 39%,46,admin.,single,university.degree,cellular,may,6,0,nonexistent,0,0,0,0,0,0,0
test_003590,test,0,Did Not Subscribe,0.35266298,3527,35.27%,1535,0.6107586906876428,0,Not Recommended,0.20 to 0.39,20% to 39%,33,blue-collar,married,unknown,cellular,jul,4,0,nonexistent,0,0,0,0,0,0,0
test_001643,test,0,Did Not Subscribe,0.3525347,3525,35.25%,1536,0.6105049479827456,0,Not Recommended,0.20 to 0.39,20% to 39%,44,unemployed,married,basic.9y,telephone,may,4,0,nonexistent,0,0,0,0,0,0,0
test_001282,test,0,Did Not Subscribe,0.35232213,3523,35.23%,1537,0.6102512052778483,0,Not Recommended,0.20 to 0.39,20% to 39%,35,admin.,married,high.school,cellular,may,2,1,failure,0,0,0,0,0,0,0
test_001621,test,0,Did Not Subscribe,0.35228467,3523,35.23%,1538,0.609997462572951,0,Not Recommended,0.20 to 0.39,20% to 39%,38,management,married,university.degree,cellular,nov,1,0,nonexistent,0,0,0,0,0,0,0
test_001646,test,0,Did Not Subscribe,0.35227352,3523,35.23%,1539,0.6097437198680538,0,Not Recommended,0.20 to 0.39,20% to 39%,33,self-employed,single,professional.course,cellular,jul,1,0,nonexistent,0,0,0,0,0,0,0
test_001358,test,0,Did Not Subscribe,0.3522735,3523,35.23%,1540,0.6094899771631566,0,Not Recommended,0.20 to 0.39,20% to 39%,34,admin.,single,university.degree,cellular,may,5,0,nonexistent,0,0,0,0,0,0,0
test_001162,test,0,Did Not Subscribe,0.35211763,3521,35.21%,1541,0.6092362344582594,0,Not Recommended,0.20 to 0.39,20% to 39%,40,admin.,married,basic.9y,cellular,jul,4,0,nonexistent,0,0,0,0,0,0,0
test_002623,test,0,Did Not Subscribe,0.35208252,3521,35.21%,1542,0.6089824917533622,0,Not Recommended,0.20 to 0.39,20% to 39%,38,blue-collar,married,basic.9y,cellular,jul,2,0,nonexistent,0,0,0,0,0,0,0
test_002497,test,0,Did Not Subscribe,0.35207063,3521,35.21%,1543,0.6087287490484649,0,Not Recommended,0.20 to 0.39,20% to 39%,43,services,single,high.school,cellular,jul,1,0,nonexistent,0,0,0,0,0,0,0
test_003840,test,0,Did Not Subscribe,0.35177502,3518,35.18%,1544,0.6084750063435675,0,Not Recommended,0.20 to 0.39,20% to 39%,50,entrepreneur,married,basic.9y,telephone,nov,1,0,nonexistent,0,0,0,0,0,0,0
test_001693,test,0,Did Not Subscribe,0.35167462,3517,35.17%,1545,0.6082212636386704,0,Not Recommended,0.20 to 0.39,20% to 39%,59,management,married,basic.9y,cellular,jul,1,0,nonexistent,0,0,0,0,0,0,0
test_000416,test,0,Did Not Subscribe,0.35137218,3514,35.14%,1546,0.6079675209337732,0,Not Recommended,0.20 to 0.39,20% to 39%,27,services,married,basic.6y,cellular,may,2,1,failure,0,0,0,0,0,0,0
test_001530,test,0,Did Not Subscribe,0.3512113,3512,35.12%,1547,0.607713778228876,0,Not Recommended,0.20 to 0.39,20% to 39%,30,technician,married,university.degree,cellular,aug,1,0,nonexistent,0,0,0,0,0,0,0
test_002073,test,0,Did Not Subscribe,0.3511671,3512,35.12%,1548,0.6074600355239788,0,Not Recommended,0.20 to 0.39,20% to 39%,49,blue-collar,married,basic.6y,cellular,may,1,0,nonexistent,0,0,0,0,0,0,0
test_003168,test,0,Did Not Subscribe,0.35110742,3511,35.11%,1549,0.6072062928190815,0,Not Recommended,0.20 to 0.39,20% to 39%,46,blue-collar,married,basic.6y,cellular,aug,1,0,nonexistent,0,0,0,0,0,0,0
test_002195,test,0,Did Not Subscribe,0.35101315,3510,35.10%,1550,0.6069525501141841,0,Not Recommended,0.20 to 0.39,20% to 39%,51,blue-collar,divorced,basic.9y,cellular,jul,6,0,nonexistent,0,0,0,0,0,0,0
test_003690,test,0,Did Not Subscribe,0.35097632,3510,35.10%,1551,0.6066988074092869,0,Not Recommended,0.20 to 0.39,20% to 39%,55,admin.,divorced,high.school,cellular,nov,1,0,nonexistent,0,0,0,0,0,0,0
test_000351,test,0,Did Not Subscribe,0.35088935,3509,35.09%,1552,0.6064450647043897,0,Not Recommended,0.20 to 0.39,20% to 39%,36,admin.,divorced,high.school,cellular,nov,1,0,nonexistent,0,0,0,0,0,0,0
test_003039,test,0,Did Not Subscribe,0.3508239,3508,35.08%,1553,0.6061913219994925,0,Not Recommended,0.20 to 0.39,20% to 39%,42,technician,single,professional.course,cellular,jul,6,0,nonexistent,0,0,0,0,0,0,0
test_002949,test,0,Did Not Subscribe,0.3507665,3508,35.08%,1554,0.6059375792945954,0,Not Recommended,0.20 to 0.39,20% to 39%,41,technician,single,university.degree,cellular,jul,3,0,nonexistent,0,0,0,0,0,0,0
test_001136,test,0,Did Not Subscribe,0.3507072,3507,35.07%,1555,0.605683836589698,0,Not Recommended,0.20 to 0.39,20% to 39%,28,blue-collar,married,basic.4y,cellular,may,2,0,nonexistent,0,0,0,0,0,0,0
test_001407,test,0,Did Not Subscribe,0.35069284,3507,35.07%,1556,0.6054300938848007,0,Not Recommended,0.20 to 0.39,20% to 39%,28,entrepreneur,married,high.school,cellular,may,6,0,nonexistent,0,0,0,0,0,0,0
test_003209,test,0,Did Not Subscribe,0.35055286,3506,35.06%,1557,0.6051763511799035,0,Not Recommended,0.20 to 0.39,20% to 39%,34,technician,married,university.degree,cellular,jul,1,0,nonexistent,0,0,0,0,0,0,0
test_000164,test,1,Subscribed,0.35032424,3503,35.03%,1558,0.6049226084750063,0,Not Recommended,0.20 to 0.39,20% to 39%,41,entrepreneur,married,basic.4y,cellular,may,1,0,nonexistent,0,0,0,0,0,0,0
test_000870,test,0,Did Not Subscribe,0.34966847,3497,34.97%,1559,0.6046688657701091,0,Not Recommended,0.20 to 0.39,20% to 39%,51,blue-collar,married,basic.4y,cellular,aug,1,0,nonexistent,0,0,0,0,0,0,0
test_003696,test,1,Subscribed,0.3495002,3495,34.95%,1560,0.604415123065212,0,Not Recommended,0.20 to 0.39,20% to 39%,25,services,single,high.school,cellular,jul,1,0,nonexistent,0,0,0,0,0,0,0
test_003917,test,0,Did Not Subscribe,0.3494714,3495,34.95%,1561,0.6041613803603146,0,Not Recommended,0.20 to 0.39,20% to 39%,54,services,married,high.school,cellular,aug,4,0,nonexistent,0,0,0,0,0,0,0
test_002961,test,0,Did Not Subscribe,0.34945768,3495,34.95%,1562,0.6039076376554173,0,Not Recommended,0.20 to 0.39,20% to 39%,57,management,married,basic.4y,cellular,may,5,1,failure,0,0,0,0,0,0,0
test_002302,test,0,Did Not Subscribe,0.3492082,3492,34.92%,1563,0.6036538949505201,0,Not Recommended,0.20 to 0.39,20% to 39%,31,management,married,university.degree,cellular,aug,2,0,nonexistent,0,0,0,0,0,0,0
test_000623,test,0,Did Not Subscribe,0.34913495,3491,34.91%,1564,0.6034001522456229,0,Not Recommended,0.20 to 0.39,20% to 39%,32,blue-collar,single,basic.9y,cellular,jul,3,0,nonexistent,0,0,0,0,0,0,0
test_001807,test,0,Did Not Subscribe,0.34891576,3489,34.89%,1565,0.6031464095407257,0,Not Recommended,0.20 to 0.39,20% to 39%,43,entrepreneur,married,professional.course,cellular,nov,1,0,nonexistent,0,0,0,0,0,0,0
test_001767,test,1,Subscribed,0.34890434,3489,34.89%,1566,0.6028926668358285,0,Not Recommended,0.20 to 0.39,20% to 39%,54,housemaid,divorced,university.degree,cellular,nov,1,0,nonexistent,0,0,0,0,0,0,0
test_002092,test,0,Did Not Subscribe,0.34878254,3488,34.88%,1567,0.6026389241309312,0,Not Recommended,0.20 to 0.39,20% to 39%,45,admin.,divorced,university.degree,cellular,nov,1,0,nonexistent,0,0,0,0,0,0,0
test_002641,test,0,Did Not Subscribe,0.34866112,3487,34.87%,1568,0.6023851814260339,0,Not Recommended,0.20 to 0.39,20% to 39%,30,blue-collar,single,basic.6y,cellular,may,1,1,failure,0,0,0,0,0,0,0
test_001191,test,0,Did Not Subscribe,0.3484902,3485,34.85%,1569,0.6021314387211367,0,Not Recommended,0.20 to 0.39,20% to 39%,26,admin.,single,high.school,cellular,jul,2,0,nonexistent,0,0,0,0,0,0,0
test_003710,test,0,Did Not Subscribe,0.34838277,3484,34.84%,1570,0.6018776960162395,0,Not Recommended,0.20 to 0.39,20% to 39%,54,blue-collar,married,basic.4y,cellular,aug,4,0,nonexistent,0,0,0,0,0,0,0
test_000130,test,0,Did Not Subscribe,0.34756252,3476,34.76%,1571,0.6016239533113423,0,Not Recommended,0.20 to 0.39,20% to 39%,32,admin.,divorced,university.degree,telephone,nov,1,0,nonexistent,0,0,0,0,0,0,0
test_002651,test,0,Did Not Subscribe,0.34755787,3476,34.76%,1572,0.6013702106064451,0,Not Recommended,0.20 to 0.39,20% to 39%,26,blue-collar,married,basic.9y,cellular,jul,2,0,nonexistent,0,0,0,0,0,0,0
test_001569,test,0,Did Not Subscribe,0.347368,3474,34.74%,1573,0.6011164679015478,0,Not Recommended,0.20 to 0.39,20% to 39%,33,blue-collar,married,basic.6y,cellular,jul,11,0,nonexistent,0,0,0,0,0,0,0
test_001277,test,0,Did Not Subscribe,0.3473135,3473,34.73%,1574,0.6008627251966505,0,Not Recommended,0.20 to 0.39,20% to 39%,43,services,married,basic.6y,cellular,jul,5,0,nonexistent,0,0,0,0,0,0,0
test_003282,test,0,Did Not Subscribe,0.3468687,3469,34.69%,1575,0.6006089824917533,0,Not Recommended,0.20 to 0.39,20% to 39%,51,technician,married,high.school,cellular,aug,1,0,nonexistent,0,0,0,0,0,0,0
test_003718,test,0,Did Not Subscribe,0.34674898,3467,34.67%,1576,0.6003552397868561,0,Not Recommended,0.20 to 0.39,20% to 39%,36,technician,single,professional.course,cellular,may,2,0,nonexistent,0,0,0,0,0,0,0
test_002276,test,0,Did Not Subscribe,0.34667635,3467,34.67%,1577,0.6001014970819589,0,Not Recommended,0.20 to 0.39,20% to 39%,29,services,married,high.school,cellular,may,2,0,nonexistent,0,0,0,0,0,0,0
test_001680,test,0,Did Not Subscribe,0.34664536,3466,34.66%,1578,0.5998477543770617,0,Not Recommended,0.20 to 0.39,20% to 39%,39,admin.,married,high.school,cellular,jul,2,0,nonexistent,0,0,0,0,0,0,0
test_003860,test,0,Did Not Subscribe,0.34647995,3465,34.65%,1579,0.5995940116721644,0,Not Recommended,0.20 to 0.39,20% to 39%,36,admin.,married,university.degree,cellular,aug,1,0,nonexistent,0,0,0,0,0,0,0
test_002201,test,0,Did Not Subscribe,0.34643716,3464,34.64%,1580,0.5993402689672671,0,Not Recommended,0.20 to 0.39,20% to 39%,35,unemployed,single,university.degree,cellular,nov,1,0,nonexistent,0,0,0,0,0,0,0
test_002762,test,0,Did Not Subscribe,0.3463516,3464,34.64%,1581,0.5990865262623699,0,Not Recommended,0.20 to 0.39,20% to 39%,43,management,divorced,university.degree,cellular,aug,1,0,nonexistent,0,0,0,0,0,0,0
test_003350,test,0,Did Not Subscribe,0.34632233,3463,34.63%,1582,0.5988327835574727,0,Not Recommended,0.20 to 0.39,20% to 39%,39,blue-collar,married,basic.6y,cellular,jul,1,0,nonexistent,0,0,0,0,0,0,0
test_001997,test,0,Did Not Subscribe,0.34630963,3463,34.63%,1583,0.5985790408525755,0,Not Recommended,0.20 to 0.39,20% to 39%,53,management,divorced,university.degree,cellular,nov,1,0,nonexistent,0,0,0,0,0,0,0
test_003002,test,0,Did Not Subscribe,0.3462414,3462,34.62%,1584,0.5983252981476783,0,Not Recommended,0.20 to 0.39,20% to 39%,36,self-employed,single,university.degree,cellular,jul,1,0,nonexistent,0,0,0,0,0,0,0
test_002478,test,0,Did Not Subscribe,0.34604833,3460,34.60%,1585,0.598071555442781,0,Not Recommended,0.20 to 0.39,20% to 39%,29,admin.,married,university.degree,cellular,aug,1,0,nonexistent,0,0,0,0,0,0,0
test_001772,test,0,Did Not Subscribe,0.34592015,3459,34.59%,1586,0.5978178127378838,0,Not Recommended,0.20 to 0.39,20% to 39%,57,management,married,university.degree,cellular,aug,1,0,nonexistent,0,0,0,0,0,0,0
test_000756,test,0,Did Not Subscribe,0.3458468,3458,34.58%,1587,0.5975640700329865,0,Not Recommended,0.20 to 0.39,20% to 39%,33,admin.,single,university.degree,cellular,aug,1,0,nonexistent,0,0,0,0,0,0,0
test_002120,test,0,Did Not Subscribe,0.34579217,3458,34.58%,1588,0.5973103273280893,0,Not Recommended,0.20 to 0.39,20% to 39%,37,blue-collar,married,basic.9y,cellular,may,2,0,nonexistent,0,0,0,0,0,0,0
test_000039,test,0,Did Not Subscribe,0.3457544,3458,34.58%,1589,0.5970565846231921,0,Not Recommended,0.20 to 0.39,20% to 39%,42,admin.,married,high.school,cellular,jul,6,0,nonexistent,0,0,0,0,0,0,0
test_001079,test,0,Did Not Subscribe,0.34567967,3457,34.57%,1590,0.5968028419182949,0,Not Recommended,0.20 to 0.39,20% to 39%,24,student,single,university.degree,cellular,may,1,1,failure,0,0,0,0,0,0,0
test_003149,test,0,Did Not Subscribe,0.34561998,3456,34.56%,1591,0.5965490992133976,0,Not Recommended,0.20 to 0.39,20% to 39%,46,blue-collar,married,basic.4y,cellular,aug,2,0,nonexistent,0,0,0,0,0,0,0
test_000342,test,0,Did Not Subscribe,0.34560764,3456,34.56%,1592,0.5962953565085004,0,Not Recommended,0.20 to 0.39,20% to 39%,30,technician,single,university.degree,cellular,nov,3,0,nonexistent,0,0,0,0,0,0,0
test_000913,test,0,Did Not Subscribe,0.345579,3456,34.56%,1593,0.5960416138036031,0,Not Recommended,0.20 to 0.39,20% to 39%,31,services,single,high.school,telephone,jul,1,0,nonexistent,0,0,0,0,0,0,0
test_001043,test,0,Did Not Subscribe,0.3455531,3456,34.56%,1594,0.5957878710987059,0,Not Recommended,0.20 to 0.39,20% to 39%,47,services,married,high.school,cellular,aug,4,0,nonexistent,0,0,0,0,0,0,0
test_001707,test,0,Did Not Subscribe,0.34525055,3453,34.53%,1595,0.5955341283938087,0,Not Recommended,0.20 to 0.39,20% to 39%,52,management,married,university.degree,telephone,nov,1,0,nonexistent,0,0,0,0,0,0,0
test_002821,test,0,Did Not Subscribe,0.3451398,3451,34.51%,1596,0.5952803856889115,0,Not Recommended,0.20 to 0.39,20% to 39%,38,blue-collar,married,basic.6y,cellular,jul,1,0,nonexistent,0,0,0,0,0,0,0
test_002943,test,0,Did Not Subscribe,0.34482786,3448,34.48%,1597,0.5950266429840142,0,Not Recommended,0.20 to 0.39,20% to 39%,40,admin.,single,university.degree,cellular,aug,3,0,nonexistent,0,0,0,0,0,0,0
test_002468,test,0,Did Not Subscribe,0.34440568,3444,34.44%,1598,0.594772900279117,0,Not Recommended,0.20 to 0.39,20% to 39%,46,entrepreneur,single,professional.course,telephone,nov,1,0,nonexistent,0,0,0,0,0,0,0
test_000410,test,0,Did Not Subscribe,0.34421536,3442,34.42%,1599,0.5945191575742197,0,Not Recommended,0.20 to 0.39,20% to 39%,29,admin.,single,university.degree,telephone,jul,6,0,nonexistent,0,0,0,0,0,0,0
test_000292,test,0,Did Not Subscribe,0.3441608,3442,34.42%,1600,0.5942654148693225,0,Not Recommended,0.20 to 0.39,20% to 39%,57,management,married,unknown,cellular,jul,2,0,nonexistent,0,0,0,0,0,0,0
test_000930,test,0,Did Not Subscribe,0.34411627,3441,34.41%,1601,0.5940116721644253,0,Not Recommended,0.20 to 0.39,20% to 39%,46,management,married,high.school,cellular,apr,4,0,nonexistent,0,0,0,0,0,0,0
test_002702,test,0,Did Not Subscribe,0.34393603,3439,34.39%,1602,0.5937579294595281,0,Not Recommended,0.20 to 0.39,20% to 39%,44,entrepreneur,married,high.school,cellular,jul,3,0,nonexistent,0,0,0,0,0,0,0
test_000136,test,0,Did Not Subscribe,0.34385398,3439,34.39%,1603,0.5935041867546308,0,Not Recommended,0.20 to 0.39,20% to 39%,50,management,divorced,university.degree,cellular,jul,3,0,nonexistent,0,0,0,0,0,0,0
test_003193,test,1,Subscribed,0.3437913,3438,34.38%,1604,0.5932504440497336,0,Not Recommended,0.20 to 0.39,20% to 39%,44,admin.,married,high.school,cellular,aug,2,0,nonexistent,0,0,0,0,0,0,0
test_000334,test,1,Subscribed,0.34372717,3437,34.37%,1605,0.5929967013448363,0,Not Recommended,0.20 to 0.39,20% to 39%,49,self-employed,divorced,university.degree,cellular,jul,2,0,nonexistent,0,0,0,0,0,0,0
test_003854,test,0,Did Not Subscribe,0.34355333,3436,34.36%,1606,0.5927429586399391,0,Not Recommended,0.20 to 0.39,20% to 39%,29,services,married,high.school,cellular,nov,1,0,nonexistent,0,0,0,0,0,0,0
test_001989,test,0,Did Not Subscribe,0.34350333,3435,34.35%,1607,0.5924892159350419,0,Not Recommended,0.20 to 0.39,20% to 39%,38,technician,single,professional.course,cellular,jul,2,0,nonexistent,0,0,0,0,0,0,0
test_002551,test,0,Did Not Subscribe,0.34321365,3432,34.32%,1608,0.5922354732301447,0,Not Recommended,0.20 to 0.39,20% to 39%,41,admin.,divorced,high.school,cellular,jul,3,0,nonexistent,0,0,0,0,0,0,0
test_003882,test,0,Did Not Subscribe,0.3431522,3432,34.32%,1609,0.5919817305252474,0,Not Recommended,0.20 to 0.39,20% to 39%,36,technician,single,university.degree,cellular,may,1,1,failure,0,0,0,0,0,0,0
test_000310,test,0,Did Not Subscribe,0.34311813,3431,34.31%,1610,0.5917279878203502,0,Not Recommended,0.20 to 0.39,20% to 39%,57,retired,divorced,basic.9y,cellular,may,3,1,failure,0,0,0,0,0,0,0
test_001472,test,0,Did Not Subscribe,0.34308672,3431,34.31%,1611,0.5914742451154529,0,Not Recommended,0.20 to 0.39,20% to 39%,40,entrepreneur,married,basic.6y,telephone,jun,2,0,nonexistent,0,0,0,0,0,0,0
test_002733,test,0,Did Not Subscribe,0.34302735,3430,34.30%,1612,0.5912205024105557,0,Not Recommended,0.20 to 0.39,20% to 39%,36,technician,married,university.degree,cellular,jul,2,0,nonexistent,0,0,0,0,0,0,0
test_000327,test,0,Did Not Subscribe,0.34298658,3430,34.30%,1613,0.5909667597056585,0,Not Recommended,0.20 to 0.39,20% to 39%,37,entrepreneur,divorced,high.school,cellular,jul,2,0,nonexistent,0,0,0,0,0,0,0
test_002632,test,0,Did Not Subscribe,0.34297463,3430,34.30%,1614,0.5907130170007613,0,Not Recommended,0.20 to 0.39,20% to 39%,32,admin.,married,high.school,cellular,jul,2,0,nonexistent,0,0,0,0,0,0,0
test_002738,test,0,Did Not Subscribe,0.34289423,3429,34.29%,1615,0.590459274295864,0,Not Recommended,0.20 to 0.39,20% to 39%,39,self-employed,married,high.school,cellular,jul,2,0,nonexistent,0,0,0,0,0,0,0
test_002739,test,0,Did Not Subscribe,0.34288204,3429,34.29%,1616,0.5902055315909668,0,Not Recommended,0.20 to 0.39,20% to 39%,42,admin.,divorced,university.degree,cellular,nov,1,0,nonexistent,0,0,0,0,0,0,0
test_001513,test,0,Did Not Subscribe,0.34276345,3428,34.28%,1617,0.5899517888860695,0,Not Recommended,0.20 to 0.39,20% to 39%,24,student,single,high.school,cellular,jul,2,0,nonexistent,0,0,0,0,0,0,0
test_002897,test,0,Did Not Subscribe,0.3427591,3428,34.28%,1618,0.5896980461811723,0,Not Recommended,0.20 to 0.39,20% to 39%,29,technician,single,high.school,cellular,aug,3,0,nonexistent,0,0,0,0,0,0,0
test_001750,test,0,Did Not Subscribe,0.34251708,3425,34.25%,1619,0.5894443034762751,0,Not Recommended,0.20 to 0.39,20% to 39%,38,technician,single,professional.course,cellular,nov,1,0,nonexistent,0,0,0,0,0,0,0
test_003170,test,0,Did Not Subscribe,0.34224567,3422,34.22%,1620,0.5891905607713779,0,Not Recommended,0.20 to 0.39,20% to 39%,51,retired,married,university.degree,cellular,jul,3,0,nonexistent,0,0,0,0,0,0,0
test_002299,test,0,Did Not Subscribe,0.3421945,3422,34.22%,1621,0.5889368180664806,0,Not Recommended,0.20 to 0.39,20% to 39%,59,retired,married,professional.course,telephone,jun,9,0,nonexistent,0,0,0,0,0,0,0
test_000133,test,0,Did Not Subscribe,0.3421178,3421,34.21%,1622,0.5886830753615834,0,Not Recommended,0.20 to 0.39,20% to 39%,30,admin.,divorced,high.school,cellular,nov,2,0,nonexistent,0,0,0,0,0,0,0
test_002883,test,0,Did Not Subscribe,0.34211534,3421,34.21%,1623,0.5884293326566861,0,Not Recommended,0.20 to 0.39,20% to 39%,25,admin.,single,high.school,cellular,jul,1,0,nonexistent,0,0,0,0,0,0,0
test_003340,test,0,Did Not Subscribe,0.3420728,3421,34.21%,1624,0.5881755899517889,0,Not Recommended,0.20 to 0.39,20% to 39%,47,admin.,married,basic.9y,cellular,apr,3,1,failure,0,0,0,0,0,0,0
test_002540,test,0,Did Not Subscribe,0.34163916,3416,34.16%,1625,0.5879218472468917,0,Not Recommended,0.20 to 0.39,20% to 39%,49,technician,divorced,university.degree,telephone,nov,1,0,nonexistent,0,0,0,0,0,0,0
test_001309,test,0,Did Not Subscribe,0.34157568,3416,34.16%,1626,0.5876681045419945,0,Not Recommended,0.20 to 0.39,20% to 39%,33,services,divorced,unknown,cellular,jul,1,0,nonexistent,0,0,0,0,0,0,0
test_003889,test,0,Did Not Subscribe,0.341368,3414,34.14%,1627,0.5874143618370972,0,Not Recommended,0.20 to 0.39,20% to 39%,55,retired,married,basic.4y,cellular,may,5,0,nonexistent,0,0,0,0,0,0,0
test_003344,test,0,Did Not Subscribe,0.34125096,3413,34.13%,1628,0.5871606191322,0,Not Recommended,0.20 to 0.39,20% to 39%,41,blue-collar,married,professional.course,cellular,apr,1,0,nonexistent,0,0,0,0,0,0,0
test_000603,test,0,Did Not Subscribe,0.34120193,3412,34.12%,1629,0.5869068764273027,0,Not Recommended,0.20 to 0.39,20% to 39%,56,retired,divorced,university.degree,cellular,nov,2,0,nonexistent,0,0,0,0,0,0,0
test_003624,test,0,Did Not Subscribe,0.34101534,3410,34.10%,1630,0.5866531337224055,0,Not Recommended,0.20 to 0.39,20% to 39%,42,technician,divorced,university.degree,cellular,aug,2,0,nonexistent,0,0,0,0,0,0,0
test_003092,test,0,Did Not Subscribe,0.34097308,3410,34.10%,1631,0.5863993910175083,0,Not Recommended,0.20 to 0.39,20% to 39%,50,blue-collar,married,basic.9y,cellular,aug,3,0,nonexistent,0,0,0,0,0,0,0
test_001645,test,0,Did Not Subscribe,0.34090266,3409,34.09%,1632,0.5861456483126111,0,Not Recommended,0.20 to 0.39,20% to 39%,40,admin.,divorced,basic.9y,cellular,jul,3,0,nonexistent,0,0,0,0,0,0,0
test_002495,test,0,Did Not Subscribe,0.3408877,3409,34.09%,1633,0.5858919056077138,0,Not Recommended,0.20 to 0.39,20% to 39%,32,admin.,single,high.school,cellular,jul,2,0,nonexistent,0,0,0,0,0,0,0
test_001611,test,0,Did Not Subscribe,0.34068146,3407,34.07%,1634,0.5856381629028166,0,Not Recommended,0.20 to 0.39,20% to 39%,40,admin.,married,university.degree,cellular,aug,3,0,nonexistent,0,0,0,0,0,0,0
test_002645,test,0,Did Not Subscribe,0.340639,3406,34.06%,1635,0.5853844201979193,0,Not Recommended,0.20 to 0.39,20% to 39%,38,admin.,divorced,high.school,cellular,jul,1,0,nonexistent,0,0,0,0,0,0,0
test_000907,test,0,Did Not Subscribe,0.34058836,3406,34.06%,1636,0.5851306774930221,0,Not Recommended,0.20 to 0.39,20% to 39%,25,blue-collar,single,basic.6y,cellular,may,7,0,nonexistent,0,0,0,0,0,0,0
test_003423,test,0,Did Not Subscribe,0.34053674,3405,34.05%,1637,0.5848769347881249,0,Not Recommended,0.20 to 0.39,20% to 39%,54,technician,divorced,university.degree,cellular,aug,3,0,nonexistent,0,0,0,0,0,0,0
test_002646,test,0,Did Not Subscribe,0.34036234,3404,34.04%,1638,0.5846231920832277,0,Not Recommended,0.20 to 0.39,20% to 39%,26,admin.,married,university.degree,telephone,jul,2,0,nonexistent,0,0,0,0,0,0,0
test_002078,test,0,Did Not Subscribe,0.3403506,3404,34.04%,1639,0.5843694493783304,0,Not Recommended,0.20 to 0.39,20% to 39%,40,self-employed,married,high.school,cellular,jul,2,0,nonexistent,0,0,0,0,0,0,0
test_002616,test,0,Did Not Subscribe,0.34012568,3401,34.01%,1640,0.5841157066734332,0,Not Recommended,0.20 to 0.39,20% to 39%,45,services,married,basic.9y,cellular,jul,1,0,nonexistent,0,0,0,0,0,0,0
test_000648,test,0,Did Not Subscribe,0.3399874,3400,34.00%,1641,0.5838619639685358,0,Not Recommended,0.20 to 0.39,20% to 39%,38,blue-collar,married,basic.9y,telephone,nov,1,0,nonexistent,0,0,0,0,0,0,0
test_002980,test,0,Did Not Subscribe,0.33982405,3398,33.98%,1642,0.5836082212636386,0,Not Recommended,0.20 to 0.39,20% to 39%,31,admin.,married,university.degree,cellular,nov,1,0,nonexistent,0,0,0,0,0,0,0
test_000157,test,0,Did Not Subscribe,0.33973998,3397,33.97%,1643,0.5833544785587415,0,Not Recommended,0.20 to 0.39,20% to 39%,45,blue-collar,married,basic.4y,cellular,apr,2,1,failure,0,0,0,0,0,0,0
test_002810,test,0,Did Not Subscribe,0.33970377,3397,33.97%,1644,0.5831007358538443,0,Not Recommended,0.20 to 0.39,20% to 39%,29,blue-collar,married,high.school,cellular,may,1,1,failure,0,0,0,0,0,0,0
test_003126,test,0,Did Not Subscribe,0.33952388,3395,33.95%,1645,0.582846993148947,0,Not Recommended,0.20 to 0.39,20% to 39%,38,unemployed,single,university.degree,cellular,nov,1,0,nonexistent,0,0,0,0,0,0,0
test_002508,test,0,Did Not Subscribe,0.33949393,3395,33.95%,1646,0.5825932504440497,0,Not Recommended,0.20 to 0.39,20% to 39%,38,admin.,married,university.degree,cellular,aug,9,0,nonexistent,0,0,0,0,0,0,0
test_003298,test,0,Did Not Subscribe,0.33938053,3394,33.94%,1647,0.5823395077391524,0,Not Recommended,0.20 to 0.39,20% to 39%,48,blue-collar,married,basic.6y,cellular,jul,1,0,nonexistent,0,0,0,0,0,0,0
test_003428,test,0,Did Not Subscribe,0.33900383,3390,33.90%,1648,0.5820857650342552,0,Not Recommended,0.20 to 0.39,20% to 39%,43,admin.,single,high.school,cellular,jul,1,0,nonexistent,0,0,0,0,0,0,0
test_002325,test,0,Did Not Subscribe,0.33877808,3388,33.88%,1649,0.581832022329358,0,Not Recommended,0.20 to 0.39,20% to 39%,24,blue-collar,single,basic.9y,cellular,jul,2,0,nonexistent,0,0,0,0,0,0,0
test_002768,test,0,Did Not Subscribe,0.33864382,3386,33.86%,1650,0.5815782796244608,0,Not Recommended,0.20 to 0.39,20% to 39%,35,admin.,single,university.degree,cellular,nov,2,0,nonexistent,0,0,0,0,0,0,0
test_002245,test,0,Did Not Subscribe,0.338593,3386,33.86%,1651,0.5813245369195635,0,Not Recommended,0.20 to 0.39,20% to 39%,44,management,single,university.degree,cellular,nov,1,0,nonexistent,0,0,0,0,0,0,0
test_001935,test,0,Did Not Subscribe,0.33837378,3384,33.84%,1652,0.5810707942146663,0,Not Recommended,0.20 to 0.39,20% to 39%,44,services,married,high.school,cellular,jul,1,0,nonexistent,0,0,0,0,0,0,0
test_001131,test,0,Did Not Subscribe,0.3379671,3380,33.80%,1653,0.580817051509769,0,Not Recommended,0.20 to 0.39,20% to 39%,40,services,married,basic.9y,cellular,jul,4,0,nonexistent,0,0,0,0,0,0,0
test_003897,test,0,Did Not Subscribe,0.337551,3376,33.76%,1654,0.5805633088048718,0,Not Recommended,0.20 to 0.39,20% to 39%,27,admin.,single,high.school,telephone,nov,1,0,nonexistent,0,0,0,0,0,0,0
test_001582,test,0,Did Not Subscribe,0.33741033,3374,33.74%,1655,0.5803095660999746,0,Not Recommended,0.20 to 0.39,20% to 39%,33,technician,single,high.school,cellular,jul,1,0,nonexistent,0,0,0,0,0,0,0
test_002785,test,0,Did Not Subscribe,0.33733043,3373,33.73%,1656,0.5800558233950774,0,Not Recommended,0.20 to 0.39,20% to 39%,35,blue-collar,single,basic.6y,cellular,jul,1,0,nonexistent,0,0,0,0,0,0,0
test_001223,test,0,Did Not Subscribe,0.3372258,3372,33.72%,1657,0.5798020806901801,0,Not Recommended,0.20 to 0.39,20% to 39%,40,technician,married,university.degree,cellular,aug,4,0,nonexistent,0,0,0,0,0,0,0
test_001470,test,0,Did Not Subscribe,0.33688173,3369,33.69%,1658,0.5795483379852829,0,Not Recommended,0.20 to 0.39,20% to 39%,28,blue-collar,single,basic.9y,telephone,jun,1,0,nonexistent,0,0,0,0,0,0,0
test_001512,test,0,Did Not Subscribe,0.33655992,3366,33.66%,1659,0.5792945952803856,0,Not Recommended,0.20 to 0.39,20% to 39%,32,services,married,high.school,telephone,nov,1,0,nonexistent,0,0,0,0,0,0,0
test_000917,test,0,Did Not Subscribe,0.3365109,3365,33.65%,1660,0.5790408525754884,0,Not Recommended,0.20 to 0.39,20% to 39%,37,admin.,single,university.degree,cellular,aug,2,0,nonexistent,0,0,0,0,0,0,0
test_000581,test,0,Did Not Subscribe,0.33649576,3365,33.65%,1661,0.5787871098705912,0,Not Recommended,0.20 to 0.39,20% to 39%,36,services,married,high.school,cellular,may,2,0,nonexistent,0,0,0,0,0,0,0
test_000472,test,0,Did Not Subscribe,0.33578825,3358,33.58%,1662,0.578533367165694,0,Not Recommended,0.20 to 0.39,20% to 39%,26,blue-collar,single,professional.course,cellular,jul,2,0,nonexistent,0,0,0,0,0,0,0
test_002397,test,0,Did Not Subscribe,0.3355868,3356,33.56%,1663,0.5782796244607967,0,Not Recommended,0.20 to 0.39,20% to 39%,49,services,married,high.school,cellular,jul,1,0,nonexistent,0,0,0,0,0,0,0
test_001365,test,0,Did Not Subscribe,0.33543274,3354,33.54%,1664,0.5780258817558995,0,Not Recommended,0.20 to 0.39,20% to 39%,29,blue-collar,married,basic.6y,telephone,may,3,0,nonexistent,0,0,0,0,0,0,0
test_001051,test,0,Did Not Subscribe,0.33538195,3354,33.54%,1665,0.5777721390510022,0,Not Recommended,0.20 to 0.39,20% to 39%,56,entrepreneur,married,university.degree,cellular,jul,1,0,nonexistent,0,0,0,0,0,0,0
test_002851,test,0,Did Not Subscribe,0.33531085,3353,33.53%,1666,0.577518396346105,0,Not Recommended,0.20 to 0.39,20% to 39%,31,admin.,single,university.degree,cellular,aug,3,0,nonexistent,0,0,0,0,0,0,0
test_002894,test,0,Did Not Subscribe,0.33521318,3352,33.52%,1667,0.5772646536412078,0,Not Recommended,0.20 to 0.39,20% to 39%,43,management,married,unknown,cellular,jul,2,0,nonexistent,0,0,0,0,0,0,0
test_001290,test,0,Did Not Subscribe,0.33499095,3350,33.50%,1668,0.5770109109363106,0,Not Recommended,0.20 to 0.39,20% to 39%,39,blue-collar,married,basic.4y,cellular,jul,2,0,nonexistent,0,0,0,0,0,0,0
test_001889,test,0,Did Not Subscribe,0.33487865,3349,33.49%,1669,0.5767571682314133,0,Not Recommended,0.20 to 0.39,20% to 39%,34,admin.,single,university.degree,cellular,aug,3,0,nonexistent,0,0,0,0,0,0,0
test_002149,test,0,Did Not Subscribe,0.33464116,3346,33.46%,1670,0.5765034255265161,0,Not Recommended,0.20 to 0.39,20% to 39%,32,technician,single,university.degree,cellular,aug,12,0,nonexistent,0,0,0,0,0,0,0
test_000466,test,0,Did Not Subscribe,0.33456296,3346,33.46%,1671,0.5762496828216188,0,Not Recommended,0.20 to 0.39,20% to 39%,43,management,married,university.degree,cellular,apr,2,1,failure,0,0,0,0,0,0,0
test_001075,test,0,Did Not Subscribe,0.33449027,3345,33.45%,1672,0.5759959401167216,0,Not Recommended,0.20 to 0.39,20% to 39%,39,services,divorced,high.school,cellular,jul,1,0,nonexistent,0,0,0,0,0,0,0
test_003062,test,0,Did Not Subscribe,0.3343663,3344,33.44%,1673,0.5757421974118244,0,Not Recommended,0.20 to 0.39,20% to 39%,28,blue-collar,married,basic.9y,telephone,jun,1,0,nonexistent,0,0,0,0,0,0,0
test_002546,test,0,Did Not Subscribe,0.33427617,3343,33.43%,1674,0.5754884547069272,0,Not Recommended,0.20 to 0.39,20% to 39%,50,technician,married,professional.course,cellular,jul,2,0,nonexistent,0,0,0,0,0,0,0
test_002648,test,1,Subscribed,0.33420596,3342,33.42%,1675,0.57523471200203,0,Not Recommended,0.20 to 0.39,20% to 39%,31,blue-collar,single,high.school,telephone,jul,11,0,nonexistent,0,0,0,0,0,0,0
test_003936,test,0,Did Not Subscribe,0.3336719,3337,33.37%,1676,0.5749809692971327,0,Not Recommended,0.20 to 0.39,20% to 39%,49,technician,married,university.degree,cellular,nov,1,0,nonexistent,0,0,0,0,0,0,0
test_000376,test,0,Did Not Subscribe,0.33355495,3336,33.36%,1677,0.5747272265922354,0,Not Recommended,0.20 to 0.39,20% to 39%,26,unemployed,single,basic.9y,telephone,may,1,0,nonexistent,0,0,0,0,0,0,0
test_001144,test,0,Did Not Subscribe,0.33335474,3334,33.34%,1678,0.5744734838873382,0,Not Recommended,0.20 to 0.39,20% to 39%,35,blue-collar,married,basic.9y,cellular,may,1,1,failure,0,0,0,0,0,0,0
test_002789,test,0,Did Not Subscribe,0.33313283,3331,33.31%,1679,0.574219741182441,0,Not Recommended,0.20 to 0.39,20% to 39%,36,admin.,married,university.degree,cellular,jul,3,0,nonexistent,0,0,0,0,0,0,0
test_000854,test,0,Did Not Subscribe,0.33304057,3330,33.30%,1680,0.5739659984775438,0,Not Recommended,0.20 to 0.39,20% to 39%,57,admin.,single,university.degree,cellular,aug,1,0,nonexistent,0,0,0,0,0,0,0
test_000547,test,0,Did Not Subscribe,0.3330335,3330,33.30%,1681,0.5737122557726466,0,Not Recommended,0.20 to 0.39,20% to 39%,55,retired,married,basic.9y,cellular,aug,2,0,nonexistent,0,0,0,0,0,0,0
test_003120,test,0,Did Not Subscribe,0.33295012,3330,33.30%,1682,0.5734585130677493,0,Not Recommended,0.20 to 0.39,20% to 39%,52,housemaid,married,basic.6y,cellular,aug,1,0,nonexistent,0,0,0,0,0,0,0
test_003388,test,0,Did Not Subscribe,0.33282146,3328,33.28%,1683,0.573204770362852,0,Not Recommended,0.20 to 0.39,20% to 39%,45,unemployed,married,university.degree,cellular,aug,3,0,nonexistent,0,0,0,0,0,0,0
test_000933,test,0,Did Not Subscribe,0.33270192,3327,33.27%,1684,0.5729510276579548,0,Not Recommended,0.20 to 0.39,20% to 39%,36,services,married,high.school,cellular,apr,4,1,failure,0,0,0,0,0,0,0
test_001678,test,0,Did Not Subscribe,0.33263144,3326,33.26%,1685,0.5726972849530576,0,Not Recommended,0.20 to 0.39,20% to 39%,57,management,divorced,professional.course,cellular,nov,1,0,nonexistent,0,0,0,0,0,0,0
test_002335,test,0,Did Not Subscribe,0.33260196,3326,33.26%,1686,0.5724435422481604,0,Not Recommended,0.20 to 0.39,20% to 39%,34,technician,married,high.school,cellular,aug,3,0,nonexistent,0,0,0,0,0,0,0
test_001891,test,0,Did Not Subscribe,0.33259466,3326,33.26%,1687,0.5721897995432632,0,Not Recommended,0.20 to 0.39,20% to 39%,41,housemaid,married,basic.6y,cellular,aug,1,0,nonexistent,0,0,0,0,0,0,0
test_001696,test,0,Did Not Subscribe,0.3325417,3325,33.25%,1688,0.5719360568383659,0,Not Recommended,0.20 to 0.39,20% to 39%,35,admin.,married,high.school,cellular,nov,1,0,nonexistent,0,0,0,0,0,0,0
test_003328,test,0,Did Not Subscribe,0.33243558,3324,33.24%,1689,0.5716823141334686,0,Not Recommended,0.20 to 0.39,20% to 39%,26,student,single,high.school,telephone,may,2,0,nonexistent,0,0,0,0,0,0,0
test_003741,test,0,Did Not Subscribe,0.33241934,3324,33.24%,1690,0.5714285714285714,0,Not Recommended,0.20 to 0.39,20% to 39%,31,technician,married,university.degree,cellular,aug,3,0,nonexistent,0,0,0,0,0,0,0
test_002638,test,0,Did Not Subscribe,0.33234784,3323,33.23%,1691,0.5711748287236742,0,Not Recommended,0.20 to 0.39,20% to 39%,31,admin.,single,university.degree,cellular,nov,2,0,nonexistent,0,0,0,0,0,0,0
test_001164,test,0,Did Not Subscribe,0.33205244,3321,33.21%,1692,0.570921086018777,0,Not Recommended,0.20 to 0.39,20% to 39%,35,blue-collar,single,basic.6y,telephone,jun,2,0,nonexistent,0,0,0,0,0,0,0
test_002184,test,0,Did Not Subscribe,0.331971,3320,33.20%,1693,0.5706673433138798,0,Not Recommended,0.20 to 0.39,20% to 39%,27,services,single,high.school,cellular,may,6,1,failure,0,0,0,0,0,0,0
test_000571,test,0,Did Not Subscribe,0.33195463,3320,33.20%,1694,0.5704136006089825,0,Not Recommended,0.20 to 0.39,20% to 39%,46,self-employed,married,university.degree,cellular,jul,4,0,nonexistent,0,0,0,0,0,0,0
test_002578,test,0,Did Not Subscribe,0.33194414,3319,33.19%,1695,0.5701598579040852,0,Not Recommended,0.20 to 0.39,20% to 39%,50,entrepreneur,married,basic.4y,cellular,jul,3,0,nonexistent,0,0,0,0,0,0,0
test_003357,test,0,Did Not Subscribe,0.33165824,3317,33.17%,1696,0.569906115199188,0,Not Recommended,0.20 to 0.39,20% to 39%,41,blue-collar,single,basic.6y,cellular,may,1,0,nonexistent,0,0,0,0,0,0,0
test_000831,test,0,Did Not Subscribe,0.33162248,3316,33.16%,1697,0.5696523724942908,0,Not Recommended,0.20 to 0.39,20% to 39%,27,admin.,married,university.degree,cellular,aug,4,0,nonexistent,0,0,0,0,0,0,0
test_001205,test,0,Did Not Subscribe,0.3315964,3316,33.16%,1698,0.5693986297893936,0,Not Recommended,0.20 to 0.39,20% to 39%,34,technician,married,high.school,cellular,jul,1,0,nonexistent,0,0,0,0,0,0,0
test_001907,test,0,Did Not Subscribe,0.33149773,3315,33.15%,1699,0.5691448870844964,0,Not Recommended,0.20 to 0.39,20% to 39%,45,management,married,university.degree,cellular,nov,2,0,nonexistent,0,0,0,0,0,0,0
test_001446,test,0,Did Not Subscribe,0.33118233,3312,33.12%,1700,0.5688911443795991,0,Not Recommended,0.20 to 0.39,20% to 39%,43,management,married,university.degree,cellular,apr,2,1,failure,0,0,0,0,0,0,0
test_000458,test,0,Did Not Subscribe,0.331105,3311,33.11%,1701,0.5686374016747018,0,Not Recommended,0.20 to 0.39,20% to 39%,31,technician,single,basic.9y,telephone,may,5,0,nonexistent,0,0,0,0,0,0,0
test_001067,test,0,Did Not Subscribe,0.3310137,3310,33.10%,1702,0.5683836589698046,0,Not Recommended,0.20 to 0.39,20% to 39%,31,technician,single,university.degree,cellular,aug,4,0,nonexistent,0,0,0,0,0,0,0
test_002181,test,0,Did Not Subscribe,0.3309703,3310,33.10%,1703,0.5681299162649074,0,Not Recommended,0.20 to 0.39,20% to 39%,33,technician,married,university.degree,cellular,aug,1,0,nonexistent,0,0,0,0,0,0,0
test_000357,test,0,Did Not Subscribe,0.3309683,3310,33.10%,1704,0.5678761735600102,0,Not Recommended,0.20 to 0.39,20% to 39%,58,retired,married,professional.course,cellular,aug,7,0,nonexistent,0,0,0,0,0,0,0
test_002355,test,0,Did Not Subscribe,0.33092374,3309,33.09%,1705,0.567622430855113,0,Not Recommended,0.20 to 0.39,20% to 39%,50,admin.,married,university.degree,cellular,jul,1,0,nonexistent,0,0,0,0,0,0,0
test_000720,test,0,Did Not Subscribe,0.3308892,3309,33.09%,1706,0.5673686881502157,0,Not Recommended,0.20 to 0.39,20% to 39%,60,self-employed,married,basic.9y,cellular,aug,13,0,nonexistent,0,0,0,0,0,0,0
test_001838,test,0,Did Not Subscribe,0.33087856,3309,33.09%,1707,0.5671149454453184,0,Not Recommended,0.20 to 0.39,20% to 39%,35,blue-collar,married,basic.6y,telephone,jun,7,0,nonexistent,0,0,0,0,0,0,0
test_003043,test,0,Did Not Subscribe,0.33087382,3309,33.09%,1708,0.5668612027404212,0,Not Recommended,0.20 to 0.39,20% to 39%,59,retired,divorced,university.degree,cellular,jul,1,0,nonexistent,0,0,0,0,0,0,0
test_003808,test,0,Did Not Subscribe,0.33085963,3309,33.09%,1709,0.566607460035524,0,Not Recommended,0.20 to 0.39,20% to 39%,26,blue-collar,single,basic.9y,cellular,jul,4,0,nonexistent,0,0,0,0,0,0,0
test_002229,test,0,Did Not Subscribe,0.33079496,3308,33.08%,1710,0.5663537173306268,0,Not Recommended,0.20 to 0.39,20% to 39%,56,admin.,married,university.degree,telephone,jul,9,0,nonexistent,0,0,0,0,0,0,0
test_001777,test,0,Did Not Subscribe,0.33067268,3307,33.07%,1711,0.5660999746257296,0,Not Recommended,0.20 to 0.39,20% to 39%,34,admin.,single,university.degree,cellular,may,1,1,failure,0,0,0,0,0,0,0
test_000057,test,1,Subscribed,0.33054438,3305,33.05%,1712,0.5658462319208323,0,Not Recommended,0.20 to 0.39,20% to 39%,33,technician,married,high.school,cellular,jul,9,0,nonexistent,0,0,0,0,0,0,0
test_003464,test,0,Did Not Subscribe,0.33042437,3304,33.04%,1713,0.565592489215935,0,Not Recommended,0.20 to 0.39,20% to 39%,32,blue-collar,married,basic.6y,telephone,jul,3,0,nonexistent,0,0,0,0,0,0,0
test_000417,test,0,Did Not Subscribe,0.3303225,3303,33.03%,1714,0.5653387465110378,0,Not Recommended,0.20 to 0.39,20% to 39%,56,retired,married,basic.6y,cellular,jul,1,0,nonexistent,0,0,0,0,0,0,0
test_003249,test,0,Did Not Subscribe,0.33012503,3301,33.01%,1715,0.5650850038061406,0,Not Recommended,0.20 to 0.39,20% to 39%,36,admin.,married,university.degree,cellular,aug,2,0,nonexistent,0,0,0,0,0,0,0
test_003721,test,0,Did Not Subscribe,0.33010635,3301,33.01%,1716,0.5648312611012434,0,Not Recommended,0.20 to 0.39,20% to 39%,57,self-employed,married,university.degree,cellular,jul,4,0,nonexistent,0,0,0,0,0,0,0
test_001815,test,1,Subscribed,0.3299039,3299,32.99%,1717,0.5645775183963462,0,Not Recommended,0.20 to 0.39,20% to 39%,36,services,single,high.school,cellular,jul,1,0,nonexistent,0,0,0,0,0,0,0
test_001048,test,0,Did Not Subscribe,0.3297693,3298,32.98%,1718,0.5643237756914489,0,Not Recommended,0.20 to 0.39,20% to 39%,51,admin.,divorced,university.degree,cellular,aug,1,0,nonexistent,0,0,0,0,0,0,0
test_000981,test,0,Did Not Subscribe,0.32972708,3297,32.97%,1719,0.5640700329865516,0,Not Recommended,0.20 to 0.39,20% to 39%,43,entrepreneur,married,basic.9y,telephone,jun,1,0,nonexistent,0,0,0,0,0,0,0
test_001094,test,0,Did Not Subscribe,0.32965982,3297,32.97%,1720,0.5638162902816544,0,Not Recommended,0.20 to 0.39,20% to 39%,33,technician,married,high.school,cellular,aug,1,0,nonexistent,0,0,0,0,0,0,0
test_001343,test,0,Did Not Subscribe,0.3295854,3296,32.96%,1721,0.5635625475767572,0,Not Recommended,0.20 to 0.39,20% to 39%,53,admin.,divorced,university.degree,cellular,nov,1,0,nonexistent,0,0,0,0,0,0,0
test_003870,test,0,Did Not Subscribe,0.32955894,3296,32.96%,1722,0.56330880487186,0,Not Recommended,0.20 to 0.39,20% to 39%,44,services,divorced,high.school,cellular,jul,3,0,nonexistent,0,0,0,0,0,0,0
test_002403,test,0,Did Not Subscribe,0.32949227,3295,32.95%,1723,0.5630550621669628,0,Not Recommended,0.20 to 0.39,20% to 39%,30,admin.,single,university.degree,cellular,aug,2,0,nonexistent,0,0,0,0,0,0,0
test_000553,test,0,Did Not Subscribe,0.32943472,3294,32.94%,1724,0.5628013194620655,0,Not Recommended,0.20 to 0.39,20% to 39%,37,admin.,single,high.school,cellular,jul,8,0,nonexistent,0,0,0,0,0,0,0
test_000069,test,0,Did Not Subscribe,0.3293547,3294,32.94%,1725,0.5625475767571682,0,Not Recommended,0.20 to 0.39,20% to 39%,46,admin.,married,university.degree,cellular,jul,3,0,nonexistent,0,0,0,0,0,0,0
test_000651,test,0,Did Not Subscribe,0.32931367,3293,32.93%,1726,0.562293834052271,0,Not Recommended,0.20 to 0.39,20% to 39%,45,technician,divorced,professional.course,cellular,nov,1,0,nonexistent,0,0,0,0,0,0,0
test_000626,test,0,Did Not Subscribe,0.32918835,3292,32.92%,1727,0.5620400913473738,0,Not Recommended,0.20 to 0.39,20% to 39%,54,blue-collar,married,high.school,cellular,may,1,0,nonexistent,0,0,0,0,0,0,0
test_002503,test,0,Did Not Subscribe,0.32881483,3288,32.88%,1728,0.5617863486424766,0,Not Recommended,0.20 to 0.39,20% to 39%,40,blue-collar,married,basic.9y,cellular,nov,1,0,nonexistent,0,0,0,0,0,0,0
test_000693,test,0,Did Not Subscribe,0.32876194,3288,32.88%,1729,0.5615326059375794,0,Not Recommended,0.20 to 0.39,20% to 39%,27,technician,married,professional.course,cellular,jul,9,0,nonexistent,0,0,0,0,0,0,0
test_003858,test,0,Did Not Subscribe,0.32860324,3286,32.86%,1730,0.5612788632326821,0,Not Recommended,0.20 to 0.39,20% to 39%,52,blue-collar,married,basic.9y,cellular,aug,1,0,nonexistent,0,0,0,0,0,0,0
test_000388,test,0,Did Not Subscribe,0.32855365,3286,32.86%,1731,0.5610251205277847,0,Not Recommended,0.20 to 0.39,20% to 39%,26,self-employed,single,professional.course,cellular,jul,1,0,nonexistent,0,0,0,0,0,0,0
test_003311,test,0,Did Not Subscribe,0.32840562,3284,32.84%,1732,0.5607713778228876,0,Not Recommended,0.20 to 0.39,20% to 39%,26,blue-collar,married,basic.9y,cellular,may,2,2,failure,0,0,0,0,0,0,0
test_003434,test,1,Subscribed,0.32836854,3284,32.84%,1733,0.5605176351179904,0,Not Recommended,0.20 to 0.39,20% to 39%,43,technician,divorced,basic.9y,cellular,jul,2,0,nonexistent,0,0,0,0,0,0,0
test_000531,test,1,Subscribed,0.32835698,3284,32.84%,1734,0.5602638924130932,0,Not Recommended,0.20 to 0.39,20% to 39%,50,admin.,married,professional.course,cellular,jul,3,0,nonexistent,0,0,0,0,0,0,0
test_002447,test,0,Did Not Subscribe,0.3283233,3283,32.83%,1735,0.560010149708196,0,Not Recommended,0.20 to 0.39,20% to 39%,33,services,married,high.school,cellular,nov,1,0,nonexistent,0,0,0,0,0,0,0
test_001235,test,0,Did Not Subscribe,0.32810837,3281,32.81%,1736,0.5597564070032987,0,Not Recommended,0.20 to 0.39,20% to 39%,43,technician,divorced,university.degree,cellular,nov,2,0,nonexistent,0,0,0,0,0,0,0
test_001579,test,1,Subscribed,0.3280034,3280,32.80%,1737,0.5595026642984013,0,Not Recommended,0.20 to 0.39,20% to 39%,33,student,divorced,professional.course,cellular,aug,1,0,nonexistent,0,0,0,0,0,0,0
test_003320,test,0,Did Not Subscribe,0.32799748,3280,32.80%,1738,0.5592489215935041,0,Not Recommended,0.20 to 0.39,20% to 39%,31,blue-collar,single,high.school,cellular,nov,2,0,nonexistent,0,0,0,0,0,0,0
test_003800,test,0,Did Not Subscribe,0.32794362,3279,32.79%,1739,0.558995178888607,0,Not Recommended,0.20 to 0.39,20% to 39%,34,technician,married,professional.course,cellular,aug,2,0,nonexistent,0,0,0,0,0,0,0
test_003449,test,0,Did Not Subscribe,0.32769647,3277,32.77%,1740,0.5587414361837097,0,Not Recommended,0.20 to 0.39,20% to 39%,34,technician,single,professional.course,cellular,aug,1,0,nonexistent,0,0,0,0,0,0,0
test_000424,test,0,Did Not Subscribe,0.32766956,3277,32.77%,1741,0.5584876934788126,0,Not Recommended,0.20 to 0.39,20% to 39%,37,blue-collar,married,basic.9y,cellular,nov,1,0,nonexistent,0,0,0,0,0,0,0
test_003506,test,0,Did Not Subscribe,0.32758608,3276,32.76%,1742,0.5582339507739152,0,Not Recommended,0.20 to 0.39,20% to 39%,43,admin.,married,university.degree,cellular,nov,2,0,nonexistent,0,0,0,0,0,0,0
test_001861,test,0,Did Not Subscribe,0.32742226,3274,32.74%,1743,0.5579802080690179,0,Not Recommended,0.20 to 0.39,20% to 39%,34,technician,married,high.school,cellular,jul,1,0,nonexistent,0,0,0,0,0,0,0
test_003371,test,0,Did Not Subscribe,0.32735804,3274,32.74%,1744,0.5577264653641207,0,Not Recommended,0.20 to 0.39,20% to 39%,38,admin.,married,high.school,cellular,nov,1,0,nonexistent,0,0,0,0,0,0,0
test_000834,test,0,Did Not Subscribe,0.3272792,3273,32.73%,1745,0.5574727226592235,0,Not Recommended,0.20 to 0.39,20% to 39%,32,technician,divorced,professional.course,cellular,nov,1,0,nonexistent,0,0,0,0,0,0,0
test_000468,test,0,Did Not Subscribe,0.3271869,3272,32.72%,1746,0.5572189799543263,0,Not Recommended,0.20 to 0.39,20% to 39%,57,blue-collar,married,basic.9y,telephone,nov,1,0,nonexistent,0,0,0,0,0,0,0
test_001822,test,0,Did Not Subscribe,0.3270564,3271,32.71%,1747,0.5569652372494291,0,Not Recommended,0.20 to 0.39,20% to 39%,56,blue-collar,married,basic.9y,telephone,jun,6,0,nonexistent,0,0,0,0,0,0,0
test_001496,test,0,Did Not Subscribe,0.32703328,3270,32.70%,1748,0.5567114945445318,0,Not Recommended,0.20 to 0.39,20% to 39%,29,admin.,single,high.school,cellular,nov,2,0,nonexistent,0,0,0,0,0,0,0
test_002712,test,0,Did Not Subscribe,0.32700866,3270,32.70%,1749,0.5564577518396345,0,Not Recommended,0.20 to 0.39,20% to 39%,42,technician,married,basic.9y,cellular,jul,3,0,nonexistent,0,0,0,0,0,0,0
test_003859,test,0,Did Not Subscribe,0.32686517,3269,32.69%,1750,0.5562040091347373,0,Not Recommended,0.20 to 0.39,20% to 39%,34,technician,single,professional.course,cellular,aug,2,0,nonexistent,0,0,0,0,0,0,0
test_002580,test,0,Did Not Subscribe,0.32627964,3263,32.63%,1751,0.5559502664298401,0,Not Recommended,0.20 to 0.39,20% to 39%,38,management,married,university.degree,cellular,nov,2,0,nonexistent,0,0,0,0,0,0,0
test_003027,test,0,Did Not Subscribe,0.3259722,3260,32.60%,1752,0.5556965237249429,0,Not Recommended,0.20 to 0.39,20% to 39%,36,admin.,divorced,university.degree,cellular,jul,1,0,nonexistent,0,0,0,0,0,0,0
test_003597,test,1,Subscribed,0.32589215,3259,32.59%,1753,0.5554427810200457,0,Not Recommended,0.20 to 0.39,20% to 39%,34,technician,single,university.degree,cellular,jul,1,0,nonexistent,0,0,0,0,0,0,0
test_002939,test,0,Did Not Subscribe,0.32582965,3258,32.58%,1754,0.5551890383151484,0,Not Recommended,0.20 to 0.39,20% to 39%,55,retired,divorced,professional.course,telephone,jun,4,0,nonexistent,0,0,0,0,0,0,0
test_000135,test,0,Did Not Subscribe,0.32579932,3258,32.58%,1755,0.5549352956102511,0,Not Recommended,0.20 to 0.39,20% to 39%,56,retired,married,high.school,cellular,aug,2,0,nonexistent,0,0,0,0,0,0,0
test_002291,test,0,Did Not Subscribe,0.32554308,3255,32.55%,1756,0.5546815529053539,0,Not Recommended,0.20 to 0.39,20% to 39%,50,entrepreneur,married,basic.9y,cellular,jul,1,0,nonexistent,0,0,0,0,0,0,0
test_000309,test,0,Did Not Subscribe,0.32525924,3253,32.53%,1757,0.5544278102004567,0,Not Recommended,0.20 to 0.39,20% to 39%,54,blue-collar,divorced,basic.4y,cellular,jul,2,0,nonexistent,0,0,0,0,0,0,0
test_002449,test,0,Did Not Subscribe,0.32524523,3252,32.52%,1758,0.5541740674955595,0,Not Recommended,0.20 to 0.39,20% to 39%,39,blue-collar,married,basic.9y,cellular,may,6,0,nonexistent,0,0,0,0,0,0,0
test_000269,test,0,Did Not Subscribe,0.32516876,3252,32.52%,1759,0.5539203247906623,0,Not Recommended,0.20 to 0.39,20% to 39%,33,technician,single,university.degree,cellular,aug,3,0,nonexistent,0,0,0,0,0,0,0
test_001032,test,0,Did Not Subscribe,0.3250723,3251,32.51%,1760,0.553666582085765,0,Not Recommended,0.20 to 0.39,20% to 39%,24,blue-collar,married,basic.9y,cellular,jul,1,0,nonexistent,0,0,0,0,0,0,0
test_003211,test,0,Did Not Subscribe,0.32500935,3250,32.50%,1761,0.5534128393808678,0,Not Recommended,0.20 to 0.39,20% to 39%,30,admin.,married,university.degree,cellular,aug,2,0,nonexistent,0,0,0,0,0,0,0
test_003538,test,0,Did Not Subscribe,0.32492036,3249,32.49%,1762,0.5531590966759705,0,Not Recommended,0.20 to 0.39,20% to 39%,31,technician,married,university.degree,cellular,aug,4,0,nonexistent,0,0,0,0,0,0,0
test_002659,test,0,Did Not Subscribe,0.3248298,3248,32.48%,1763,0.5529053539710733,0,Not Recommended,0.20 to 0.39,20% to 39%,34,blue-collar,married,basic.6y,telephone,jun,1,0,nonexistent,0,0,0,0,0,0,0
test_000128,test,1,Subscribed,0.32482526,3248,32.48%,1764,0.5526516112661761,0,Not Recommended,0.20 to 0.39,20% to 39%,39,technician,single,professional.course,cellular,jul,2,0,nonexistent,0,0,0,0,0,0,0
test_003205,test,0,Did Not Subscribe,0.32479057,3248,32.48%,1765,0.5523978685612789,0,Not Recommended,0.20 to 0.39,20% to 39%,54,retired,married,high.school,telephone,jul,2,0,nonexistent,0,0,0,0,0,0,0
test_001033,test,0,Did Not Subscribe,0.32478362,3248,32.48%,1766,0.5521441258563816,0,Not Recommended,0.20 to 0.39,20% to 39%,38,blue-collar,married,basic.9y,telephone,jul,3,0,nonexistent,0,0,0,0,0,0,0
test_003763,test,0,Did Not Subscribe,0.32473087,3247,32.47%,1767,0.5518903831514844,0,Not Recommended,0.20 to 0.39,20% to 39%,50,blue-collar,married,professional.course,cellular,nov,1,0,nonexistent,0,0,0,0,0,0,0
test_002216,test,0,Did Not Subscribe,0.3246081,3246,32.46%,1768,0.5516366404465871,0,Not Recommended,0.20 to 0.39,20% to 39%,28,entrepreneur,married,university.degree,telephone,may,1,0,nonexistent,0,0,0,0,0,0,0
test_002006,test,0,Did Not Subscribe,0.3246039,3246,32.46%,1769,0.5513828977416899,0,Not Recommended,0.20 to 0.39,20% to 39%,35,technician,single,university.degree,cellular,jul,10,0,nonexistent,0,0,0,0,0,0,0
test_001138,test,0,Did Not Subscribe,0.32452053,3245,32.45%,1770,0.5511291550367927,0,Not Recommended,0.20 to 0.39,20% to 39%,55,technician,single,professional.course,cellular,nov,1,0,nonexistent,0,0,0,0,0,0,0
test_001497,test,0,Did Not Subscribe,0.3243735,3244,32.44%,1771,0.5508754123318955,0,Not Recommended,0.20 to 0.39,20% to 39%,29,technician,married,unknown,cellular,jul,1,0,nonexistent,0,0,0,0,0,0,0
test_001570,test,0,Did Not Subscribe,0.3241439,3241,32.41%,1772,0.5506216696269982,0,Not Recommended,0.20 to 0.39,20% to 39%,36,blue-collar,married,high.school,telephone,may,1,0,nonexistent,0,0,0,0,0,0,0
test_001190,test,0,Did Not Subscribe,0.32382312,3238,32.38%,1773,0.550367926922101,0,Not Recommended,0.20 to 0.39,20% to 39%,50,admin.,divorced,basic.9y,cellular,jul,4,0,nonexistent,0,0,0,0,0,0,0
test_000461,test,0,Did Not Subscribe,0.32379955,3238,32.38%,1774,0.5501141842172037,0,Not Recommended,0.20 to 0.39,20% to 39%,31,technician,single,high.school,cellular,aug,3,0,nonexistent,0,0,0,0,0,0,0
test_002673,test,0,Did Not Subscribe,0.32373333,3237,32.37%,1775,0.5498604415123065,0,Not Recommended,0.20 to 0.39,20% to 39%,24,technician,single,high.school,telephone,jun,2,0,nonexistent,0,0,0,0,0,0,0
test_001913,test,0,Did Not Subscribe,0.32370788,3237,32.37%,1776,0.5496066988074093,0,Not Recommended,0.20 to 0.39,20% to 39%,43,blue-collar,married,basic.9y,cellular,jul,4,0,nonexistent,0,0,0,0,0,0,0
test_000219,test,0,Did Not Subscribe,0.32348573,3235,32.35%,1777,0.5493529561025121,0,Not Recommended,0.20 to 0.39,20% to 39%,46,admin.,married,professional.course,cellular,aug,1,0,nonexistent,0,0,0,0,0,0,0
test_000726,test,0,Did Not Subscribe,0.32346994,3235,32.35%,1778,0.5490992133976148,0,Not Recommended,0.20 to 0.39,20% to 39%,43,blue-collar,married,basic.9y,cellular,nov,1,0,nonexistent,0,0,0,0,0,0,0
test_000853,test,0,Did Not Subscribe,0.32340345,3234,32.34%,1779,0.5488454706927176,0,Not Recommended,0.20 to 0.39,20% to 39%,35,entrepreneur,married,university.degree,telephone,jun,1,0,nonexistent,0,0,0,0,0,0,0
test_001102,test,0,Did Not Subscribe,0.32328272,3233,32.33%,1780,0.5485917279878203,0,Not Recommended,0.20 to 0.39,20% to 39%,31,technician,married,university.degree,cellular,aug,2,0,nonexistent,0,0,0,0,0,0,0
test_002258,test,0,Did Not Subscribe,0.32290417,3229,32.29%,1781,0.5483379852829231,0,Not Recommended,0.20 to 0.39,20% to 39%,43,services,divorced,high.school,cellular,nov,1,0,nonexistent,0,0,0,0,0,0,0
test_000569,test,0,Did Not Subscribe,0.3227312,3227,32.27%,1782,0.5480842425780259,0,Not Recommended,0.20 to 0.39,20% to 39%,40,technician,single,professional.course,cellular,aug,2,0,nonexistent,0,0,0,0,0,0,0
test_000475,test,0,Did Not Subscribe,0.32271153,3227,32.27%,1783,0.5478304998731287,0,Not Recommended,0.20 to 0.39,20% to 39%,54,entrepreneur,married,university.degree,telephone,jun,2,0,nonexistent,0,0,0,0,0,0,0
test_003178,test,0,Did Not Subscribe,0.3227104,3227,32.27%,1784,0.5475767571682314,0,Not Recommended,0.20 to 0.39,20% to 39%,60,retired,married,basic.4y,telephone,jun,4,0,nonexistent,0,0,0,0,0,0,0
test_000916,test,0,Did Not Subscribe,0.32239297,3224,32.24%,1785,0.5473230144633342,0,Not Recommended,0.20 to 0.39,20% to 39%,36,admin.,married,professional.course,cellular,aug,7,0,nonexistent,0,0,0,0,0,0,0
test_001248,test,0,Did Not Subscribe,0.32233024,3223,32.23%,1786,0.5470692717584369,0,Not Recommended,0.20 to 0.39,20% to 39%,58,management,divorced,university.degree,telephone,nov,2,0,nonexistent,0,0,0,0,0,0,0
test_001099,test,0,Did Not Subscribe,0.32227784,3223,32.23%,1787,0.5468155290535397,0,Not Recommended,0.20 to 0.39,20% to 39%,27,student,single,university.degree,telephone,jun,2,0,nonexistent,0,0,0,0,0,0,0
test_003393,test,0,Did Not Subscribe,0.32208318,3221,32.21%,1788,0.5465617863486425,0,Not Recommended,0.20 to 0.39,20% to 39%,47,blue-collar,married,university.degree,cellular,aug,3,0,nonexistent,0,0,0,0,0,0,0
test_002037,test,0,Did Not Subscribe,0.32200065,3220,32.20%,1789,0.5463080436437453,0,Not Recommended,0.20 to 0.39,20% to 39%,34,technician,single,university.degree,cellular,aug,1,0,nonexistent,0,0,0,0,0,0,0
test_001789,test,0,Did Not Subscribe,0.32192934,3219,32.19%,1790,0.546054300938848,0,Not Recommended,0.20 to 0.39,20% to 39%,38,technician,married,university.degree,telephone,may,2,0,nonexistent,0,0,0,0,0,0,0
test_003837,test,0,Did Not Subscribe,0.32169092,3217,32.17%,1791,0.5458005582339508,0,Not Recommended,0.20 to 0.39,20% to 39%,26,services,single,high.school,telephone,jul,3,0,nonexistent,0,0,0,0,0,0,0
test_000034,test,0,Did Not Subscribe,0.32167023,3217,32.17%,1792,0.5455468155290535,0,Not Recommended,0.20 to 0.39,20% to 39%,47,blue-collar,married,basic.4y,cellular,aug,1,0,nonexistent,0,0,0,0,0,0,0
test_003185,test,0,Did Not Subscribe,0.32148606,3215,32.15%,1793,0.5452930728241563,0,Not Recommended,0.20 to 0.39,20% to 39%,36,admin.,single,university.degree,cellular,apr,12,1,failure,0,0,0,0,0,0,0
test_002767,test,0,Did Not Subscribe,0.32124737,3212,32.12%,1794,0.5450393301192591,0,Not Recommended,0.20 to 0.39,20% to 39%,47,blue-collar,married,basic.9y,cellular,apr,2,1,failure,0,0,0,0,0,0,0
test_003028,test,0,Did Not Subscribe,0.32107517,3211,32.11%,1795,0.5447855874143619,0,Not Recommended,0.20 to 0.39,20% to 39%,36,technician,married,professional.course,cellular,nov,1,0,nonexistent,0,0,0,0,0,0,0
test_001977,test,0,Did Not Subscribe,0.32102805,3210,32.10%,1796,0.5445318447094646,0,Not Recommended,0.20 to 0.39,20% to 39%,59,blue-collar,married,basic.9y,cellular,jul,1,0,nonexistent,0,0,0,0,0,0,0
test_003843,test,0,Did Not Subscribe,0.32081345,3208,32.08%,1797,0.5442781020045674,0,Not Recommended,0.20 to 0.39,20% to 39%,49,blue-collar,divorced,basic.9y,cellular,nov,1,0,nonexistent,0,0,0,0,0,0,0
test_000230,test,0,Did Not Subscribe,0.32076663,3208,32.08%,1798,0.5440243592996701,0,Not Recommended,0.20 to 0.39,20% to 39%,41,services,married,unknown,cellular,nov,1,0,nonexistent,0,0,0,0,0,0,0
test_003491,test,0,Did Not Subscribe,0.32062352,3206,32.06%,1799,0.5437706165947729,0,Not Recommended,0.20 to 0.39,20% to 39%,51,admin.,married,university.degree,cellular,jul,1,0,nonexistent,0,0,0,0,0,0,0
test_002444,test,0,Did Not Subscribe,0.32058108,3206,32.06%,1800,0.5435168738898757,0,Not Recommended,0.20 to 0.39,20% to 39%,31,blue-collar,married,basic.4y,cellular,may,2,0,nonexistent,0,0,0,0,0,0,0
test_002396,test,0,Did Not Subscribe,0.3205692,3206,32.06%,1801,0.5432631311849785,0,Not Recommended,0.20 to 0.39,20% to 39%,30,technician,single,high.school,cellular,aug,1,0,nonexistent,0,0,0,0,0,0,0
test_000478,test,0,Did Not Subscribe,0.32050177,3205,32.05%,1802,0.5430093884800812,0,Not Recommended,0.20 to 0.39,20% to 39%,55,blue-collar,divorced,basic.9y,cellular,may,3,1,failure,0,0,0,0,0,0,0
test_003823,test,0,Did Not Subscribe,0.32022178,3202,32.02%,1803,0.542755645775184,0,Not Recommended,0.20 to 0.39,20% to 39%,32,technician,married,university.degree,cellular,nov,1,1,failure,0,0,0,0,0,0,0
test_000511,test,0,Did Not Subscribe,0.3199216,3199,31.99%,1804,0.5425019030702867,0,Not Recommended,0.20 to 0.39,20% to 39%,46,blue-collar,married,basic.9y,cellular,jul,2,0,nonexistent,0,0,0,0,0,0,0
test_001241,test,0,Did Not Subscribe,0.31989348,3199,31.99%,1805,0.5422481603653895,0,Not Recommended,0.20 to 0.39,20% to 39%,35,admin.,married,university.degree,cellular,aug,4,0,nonexistent,0,0,0,0,0,0,0
test_000137,test,0,Did Not Subscribe,0.31980014,3198,31.98%,1806,0.5419944176604923,0,Not Recommended,0.20 to 0.39,20% to 39%,40,entrepreneur,married,university.degree,telephone,jun,3,0,nonexistent,0,0,0,0,0,0,0
test_003188,test,0,Did Not Subscribe,0.3196415,3196,31.96%,1807,0.5417406749555951,0,Not Recommended,0.20 to 0.39,20% to 39%,53,admin.,married,university.degree,cellular,jul,3,0,nonexistent,0,0,0,0,0,0,0
test_001757,test,0,Did Not Subscribe,0.3196057,3196,31.96%,1808,0.5414869322506978,0,Not Recommended,0.20 to 0.39,20% to 39%,45,admin.,married,university.degree,cellular,aug,8,0,nonexistent,0,0,0,0,0,0,0
test_003495,test,0,Did Not Subscribe,0.3194171,3194,31.94%,1809,0.5412331895458006,0,Not Recommended,0.20 to 0.39,20% to 39%,56,technician,married,university.degree,cellular,aug,1,0,nonexistent,0,0,0,0,0,0,0
test_001414,test,0,Did Not Subscribe,0.3193366,3193,31.93%,1810,0.5409794468409033,0,Not Recommended,0.20 to 0.39,20% to 39%,43,housemaid,married,basic.4y,cellular,jul,1,0,nonexistent,0,0,0,0,0,0,0
test_001299,test,0,Did Not Subscribe,0.3189546,3190,31.90%,1811,0.5407257041360061,0,Not Recommended,0.20 to 0.39,20% to 39%,45,admin.,married,university.degree,telephone,may,1,0,nonexistent,0,0,0,0,0,0,0
test_000725,test,0,Did Not Subscribe,0.3188582,3189,31.89%,1812,0.5404719614311089,0,Not Recommended,0.20 to 0.39,20% to 39%,28,services,single,unknown,cellular,may,2,1,failure,0,0,0,0,0,0,0
test_003274,test,0,Did Not Subscribe,0.31882107,3188,31.88%,1813,0.5402182187262117,0,Not Recommended,0.20 to 0.39,20% to 39%,50,services,single,high.school,cellular,jul,2,0,nonexistent,0,0,0,0,0,0,0
test_003659,test,0,Did Not Subscribe,0.31863433,3186,31.86%,1814,0.5399644760213144,0,Not Recommended,0.20 to 0.39,20% to 39%,34,management,married,university.degree,telephone,jun,2,0,nonexistent,0,0,0,0,0,0,0
test_002555,test,0,Did Not Subscribe,0.31853938,3185,31.85%,1815,0.5397107333164172,0,Not Recommended,0.20 to 0.39,20% to 39%,36,blue-collar,married,basic.9y,cellular,jul,1,0,nonexistent,0,0,0,0,0,0,0
test_003065,test,0,Did Not Subscribe,0.3184735,3185,31.85%,1816,0.5394569906115199,0,Not Recommended,0.20 to 0.39,20% to 39%,35,self-employed,single,university.degree,cellular,nov,3,0,nonexistent,0,0,0,0,0,0,0
test_003373,test,0,Did Not Subscribe,0.31840655,3184,31.84%,1817,0.5392032479066227,0,Not Recommended,0.20 to 0.39,20% to 39%,51,admin.,divorced,high.school,cellular,aug,1,0,nonexistent,0,0,0,0,0,0,0
test_001640,test,0,Did Not Subscribe,0.31829944,3183,31.83%,1818,0.5389495052017255,0,Not Recommended,0.20 to 0.39,20% to 39%,29,admin.,single,university.degree,cellular,aug,2,0,nonexistent,0,0,0,0,0,0,0
test_002484,test,0,Did Not Subscribe,0.31814396,3181,31.81%,1819,0.5386957624968283,0,Not Recommended,0.20 to 0.39,20% to 39%,49,services,divorced,high.school,cellular,apr,3,1,failure,0,0,0,0,0,0,0
test_000962,test,0,Did Not Subscribe,0.31799695,3180,31.80%,1820,0.538442019791931,0,Not Recommended,0.20 to 0.39,20% to 39%,44,blue-collar,married,basic.6y,telephone,jun,2,0,nonexistent,0,0,0,0,0,0,0
test_001841,test,0,Did Not Subscribe,0.3178825,3179,31.79%,1821,0.5381882770870338,0,Not Recommended,0.20 to 0.39,20% to 39%,34,blue-collar,married,basic.4y,cellular,jul,1,0,nonexistent,0,0,0,0,0,0,0
test_001938,test,0,Did Not Subscribe,0.31786448,3179,31.79%,1822,0.5379345343821365,0,Not Recommended,0.20 to 0.39,20% to 39%,30,technician,single,university.degree,cellular,aug,2,0,nonexistent,0,0,0,0,0,0,0
test_000860,test,0,Did Not Subscribe,0.31759042,3176,31.76%,1823,0.5376807916772393,0,Not Recommended,0.20 to 0.39,20% to 39%,30,blue-collar,single,basic.4y,telephone,jun,3,0,nonexistent,0,0,0,0,0,0,0
test_003439,test,0,Did Not Subscribe,0.31757087,3176,31.76%,1824,0.5374270489723421,0,Not Recommended,0.20 to 0.39,20% to 39%,33,admin.,single,university.degree,cellular,nov,2,0,nonexistent,0,0,0,0,0,0,0
test_003508,test,0,Did Not Subscribe,0.31732538,3173,31.73%,1825,0.5371733062674449,0,Not Recommended,0.20 to 0.39,20% to 39%,47,technician,married,university.degree,cellular,aug,7,0,nonexistent,0,0,0,0,0,0,0
test_003722,test,0,Did Not Subscribe,0.31720483,3172,31.72%,1826,0.5369195635625476,0,Not Recommended,0.20 to 0.39,20% to 39%,40,technician,divorced,professional.course,cellular,jul,2,0,nonexistent,0,0,0,0,0,0,0
test_002603,test,0,Did Not Subscribe,0.3170759,3171,31.71%,1827,0.5366658208576504,0,Not Recommended,0.20 to 0.39,20% to 39%,47,blue-collar,married,basic.6y,cellular,jul,3,0,nonexistent,0,0,0,0,0,0,0
test_000256,test,0,Did Not Subscribe,0.31688634,3169,31.69%,1828,0.536412078152753,0,Not Recommended,0.20 to 0.39,20% to 39%,34,technician,married,high.school,cellular,jul,1,0,nonexistent,0,0,0,0,0,0,0
test_003245,test,0,Did Not Subscribe,0.31686082,3169,31.69%,1829,0.5361583354478558,0,Not Recommended,0.20 to 0.39,20% to 39%,30,admin.,married,university.degree,cellular,aug,2,0,nonexistent,0,0,0,0,0,0,0
test_001368,test,0,Did Not Subscribe,0.3168455,3168,31.68%,1830,0.5359045927429587,0,Not Recommended,0.20 to 0.39,20% to 39%,37,retired,divorced,basic.9y,cellular,nov,1,0,nonexistent,0,0,0,0,0,0,0
test_002260,test,0,Did Not Subscribe,0.31670648,3167,31.67%,1831,0.5356508500380615,0,Not Recommended,0.20 to 0.39,20% to 39%,29,admin.,married,university.degree,telephone,jun,3,0,nonexistent,0,0,0,0,0,0,0
test_002797,test,0,Did Not Subscribe,0.31666636,3167,31.67%,1832,0.5353971073331641,0,Not Recommended,0.20 to 0.39,20% to 39%,53,management,married,university.degree,cellular,nov,1,0,nonexistent,0,0,0,0,0,0,0
test_000506,test,0,Did Not Subscribe,0.3164985,3165,31.65%,1833,0.535143364628267,0,Not Recommended,0.20 to 0.39,20% to 39%,35,admin.,married,high.school,cellular,nov,1,0,nonexistent,0,0,0,0,0,0,0
test_003045,test,0,Did Not Subscribe,0.3164959,3165,31.65%,1834,0.5348896219233696,0,Not Recommended,0.20 to 0.39,20% to 39%,35,management,single,university.degree,cellular,jul,1,0,nonexistent,0,0,0,0,0,0,0
test_000271,test,0,Did Not Subscribe,0.3163612,3164,31.64%,1835,0.5346358792184724,0,Not Recommended,0.20 to 0.39,20% to 39%,31,blue-collar,single,high.school,cellular,nov,1,1,failure,0,0,0,0,0,0,0
test_002492,test,0,Did Not Subscribe,0.31634155,3163,31.63%,1836,0.5343821365135752,0,Not Recommended,0.20 to 0.39,20% to 39%,50,services,married,unknown,cellular,aug,2,0,nonexistent,0,0,0,0,0,0,0
test_003295,test,0,Did Not Subscribe,0.3163116,3163,31.63%,1837,0.534128393808678,0,Not Recommended,0.20 to 0.39,20% to 39%,50,admin.,divorced,basic.9y,cellular,jul,5,0,nonexistent,0,0,0,0,0,0,0
test_000849,test,1,Subscribed,0.3162766,3163,31.63%,1838,0.5338746511037807,0,Not Recommended,0.20 to 0.39,20% to 39%,50,management,married,university.degree,cellular,aug,2,0,nonexistent,0,0,0,0,0,0,0
test_000908,test,0,Did Not Subscribe,0.3161997,3162,31.62%,1839,0.5336209083988835,0,Not Recommended,0.20 to 0.39,20% to 39%,36,admin.,single,unknown,cellular,jul,1,0,nonexistent,0,0,0,0,0,0,0
test_001729,test,0,Did Not Subscribe,0.31610224,3161,31.61%,1840,0.5333671656939862,0,Not Recommended,0.20 to 0.39,20% to 39%,31,admin.,married,university.degree,cellular,aug,4,0,nonexistent,0,0,0,0,0,0,0
test_001127,test,1,Subscribed,0.31608114,3161,31.61%,1841,0.533113422989089,0,Not Recommended,0.20 to 0.39,20% to 39%,33,management,single,university.degree,cellular,nov,3,0,nonexistent,0,0,0,0,0,0,0
test_001856,test,0,Did Not Subscribe,0.3158719,3159,31.59%,1842,0.5328596802841918,0,Not Recommended,0.20 to 0.39,20% to 39%,59,admin.,married,university.degree,cellular,may,2,1,failure,0,0,0,0,0,0,0
test_001466,test,1,Subscribed,0.31580964,3158,31.58%,1843,0.5326059375792946,0,Not Recommended,0.20 to 0.39,20% to 39%,56,admin.,married,university.degree,cellular,aug,3,0,nonexistent,0,0,0,0,0,0,0
test_001257,test,1,Subscribed,0.31554544,3155,31.55%,1844,0.5323521948743974,0,Not Recommended,0.20 to 0.39,20% to 39%,30,blue-collar,married,high.school,cellular,nov,2,0,nonexistent,0,0,0,0,0,0,0
test_002151,test,1,Subscribed,0.31541058,3154,31.54%,1845,0.5320984521695001,0,Not Recommended,0.20 to 0.39,20% to 39%,52,admin.,married,unknown,cellular,aug,1,0,nonexistent,0,0,0,0,0,0,0
test_001653,test,0,Did Not Subscribe,0.31540748,3154,31.54%,1846,0.5318447094646028,0,Not Recommended,0.20 to 0.39,20% to 39%,30,admin.,single,university.degree,cellular,aug,4,0,nonexistent,0,0,0,0,0,0,0
test_003452,test,0,Did Not Subscribe,0.31535873,3154,31.54%,1847,0.5315909667597056,0,Not Recommended,0.20 to 0.39,20% to 39%,38,admin.,divorced,basic.6y,cellular,apr,1,1,failure,0,0,0,0,0,0,0
test_000425,test,0,Did Not Subscribe,0.31531972,3153,31.53%,1848,0.5313372240548084,0,Not Recommended,0.20 to 0.39,20% to 39%,56,retired,married,basic.4y,telephone,jul,1,0,nonexistent,0,0,0,0,0,0,0
test_003031,test,0,Did Not Subscribe,0.315258,3153,31.53%,1849,0.5310834813499112,0,Not Recommended,0.20 to 0.39,20% to 39%,38,blue-collar,single,basic.9y,cellular,may,1,0,nonexistent,0,0,0,0,0,0,0
test_000389,test,0,Did Not Subscribe,0.31517205,3152,31.52%,1850,0.530829738645014,0,Not Recommended,0.20 to 0.39,20% to 39%,42,blue-collar,married,basic.4y,cellular,may,2,0,nonexistent,0,0,0,0,0,0,0
test_002544,test,0,Did Not Subscribe,0.31497765,3150,31.50%,1851,0.5305759959401167,0,Not Recommended,0.20 to 0.39,20% to 39%,57,blue-collar,married,basic.9y,cellular,aug,1,0,nonexistent,0,0,0,0,0,0,0
test_002442,test,0,Did Not Subscribe,0.31481236,3148,31.48%,1852,0.5303222532352194,0,Not Recommended,0.20 to 0.39,20% to 39%,31,technician,single,high.school,cellular,nov,4,0,nonexistent,0,0,0,0,0,0,0
test_002227,test,0,Did Not Subscribe,0.31479728,3148,31.48%,1853,0.5300685105303222,0,Not Recommended,0.20 to 0.39,20% to 39%,41,services,married,high.school,cellular,jul,8,0,nonexistent,0,0,0,0,0,0,0
test_000403,test,0,Did Not Subscribe,0.31477764,3148,31.48%,1854,0.529814767825425,0,Not Recommended,0.20 to 0.39,20% to 39%,52,admin.,single,unknown,cellular,may,1,0,nonexistent,0,0,0,0,0,0,0
test_001371,test,0,Did Not Subscribe,0.31458104,3146,31.46%,1855,0.5295610251205278,0,Not Recommended,0.20 to 0.39,20% to 39%,31,admin.,married,university.degree,cellular,aug,2,0,nonexistent,0,0,0,0,0,0,0
test_003135,test,0,Did Not Subscribe,0.31443924,3144,31.44%,1856,0.5293072824156306,0,Not Recommended,0.20 to 0.39,20% to 39%,38,housemaid,married,high.school,cellular,jul,5,0,nonexistent,0,0,0,0,0,0,0
test_001206,test,0,Did Not Subscribe,0.31426942,3143,31.43%,1857,0.5290535397107333,0,Not Recommended,0.20 to 0.39,20% to 39%,34,blue-collar,single,high.school,cellular,jul,2,0,nonexistent,0,0,0,0,0,0,0
test_001382,test,0,Did Not Subscribe,0.3142233,3142,31.42%,1858,0.528799797005836,0,Not Recommended,0.20 to 0.39,20% to 39%,35,technician,single,basic.9y,telephone,nov,1,1,failure,0,0,0,0,0,0,0
test_001597,test,0,Did Not Subscribe,0.31416443,3142,31.42%,1859,0.5285460543009388,0,Not Recommended,0.20 to 0.39,20% to 39%,44,technician,divorced,professional.course,cellular,jul,2,0,nonexistent,0,0,0,0,0,0,0
test_000953,test,0,Did Not Subscribe,0.31412625,3141,31.41%,1860,0.5282923115960416,0,Not Recommended,0.20 to 0.39,20% to 39%,33,entrepreneur,married,university.degree,cellular,aug,7,0,nonexistent,0,0,0,0,0,0,0
test_003376,test,0,Did Not Subscribe,0.31362268,3136,31.36%,1861,0.5280385688911444,0,Not Recommended,0.20 to 0.39,20% to 39%,31,technician,single,university.degree,cellular,aug,5,0,nonexistent,0,0,0,0,0,0,0
test_001354,test,0,Did Not Subscribe,0.31347737,3135,31.35%,1862,0.5277848261862472,0,Not Recommended,0.20 to 0.39,20% to 39%,37,admin.,single,university.degree,telephone,jul,11,0,nonexistent,0,0,0,0,0,0,0
test_003614,test,0,Did Not Subscribe,0.31342292,3134,31.34%,1863,0.5275310834813499,0,Not Recommended,0.20 to 0.39,20% to 39%,31,admin.,single,university.degree,cellular,aug,1,0,nonexistent,0,0,0,0,0,0,0
test_001628,test,0,Did Not Subscribe,0.31337768,3134,31.34%,1864,0.5272773407764526,0,Not Recommended,0.20 to 0.39,20% to 39%,34,admin.,single,university.degree,cellular,aug,6,0,nonexistent,0,0,0,0,0,0,0
test_000367,test,0,Did Not Subscribe,0.31335387,3134,31.34%,1865,0.5270235980715554,0,Not Recommended,0.20 to 0.39,20% to 39%,45,technician,married,professional.course,cellular,aug,1,0,nonexistent,0,0,0,0,0,0,0
test_002847,test,0,Did Not Subscribe,0.31333977,3133,31.33%,1866,0.5267698553666582,0,Not Recommended,0.20 to 0.39,20% to 39%,38,technician,married,professional.course,cellular,jul,2,0,nonexistent,0,0,0,0,0,0,0
test_000108,test,0,Did Not Subscribe,0.3132039,3132,31.32%,1867,0.526516112661761,0,Not Recommended,0.20 to 0.39,20% to 39%,42,blue-collar,married,basic.6y,telephone,jun,1,0,nonexistent,0,0,0,0,0,0,0
test_001376,test,0,Did Not Subscribe,0.3131574,3132,31.32%,1868,0.5262623699568638,0,Not Recommended,0.20 to 0.39,20% to 39%,35,services,divorced,high.school,cellular,nov,1,0,nonexistent,0,0,0,0,0,0,0
test_001339,test,0,Did Not Subscribe,0.31314605,3131,31.31%,1869,0.5260086272519665,0,Not Recommended,0.20 to 0.39,20% to 39%,40,services,married,basic.4y,cellular,jul,1,0,nonexistent,0,0,0,0,0,0,0
test_000560,test,0,Did Not Subscribe,0.3130426,3130,31.30%,1870,0.5257548845470692,0,Not Recommended,0.20 to 0.39,20% to 39%,41,services,married,high.school,cellular,jul,2,0,nonexistent,0,0,0,0,0,0,0
test_000265,test,0,Did Not Subscribe,0.31292048,3129,31.29%,1871,0.525501141842172,0,Not Recommended,0.20 to 0.39,20% to 39%,53,blue-collar,married,basic.4y,telephone,jun,1,0,nonexistent,0,0,0,0,0,0,0
test_002666,test,0,Did Not Subscribe,0.3128775,3129,31.29%,1872,0.5252473991372748,0,Not Recommended,0.20 to 0.39,20% to 39%,34,admin.,single,university.degree,cellular,aug,3,0,nonexistent,0,0,0,0,0,0,0
test_002418,test,0,Did Not Subscribe,0.3126868,3127,31.27%,1873,0.5249936564323776,0,Not Recommended,0.20 to 0.39,20% to 39%,43,blue-collar,married,high.school,cellular,jul,1,0,nonexistent,0,0,0,0,0,0,0
test_002426,test,0,Did Not Subscribe,0.31255394,3126,31.26%,1874,0.5247399137274804,0,Not Recommended,0.20 to 0.39,20% to 39%,27,entrepreneur,married,university.degree,cellular,may,1,1,failure,0,0,0,0,0,0,0
test_001279,test,0,Did Not Subscribe,0.3124477,3124,31.24%,1875,0.5244861710225831,0,Not Recommended,0.20 to 0.39,20% to 39%,50,blue-collar,married,unknown,telephone,nov,1,0,nonexistent,0,0,0,0,0,0,0
test_003842,test,0,Did Not Subscribe,0.3124305,3124,31.24%,1876,0.5242324283176858,0,Not Recommended,0.20 to 0.39,20% to 39%,47,entrepreneur,married,high.school,cellular,aug,5,0,nonexistent,0,0,0,0,0,0,0
test_002077,test,0,Did Not Subscribe,0.31238756,3124,31.24%,1877,0.5239786856127886,0,Not Recommended,0.20 to 0.39,20% to 39%,31,admin.,married,university.degree,telephone,jun,6,0,nonexistent,0,0,0,0,0,0,0
test_003527,test,0,Did Not Subscribe,0.31218496,3122,31.22%,1878,0.5237249429078914,0,Not Recommended,0.20 to 0.39,20% to 39%,37,entrepreneur,married,university.degree,cellular,nov,4,0,nonexistent,0,0,0,0,0,0,0
test_003489,test,0,Did Not Subscribe,0.3121528,3122,31.22%,1879,0.5234712002029942,0,Not Recommended,0.20 to 0.39,20% to 39%,32,admin.,married,university.degree,cellular,aug,1,0,nonexistent,0,0,0,0,0,0,0
test_001785,test,0,Did Not Subscribe,0.31214637,3121,31.21%,1880,0.523217457498097,0,Not Recommended,0.20 to 0.39,20% to 39%,51,admin.,divorced,high.school,cellular,nov,1,0,nonexistent,0,0,0,0,0,0,0
test_001023,test,0,Did Not Subscribe,0.31200185,3120,31.20%,1881,0.5229637147931997,0,Not Recommended,0.20 to 0.39,20% to 39%,35,unemployed,single,basic.6y,cellular,nov,1,0,nonexistent,0,0,0,0,0,0,0
test_002324,test,0,Did Not Subscribe,0.31147423,3115,31.15%,1882,0.5227099720883024,0,Not Recommended,0.20 to 0.39,20% to 39%,37,blue-collar,divorced,basic.9y,cellular,jul,2,0,nonexistent,0,0,0,0,0,0,0
test_002589,test,0,Did Not Subscribe,0.31143975,3114,31.14%,1883,0.5224562293834052,0,Not Recommended,0.20 to 0.39,20% to 39%,47,blue-collar,married,basic.9y,cellular,aug,2,0,nonexistent,0,0,0,0,0,0,0
test_001314,test,0,Did Not Subscribe,0.3113986,3114,31.14%,1884,0.522202486678508,0,Not Recommended,0.20 to 0.39,20% to 39%,53,blue-collar,married,basic.9y,telephone,apr,1,1,failure,0,0,0,0,0,0,0
test_001244,test,0,Did Not Subscribe,0.31116557,3112,31.12%,1885,0.5219487439736108,0,Not Recommended,0.20 to 0.39,20% to 39%,45,entrepreneur,married,university.degree,cellular,aug,2,0,nonexistent,0,0,0,0,0,0,0
test_001888,test,0,Did Not Subscribe,0.311026,3110,31.10%,1886,0.5216950012687136,0,Not Recommended,0.20 to 0.39,20% to 39%,44,admin.,married,university.degree,cellular,aug,4,0,nonexistent,0,0,0,0,0,0,0
test_001855,test,0,Did Not Subscribe,0.31101924,3110,31.10%,1887,0.5214412585638163,0,Not Recommended,0.20 to 0.39,20% to 39%,47,management,married,university.degree,cellular,may,1,0,nonexistent,0,0,0,0,0,0,0
test_003884,test,0,Did Not Subscribe,0.3109454,3109,31.09%,1888,0.521187515858919,0,Not Recommended,0.20 to 0.39,20% to 39%,47,technician,married,professional.course,cellular,jul,2,0,nonexistent,0,0,0,0,0,0,0
test_000465,test,0,Did Not Subscribe,0.3108806,3109,31.09%,1889,0.5209337731540218,0,Not Recommended,0.20 to 0.39,20% to 39%,31,technician,married,professional.course,cellular,nov,2,0,nonexistent,0,0,0,0,0,0,0
test_001433,test,0,Did Not Subscribe,0.31072485,3107,31.07%,1890,0.5206800304491246,0,Not Recommended,0.20 to 0.39,20% to 39%,45,blue-collar,married,basic.4y,cellular,aug,2,0,nonexistent,0,0,0,0,0,0,0
test_001725,test,0,Did Not Subscribe,0.31068006,3107,31.07%,1891,0.5204262877442274,0,Not Recommended,0.20 to 0.39,20% to 39%,47,admin.,married,basic.9y,cellular,jul,1,0,nonexistent,0,0,0,0,0,0,0
test_000215,test,0,Did Not Subscribe,0.31062865,3106,31.06%,1892,0.5201725450393302,0,Not Recommended,0.20 to 0.39,20% to 39%,24,technician,single,basic.9y,telephone,jun,3,0,nonexistent,0,0,0,0,0,0,0
test_002464,test,0,Did Not Subscribe,0.31059894,3106,31.06%,1893,0.5199188023344329,0,Not Recommended,0.20 to 0.39,20% to 39%,29,admin.,single,high.school,cellular,aug,1,0,nonexistent,0,0,0,0,0,0,0
test_000761,test,0,Did Not Subscribe,0.31058946,3106,31.06%,1894,0.5196650596295356,0,Not Recommended,0.20 to 0.39,20% to 39%,45,blue-collar,divorced,professional.course,cellular,jul,1,0,nonexistent,0,0,0,0,0,0,0
test_003791,test,0,Did Not Subscribe,0.31043315,3104,31.04%,1895,0.5194113169246384,0,Not Recommended,0.20 to 0.39,20% to 39%,51,blue-collar,married,basic.4y,cellular,jul,1,0,nonexistent,0,0,0,0,0,0,0
test_002164,test,0,Did Not Subscribe,0.31041124,3104,31.04%,1896,0.5191575742197412,0,Not Recommended,0.20 to 0.39,20% to 39%,45,technician,single,university.degree,cellular,may,1,1,failure,0,0,0,0,0,0,0
test_001443,test,0,Did Not Subscribe,0.31033966,3103,31.03%,1897,0.518903831514844,0,Not Recommended,0.20 to 0.39,20% to 39%,36,services,married,high.school,cellular,may,1,0,nonexistent,0,0,0,0,0,0,0
test_002552,test,1,Subscribed,0.3101782,3102,31.02%,1898,0.5186500888099468,0,Not Recommended,0.20 to 0.39,20% to 39%,41,self-employed,divorced,professional.course,cellular,jul,2,0,nonexistent,0,0,0,0,0,0,0
test_003024,test,0,Did Not Subscribe,0.31012312,3101,31.01%,1899,0.5183963461050495,0,Not Recommended,0.20 to 0.39,20% to 39%,24,services,single,high.school,telephone,may,1,0,nonexistent,0,0,0,0,0,0,0
test_002718,test,0,Did Not Subscribe,0.3100116,3100,31.00%,1900,0.5181426034001522,0,Not Recommended,0.20 to 0.39,20% to 39%,49,management,married,university.degree,cellular,jul,1,0,nonexistent,0,0,0,0,0,0,0
test_000757,test,0,Did Not Subscribe,0.30986547,3099,30.99%,1901,0.517888860695255,0,Not Recommended,0.20 to 0.39,20% to 39%,51,entrepreneur,divorced,high.school,cellular,jul,2,0,nonexistent,0,0,0,0,0,0,0
test_001387,test,0,Did Not Subscribe,0.30986047,3099,30.99%,1902,0.5176351179903578,0,Not Recommended,0.20 to 0.39,20% to 39%,38,blue-collar,married,basic.4y,cellular,nov,1,0,nonexistent,0,0,0,0,0,0,0
test_001576,test,0,Did Not Subscribe,0.30983782,3098,30.98%,1903,0.5173813752854606,0,Not Recommended,0.20 to 0.39,20% to 39%,39,blue-collar,single,basic.9y,cellular,may,1,0,nonexistent,0,0,0,0,0,0,0
test_002990,test,0,Did Not Subscribe,0.309734,3097,30.97%,1904,0.5171276325805634,0,Not Recommended,0.20 to 0.39,20% to 39%,44,blue-collar,married,basic.9y,cellular,may,1,0,nonexistent,0,0,0,0,0,0,0
test_002520,test,0,Did Not Subscribe,0.30973107,3097,30.97%,1905,0.5168738898756661,0,Not Recommended,0.20 to 0.39,20% to 39%,44,blue-collar,married,basic.9y,cellular,aug,3,0,nonexistent,0,0,0,0,0,0,0
test_002881,test,0,Did Not Subscribe,0.30968946,3097,30.97%,1906,0.5166201471707688,0,Not Recommended,0.20 to 0.39,20% to 39%,31,unemployed,married,university.degree,cellular,aug,1,0,nonexistent,0,0,0,0,0,0,0
test_001773,test,0,Did Not Subscribe,0.3095164,3095,30.95%,1907,0.5163664044658716,0,Not Recommended,0.20 to 0.39,20% to 39%,33,technician,married,professional.course,cellular,aug,3,0,nonexistent,0,0,0,0,0,0,0
test_001069,test,0,Did Not Subscribe,0.30947176,3095,30.95%,1908,0.5161126617609744,0,Not Recommended,0.20 to 0.39,20% to 39%,27,admin.,married,high.school,cellular,may,1,1,failure,0,0,0,0,0,0,0
test_003281,test,0,Did Not Subscribe,0.309224,3092,30.92%,1909,0.5158589190560772,0,Not Recommended,0.20 to 0.39,20% to 39%,31,admin.,single,university.degree,cellular,jul,1,0,nonexistent,0,0,0,0,0,0,0
test_002358,test,0,Did Not Subscribe,0.309196,3092,30.92%,1910,0.51560517635118,0,Not Recommended,0.20 to 0.39,20% to 39%,44,services,married,basic.9y,cellular,may,5,0,nonexistent,0,0,0,0,0,0,0
test_002098,test,0,Did Not Subscribe,0.3089029,3089,30.89%,1911,0.5153514336462827,0,Not Recommended,0.20 to 0.39,20% to 39%,41,technician,married,high.school,cellular,jul,1,0,nonexistent,0,0,0,0,0,0,0
test_000252,test,0,Did Not Subscribe,0.30876586,3088,30.88%,1912,0.5150976909413854,0,Not Recommended,0.20 to 0.39,20% to 39%,43,technician,married,university.degree,cellular,aug,4,0,nonexistent,0,0,0,0,0,0,0
test_003305,test,1,Subscribed,0.30871466,3087,30.87%,1913,0.5148439482364882,0,Not Recommended,0.20 to 0.39,20% to 39%,34,management,divorced,university.degree,cellular,nov,2,0,nonexistent,0,0,0,0,0,0,0
test_000050,test,1,Subscribed,0.30854267,3085,30.85%,1914,0.514590205531591,0,Not Recommended,0.20 to 0.39,20% to 39%,30,technician,married,high.school,cellular,aug,2,0,nonexistent,0,0,0,0,0,0,0
test_003881,test,0,Did Not Subscribe,0.3085075,3085,30.85%,1915,0.5143364628266938,0,Not Recommended,0.20 to 0.39,20% to 39%,36,technician,divorced,high.school,cellular,nov,1,0,nonexistent,0,0,0,0,0,0,0
test_002340,test,0,Did Not Subscribe,0.3083504,3084,30.84%,1916,0.5140827201217966,0,Not Recommended,0.20 to 0.39,20% to 39%,57,admin.,married,university.degree,cellular,aug,4,0,nonexistent,0,0,0,0,0,0,0
test_003162,test,0,Did Not Subscribe,0.30821043,3082,30.82%,1917,0.5138289774168993,0,Not Recommended,0.20 to 0.39,20% to 39%,37,blue-collar,married,high.school,cellular,nov,1,0,nonexistent,0,0,0,0,0,0,0
test_003507,test,0,Did Not Subscribe,0.30810264,3081,30.81%,1918,0.513575234712002,0,Not Recommended,0.20 to 0.39,20% to 39%,36,blue-collar,married,basic.6y,cellular,may,5,0,nonexistent,0,0,0,0,0,0,0
test_000598,test,0,Did Not Subscribe,0.30807567,3081,30.81%,1919,0.5133214920071048,0,Not Recommended,0.20 to 0.39,20% to 39%,31,admin.,single,university.degree,cellular,aug,2,0,nonexistent,0,0,0,0,0,0,0
test_001732,test,0,Did Not Subscribe,0.3079622,3080,30.80%,1920,0.5130677493022076,0,Not Recommended,0.20 to 0.39,20% to 39%,45,entrepreneur,married,high.school,telephone,jun,2,0,nonexistent,0,0,0,0,0,0,0
test_002781,test,0,Did Not Subscribe,0.3079517,3080,30.80%,1921,0.5128140065973104,0,Not Recommended,0.20 to 0.39,20% to 39%,43,blue-collar,divorced,basic.4y,cellular,jul,2,0,nonexistent,0,0,0,0,0,0,0
test_001283,test,0,Did Not Subscribe,0.30791268,3079,30.79%,1922,0.5125602638924132,0,Not Recommended,0.20 to 0.39,20% to 39%,40,entrepreneur,married,basic.9y,telephone,jun,3,0,nonexistent,0,0,0,0,0,0,0
test_002234,test,0,Did Not Subscribe,0.30783227,3078,30.78%,1923,0.5123065211875159,0,Not Recommended,0.20 to 0.39,20% to 39%,47,admin.,married,high.school,cellular,jul,2,0,nonexistent,0,0,0,0,0,0,0
test_000071,test,0,Did Not Subscribe,0.3076904,3077,30.77%,1924,0.5120527784826185,0,Not Recommended,0.20 to 0.39,20% to 39%,48,blue-collar,married,professional.course,cellular,nov,1,0,nonexistent,0,0,0,0,0,0,0
test_000516,test,0,Did Not Subscribe,0.30745718,3075,30.75%,1925,0.5117990357777213,0,Not Recommended,0.20 to 0.39,20% to 39%,35,unemployed,married,basic.4y,cellular,nov,1,0,nonexistent,0,0,0,0,0,0,0
test_003872,test,0,Did Not Subscribe,0.3074023,3074,30.74%,1926,0.5115452930728241,0,Not Recommended,0.20 to 0.39,20% to 39%,25,student,single,high.school,telephone,may,1,0,nonexistent,0,0,0,0,0,0,0
test_002440,test,0,Did Not Subscribe,0.30739447,3074,30.74%,1927,0.511291550367927,0,Not Recommended,0.20 to 0.39,20% to 39%,40,self-employed,married,university.degree,cellular,aug,3,0,nonexistent,0,0,0,0,0,0,0
test_002465,test,0,Did Not Subscribe,0.3073074,3073,30.73%,1928,0.5110378076630298,0,Not Recommended,0.20 to 0.39,20% to 39%,46,management,married,university.degree,cellular,nov,2,0,nonexistent,0,0,0,0,0,0,0
test_000877,test,0,Did Not Subscribe,0.30698988,3070,30.70%,1929,0.5107840649581324,0,Not Recommended,0.20 to 0.39,20% to 39%,45,blue-collar,divorced,professional.course,cellular,jul,1,0,nonexistent,0,0,0,0,0,0,0
test_001476,test,0,Did Not Subscribe,0.30698535,3070,30.70%,1930,0.5105303222532352,0,Not Recommended,0.20 to 0.39,20% to 39%,42,management,divorced,university.degree,cellular,jul,3,0,nonexistent,0,0,0,0,0,0,0
test_003562,test,0,Did Not Subscribe,0.3068668,3069,30.69%,1931,0.5102765795483379,0,Not Recommended,0.20 to 0.39,20% to 39%,35,technician,single,basic.6y,telephone,may,2,0,nonexistent,0,0,0,0,0,0,0
test_000305,test,0,Did Not Subscribe,0.30663788,3066,30.66%,1932,0.5100228368434407,0,Not Recommended,0.20 to 0.39,20% to 39%,48,blue-collar,married,basic.9y,cellular,aug,3,0,nonexistent,0,0,0,0,0,0,0
test_000366,test,0,Did Not Subscribe,0.3066175,3066,30.66%,1933,0.5097690941385435,0,Not Recommended,0.20 to 0.39,20% to 39%,39,blue-collar,married,unknown,cellular,jul,3,0,nonexistent,0,0,0,0,0,0,0
test_000815,test,0,Did Not Subscribe,0.30654714,3065,30.65%,1934,0.5095153514336463,0,Not Recommended,0.20 to 0.39,20% to 39%,39,technician,divorced,professional.course,cellular,aug,1,0,nonexistent,0,0,0,0,0,0,0
test_003390,test,0,Did Not Subscribe,0.3063939,3064,30.64%,1935,0.509261608728749,0,Not Recommended,0.20 to 0.39,20% to 39%,25,technician,single,university.degree,telephone,jun,2,0,nonexistent,0,0,0,0,0,0,0
test_002678,test,0,Did Not Subscribe,0.30633667,3063,30.63%,1936,0.5090078660238518,0,Not Recommended,0.20 to 0.39,20% to 39%,51,services,single,basic.6y,cellular,jul,1,0,nonexistent,0,0,0,0,0,0,0
test_002106,test,0,Did Not Subscribe,0.30621532,3062,30.62%,1937,0.5087541233189545,0,Not Recommended,0.20 to 0.39,20% to 39%,57,retired,married,professional.course,cellular,aug,1,0,nonexistent,0,0,0,0,0,0,0
test_000501,test,0,Did Not Subscribe,0.30603486,3060,30.60%,1938,0.5085003806140573,0,Not Recommended,0.20 to 0.39,20% to 39%,30,blue-collar,married,basic.9y,telephone,jun,3,0,nonexistent,0,0,0,0,0,0,0
test_000515,test,0,Did Not Subscribe,0.306006,3060,30.60%,1939,0.5082466379091601,0,Not Recommended,0.20 to 0.39,20% to 39%,32,technician,single,university.degree,cellular,aug,1,0,nonexistent,0,0,0,0,0,0,0
test_002359,test,0,Did Not Subscribe,0.30594164,3059,30.59%,1940,0.5079928952042629,0,Not Recommended,0.20 to 0.39,20% to 39%,40,services,married,high.school,cellular,apr,3,1,failure,0,0,0,0,0,0,0
test_000599,test,0,Did Not Subscribe,0.3059323,3059,30.59%,1941,0.5077391524993656,0,Not Recommended,0.20 to 0.39,20% to 39%,42,management,married,university.degree,telephone,jun,8,0,nonexistent,0,0,0,0,0,0,0
test_002605,test,0,Did Not Subscribe,0.30586708,3059,30.59%,1942,0.5074854097944684,0,Not Recommended,0.20 to 0.39,20% to 39%,37,admin.,married,university.degree,cellular,aug,2,0,nonexistent,0,0,0,0,0,0,0
test_003500,test,0,Did Not Subscribe,0.30573297,3057,30.57%,1943,0.5072316670895711,0,Not Recommended,0.20 to 0.39,20% to 39%,44,blue-collar,married,basic.6y,cellular,aug,2,0,nonexistent,0,0,0,0,0,0,0
test_002041,test,0,Did Not Subscribe,0.30554128,3055,30.55%,1944,0.5069779243846739,0,Not Recommended,0.20 to 0.39,20% to 39%,31,technician,married,university.degree,cellular,may,3,1,failure,0,0,0,0,0,0,0
test_001730,test,0,Did Not Subscribe,0.30537722,3054,30.54%,1945,0.5067241816797767,0,Not Recommended,0.20 to 0.39,20% to 39%,46,admin.,married,high.school,cellular,may,1,1,failure,0,0,0,0,0,0,0
test_002312,test,0,Did Not Subscribe,0.3053293,3053,30.53%,1946,0.5064704389748795,0,Not Recommended,0.20 to 0.39,20% to 39%,60,retired,divorced,basic.4y,telephone,jun,1,0,nonexistent,0,0,0,0,0,0,0
test_001323,test,1,Subscribed,0.30532843,3053,30.53%,1947,0.5062166962699822,0,Not Recommended,0.20 to 0.39,20% to 39%,30,technician,single,high.school,cellular,aug,4,0,nonexistent,0,0,0,0,0,0,0
test_001483,test,0,Did Not Subscribe,0.30532706,3053,30.53%,1948,0.505962953565085,0,Not Recommended,0.20 to 0.39,20% to 39%,36,blue-collar,single,basic.9y,telephone,nov,2,0,nonexistent,0,0,0,0,0,0,0
test_000702,test,0,Did Not Subscribe,0.30527723,3053,30.53%,1949,0.5057092108601877,0,Not Recommended,0.20 to 0.39,20% to 39%,43,blue-collar,married,basic.9y,cellular,may,1,0,nonexistent,0,0,0,0,0,0,0
test_002857,test,0,Did Not Subscribe,0.30522648,3052,30.52%,1950,0.5054554681552905,0,Not Recommended,0.20 to 0.39,20% to 39%,53,technician,divorced,high.school,cellular,jul,4,0,nonexistent,0,0,0,0,0,0,0
test_001511,test,0,Did Not Subscribe,0.30521995,3052,30.52%,1951,0.5052017254503933,0,Not Recommended,0.20 to 0.39,20% to 39%,41,technician,married,professional.course,cellular,aug,1,0,nonexistent,0,0,0,0,0,0,0
test_000591,test,0,Did Not Subscribe,0.30511197,3051,30.51%,1952,0.5049479827454961,0,Not Recommended,0.20 to 0.39,20% to 39%,35,services,married,high.school,cellular,may,1,0,nonexistent,0,0,0,0,0,0,0
test_002186,test,0,Did Not Subscribe,0.30510902,3051,30.51%,1953,0.5046942400405988,0,Not Recommended,0.20 to 0.39,20% to 39%,39,services,single,high.school,cellular,may,1,1,failure,0,0,0,0,0,0,0
test_000832,test,0,Did Not Subscribe,0.3049898,3050,30.50%,1954,0.5044404973357016,0,Not Recommended,0.20 to 0.39,20% to 39%,42,services,married,high.school,telephone,jul,1,0,nonexistent,0,0,0,0,0,0,0
test_001090,test,0,Did Not Subscribe,0.3049787,3050,30.50%,1955,0.5041867546308043,0,Not Recommended,0.20 to 0.39,20% to 39%,41,technician,married,professional.course,cellular,apr,3,1,failure,0,0,0,0,0,0,0
test_003802,test,1,Subscribed,0.3045918,3046,30.46%,1956,0.5039330119259071,0,Not Recommended,0.20 to 0.39,20% to 39%,46,admin.,married,high.school,cellular,aug,2,0,nonexistent,0,0,0,0,0,0,0
test_002365,test,0,Did Not Subscribe,0.30454946,3045,30.45%,1957,0.5036792692210099,0,Not Recommended,0.20 to 0.39,20% to 39%,42,blue-collar,single,basic.4y,cellular,may,3,0,nonexistent,0,0,0,0,0,0,0
test_002964,test,0,Did Not Subscribe,0.30452183,3045,30.45%,1958,0.5034255265161127,0,Not Recommended,0.20 to 0.39,20% to 39%,34,blue-collar,married,basic.6y,telephone,jun,3,0,nonexistent,0,0,0,0,0,0,0
test_002814,test,0,Did Not Subscribe,0.30445984,3045,30.45%,1959,0.5031717838112154,0,Not Recommended,0.20 to 0.39,20% to 39%,45,blue-collar,married,basic.6y,cellular,aug,8,0,nonexistent,0,0,0,0,0,0,0
test_003348,test,0,Did Not Subscribe,0.3043433,3043,30.43%,1960,0.5029180411063182,0,Not Recommended,0.20 to 0.39,20% to 39%,48,services,married,high.school,cellular,jul,6,0,nonexistent,0,0,0,0,0,0,0
test_000225,test,0,Did Not Subscribe,0.30409518,3041,30.41%,1961,0.5026642984014209,0,Not Recommended,0.20 to 0.39,20% to 39%,35,self-employed,single,basic.6y,telephone,may,2,0,nonexistent,0,0,0,0,0,0,0
test_002288,test,0,Did Not Subscribe,0.30404985,3040,30.40%,1962,0.5024105556965237,0,Not Recommended,0.20 to 0.39,20% to 39%,30,blue-collar,single,basic.9y,telephone,jun,8,0,nonexistent,0,0,0,0,0,0,0
test_001330,test,0,Did Not Subscribe,0.30395198,3040,30.40%,1963,0.5021568129916265,0,Not Recommended,0.20 to 0.39,20% to 39%,58,blue-collar,unknown,basic.9y,telephone,jun,6,0,nonexistent,0,0,0,0,0,0,0
test_003038,test,0,Did Not Subscribe,0.30394858,3039,30.39%,1964,0.5019030702867293,0,Not Recommended,0.20 to 0.39,20% to 39%,48,technician,married,high.school,cellular,aug,3,0,nonexistent,0,0,0,0,0,0,0
test_000411,test,0,Did Not Subscribe,0.30391824,3039,30.39%,1965,0.501649327581832,0,Not Recommended,0.20 to 0.39,20% to 39%,55,blue-collar,married,basic.4y,cellular,jul,1,0,nonexistent,0,0,0,0,0,0,0
test_003167,test,0,Did Not Subscribe,0.30383244,3038,30.38%,1966,0.5013955848769348,0,Not Recommended,0.20 to 0.39,20% to 39%,30,technician,married,high.school,cellular,aug,2,0,nonexistent,0,0,0,0,0,0,0
test_003813,test,0,Did Not Subscribe,0.303806,3038,30.38%,1967,0.5011418421720375,0,Not Recommended,0.20 to 0.39,20% to 39%,24,services,single,high.school,telephone,may,1,0,nonexistent,0,0,0,0,0,0,0
test_002549,test,0,Did Not Subscribe,0.30380315,3038,30.38%,1968,0.5008880994671403,0,Not Recommended,0.20 to 0.39,20% to 39%,30,technician,married,professional.course,telephone,may,1,0,nonexistent,0,0,0,0,0,0,0
test_000185,test,0,Did Not Subscribe,0.30378205,3038,30.38%,1969,0.5006343567622431,0,Not Recommended,0.20 to 0.39,20% to 39%,30,technician,single,professional.course,cellular,aug,4,0,nonexistent,0,0,0,0,0,0,0
test_002963,test,0,Did Not Subscribe,0.3036725,3037,30.37%,1970,0.5003806140573459,0,Not Recommended,0.20 to 0.39,20% to 39%,49,blue-collar,married,basic.9y,cellular,nov,1,0,nonexistent,0,0,0,0,0,0,0
test_003444,test,0,Did Not Subscribe,0.303452,3035,30.35%,1971,0.5001268713524486,0,Not Recommended,0.20 to 0.39,20% to 39%,38,admin.,married,basic.9y,cellular,nov,2,0,nonexistent,0,0,0,0,0,0,0
test_000400,test,0,Did Not Subscribe,0.30338454,3034,30.34%,1972,0.4998731286475514,0,Not Recommended,0.20 to 0.39,20% to 39%,42,blue-collar,married,university.degree,cellular,may,1,0,nonexistent,0,0,0,0,0,0,0
test_003938,test,0,Did Not Subscribe,0.30328515,3033,30.33%,1973,0.4996193859426542,0,Not Recommended,0.20 to 0.39,20% to 39%,46,admin.,married,basic.9y,cellular,aug,6,0,nonexistent,0,0,0,0,0,0,0
test_000628,test,0,Did Not Subscribe,0.30317238,3032,30.32%,1974,0.4993656432377569,0,Not Recommended,0.20 to 0.39,20% to 39%,51,management,married,high.school,cellular,may,1,0,nonexistent,0,0,0,0,0,0,0
test_002997,test,0,Did Not Subscribe,0.30313322,3031,30.31%,1975,0.4991119005328597,0,Not Recommended,0.20 to 0.39,20% to 39%,31,admin.,single,university.degree,cellular,aug,2,0,nonexistent,0,0,0,0,0,0,0
test_002569,test,0,Did Not Subscribe,0.30307698,3031,30.31%,1976,0.4988581578279625,0,Not Recommended,0.20 to 0.39,20% to 39%,29,technician,single,professional.course,cellular,aug,4,0,nonexistent,0,0,0,0,0,0,0
test_001555,test,0,Did Not Subscribe,0.3030435,3030,30.30%,1977,0.4986044151230652,0,Not Recommended,0.20 to 0.39,20% to 39%,43,management,married,university.degree,cellular,jul,2,0,nonexistent,0,0,0,0,0,0,0
test_000994,test,0,Did Not Subscribe,0.30295354,3030,30.30%,1978,0.498350672418168,0,Not Recommended,0.20 to 0.39,20% to 39%,60,self-employed,married,university.degree,cellular,aug,1,0,nonexistent,0,0,0,0,0,0,0
test_003682,test,0,Did Not Subscribe,0.30294305,3029,30.29%,1979,0.4980969297132708,0,Not Recommended,0.20 to 0.39,20% to 39%,38,blue-collar,single,university.degree,telephone,may,1,0,nonexistent,0,0,0,0,0,0,0
test_000717,test,0,Did Not Subscribe,0.30284348,3028,30.28%,1980,0.4978431870083735,0,Not Recommended,0.20 to 0.39,20% to 39%,30,admin.,single,university.degree,telephone,jul,3,0,nonexistent,0,0,0,0,0,0,0
test_002871,test,0,Did Not Subscribe,0.30283657,3028,30.28%,1981,0.4975894443034763,0,Not Recommended,0.20 to 0.39,20% to 39%,35,blue-collar,married,basic.9y,telephone,jun,1,0,nonexistent,0,0,0,0,0,0,0
test_002543,test,0,Did Not Subscribe,0.30282,3028,30.28%,1982,0.4973357015985791,0,Not Recommended,0.20 to 0.39,20% to 39%,38,blue-collar,married,basic.6y,telephone,jun,2,0,nonexistent,0,0,0,0,0,0,0
test_001899,test,0,Did Not Subscribe,0.30264997,3026,30.26%,1983,0.4970819588936818,0,Not Recommended,0.20 to 0.39,20% to 39%,33,housemaid,married,basic.9y,cellular,aug,1,0,nonexistent,0,0,0,0,0,0,0
test_002681,test,0,Did Not Subscribe,0.30262142,3026,30.26%,1984,0.4968282161887846,0,Not Recommended,0.20 to 0.39,20% to 39%,29,technician,single,professional.course,cellular,aug,6,0,nonexistent,0,0,0,0,0,0,0
test_000906,test,0,Did Not Subscribe,0.3026203,3026,30.26%,1985,0.4965744734838874,0,Not Recommended,0.20 to 0.39,20% to 39%,33,unemployed,single,university.degree,cellular,aug,2,0,nonexistent,0,0,0,0,0,0,0
test_000066,test,0,Did Not Subscribe,0.30258027,3026,30.26%,1986,0.4963207307789901,0,Not Recommended,0.20 to 0.39,20% to 39%,33,blue-collar,married,basic.4y,cellular,may,1,0,nonexistent,0,0,0,0,0,0,0
test_001101,test,0,Did Not Subscribe,0.3024618,3025,30.25%,1987,0.4960669880740929,0,Not Recommended,0.20 to 0.39,20% to 39%,31,management,married,university.degree,cellular,may,1,1,failure,0,0,0,0,0,0,0
test_003346,test,0,Did Not Subscribe,0.30227607,3023,30.23%,1988,0.4958132453691957,0,Not Recommended,0.20 to 0.39,20% to 39%,47,admin.,single,university.degree,cellular,jul,1,0,nonexistent,0,0,0,0,0,0,0
test_002758,test,0,Did Not Subscribe,0.30225244,3023,30.23%,1989,0.4955595026642984,0,Not Recommended,0.20 to 0.39,20% to 39%,50,management,married,university.degree,cellular,aug,2,0,nonexistent,0,0,0,0,0,0,0
test_003798,test,0,Did Not Subscribe,0.30213517,3021,30.21%,1990,0.4953057599594012,0,Not Recommended,0.20 to 0.39,20% to 39%,55,services,married,basic.4y,cellular,aug,2,0,nonexistent,0,0,0,0,0,0,0
test_002796,test,0,Did Not Subscribe,0.30212158,3021,30.21%,1991,0.495052017254504,0,Not Recommended,0.20 to 0.39,20% to 39%,37,admin.,married,high.school,cellular,may,1,0,nonexistent,0,0,0,0,0,0,0
test_001200,test,0,Did Not Subscribe,0.302081,3021,30.21%,1992,0.4947982745496067,0,Not Recommended,0.20 to 0.39,20% to 39%,59,entrepreneur,married,university.degree,telephone,jun,1,0,nonexistent,0,0,0,0,0,0,0
test_000866,test,0,Did Not Subscribe,0.30196533,3020,30.20%,1993,0.4945445318447095,0,Not Recommended,0.20 to 0.39,20% to 39%,51,blue-collar,married,basic.9y,cellular,jul,1,0,nonexistent,0,0,0,0,0,0,0
test_003705,test,0,Did Not Subscribe,0.3019258,3019,30.19%,1994,0.4942907891398123,0,Not Recommended,0.20 to 0.39,20% to 39%,46,admin.,married,university.degree,cellular,aug,9,0,nonexistent,0,0,0,0,0,0,0
test_000005,test,0,Did Not Subscribe,0.30179822,3018,30.18%,1995,0.494037046434915,0,Not Recommended,0.20 to 0.39,20% to 39%,35,services,married,high.school,cellular,apr,1,0,nonexistent,0,0,0,0,0,0,0
test_003519,test,0,Did Not Subscribe,0.30175278,3018,30.18%,1996,0.4937833037300178,0,Not Recommended,0.20 to 0.39,20% to 39%,32,blue-collar,married,basic.4y,cellular,jul,2,0,nonexistent,0,0,0,0,0,0,0
test_001270,test,0,Did Not Subscribe,0.30163,3016,30.16%,1997,0.4935295610251206,0,Not Recommended,0.20 to 0.39,20% to 39%,31,blue-collar,married,basic.6y,telephone,may,2,0,nonexistent,0,0,0,0,0,0,0
test_001479,test,1,Subscribed,0.30142757,3014,30.14%,1998,0.4932758183202232,0,Not Recommended,0.20 to 0.39,20% to 39%,34,management,divorced,university.degree,cellular,nov,2,0,nonexistent,0,0,0,0,0,0,0
test_000492,test,0,Did Not Subscribe,0.3014224,3014,30.14%,1999,0.493022075615326,0,Not Recommended,0.20 to 0.39,20% to 39%,33,blue-collar,married,basic.6y,telephone,may,2,0,nonexistent,0,0,0,0,0,0,0
test_000427,test,0,Did Not Subscribe,0.30133313,3013,30.13%,2000,0.4927683329104289,0,Not Recommended,0.20 to 0.39,20% to 39%,45,services,married,professional.course,cellular,aug,11,0,nonexistent,0,0,0,0,0,0,0
test_000903,test,0,Did Not Subscribe,0.30108362,3011,30.11%,2001,0.4925145902055315,0,Not Recommended,0.20 to 0.39,20% to 39%,54,unemployed,married,university.degree,cellular,jul,2,0,nonexistent,0,0,0,0,0,0,0
test_002886,test,1,Subscribed,0.30096284,3010,30.10%,2002,0.4922608475006343,0,Not Recommended,0.20 to 0.39,20% to 39%,35,technician,single,high.school,cellular,nov,3,0,nonexistent,0,0,0,0,0,0,0
test_000052,test,0,Did Not Subscribe,0.30090138,3009,30.09%,2003,0.4920071047957371,0,Not Recommended,0.20 to 0.39,20% to 39%,29,admin.,married,high.school,telephone,jun,2,0,nonexistent,0,0,0,0,0,0,0
test_000003,test,0,Did Not Subscribe,0.30078834,3008,30.08%,2004,0.4917533620908398,0,Not Recommended,0.20 to 0.39,20% to 39%,28,self-employed,married,university.degree,telephone,nov,1,1,failure,0,0,0,0,0,0,0
test_002766,test,0,Did Not Subscribe,0.30067462,3007,30.07%,2005,0.4914996193859426,0,Not Recommended,0.20 to 0.39,20% to 39%,51,blue-collar,divorced,basic.9y,cellular,jul,7,0,nonexistent,0,0,0,0,0,0,0
test_003422,test,0,Did Not Subscribe,0.3005977,3006,30.06%,2006,0.4912458766810454,0,Not Recommended,0.20 to 0.39,20% to 39%,37,admin.,single,university.degree,cellular,aug,2,0,nonexistent,0,0,0,0,0,0,0
test_000721,test,0,Did Not Subscribe,0.30053946,3005,30.05%,2007,0.4909921339761481,0,Not Recommended,0.20 to 0.39,20% to 39%,34,admin.,married,university.degree,telephone,may,4,0,nonexistent,0,0,0,0,0,0,0
test_000163,test,0,Did Not Subscribe,0.30049288,3005,30.05%,2008,0.4907383912712509,0,Not Recommended,0.20 to 0.39,20% to 39%,33,blue-collar,married,basic.9y,telephone,may,1,0,nonexistent,0,0,0,0,0,0,0
test_000636,test,0,Did Not Subscribe,0.2999944,3000,30.00%,2009,0.4904846485663537,0,Not Recommended,0.20 to 0.39,20% to 39%,39,services,married,basic.9y,cellular,nov,1,0,nonexistent,0,0,0,0,0,0,0
test_003490,test,0,Did Not Subscribe,0.29995647,3000,30.00%,2010,0.4902309058614564,0,Not Recommended,0.20 to 0.39,20% to 39%,29,admin.,single,university.degree,telephone,jul,1,0,nonexistent,0,0,0,0,0,0,0
test_002706,test,0,Did Not Subscribe,0.29991332,2999,29.99%,2011,0.4899771631565592,0,Not Recommended,0.20 to 0.39,20% to 39%,30,admin.,single,high.school,cellular,may,7,0,nonexistent,0,0,0,0,0,0,0
test_001700,test,0,Did Not Subscribe,0.2998268,2998,29.98%,2012,0.489723420451662,0,Not Recommended,0.20 to 0.39,20% to 39%,57,technician,married,professional.course,cellular,nov,4,0,nonexistent,0,0,0,0,0,0,0
test_000783,test,0,Did Not Subscribe,0.299652,2997,29.97%,2013,0.4894696777467647,0,Not Recommended,0.20 to 0.39,20% to 39%,51,entrepreneur,married,university.degree,telephone,jun,1,0,nonexistent,0,0,0,0,0,0,0
test_001710,test,0,Did Not Subscribe,0.29943442,2994,29.94%,2014,0.4892159350418675,0,Not Recommended,0.20 to 0.39,20% to 39%,41,technician,married,professional.course,cellular,aug,7,0,nonexistent,0,0,0,0,0,0,0
test_000586,test,0,Did Not Subscribe,0.29930744,2993,29.93%,2015,0.4889621923369703,0,Not Recommended,0.20 to 0.39,20% to 39%,31,management,single,university.degree,telephone,nov,3,0,nonexistent,0,0,0,0,0,0,0
test_001104,test,0,Did Not Subscribe,0.2992165,2992,29.92%,2016,0.488708449632073,0,Not Recommended,0.20 to 0.39,20% to 39%,42,admin.,married,university.degree,telephone,aug,2,0,nonexistent,0,0,0,0,0,0,0
test_000423,test,0,Did Not Subscribe,0.2991081,2991,29.91%,2017,0.4884547069271758,0,Not Recommended,0.20 to 0.39,20% to 39%,26,blue-collar,married,basic.9y,cellular,may,8,0,nonexistent,0,0,0,0,0,0,0
test_000772,test,0,Did Not Subscribe,0.29904076,2990,29.90%,2018,0.4882009642222786,0,Not Recommended,0.20 to 0.39,20% to 39%,50,unemployed,married,professional.course,cellular,aug,1,0,nonexistent,0,0,0,0,0,0,0
test_002568,test,0,Did Not Subscribe,0.29882875,2988,29.88%,2019,0.4879472215173813,0,Not Recommended,0.20 to 0.39,20% to 39%,44,admin.,married,university.degree,cellular,nov,2,0,nonexistent,0,0,0,0,0,0,0
test_000297,test,0,Did Not Subscribe,0.29873532,2987,29.87%,2020,0.4876934788124841,0,Not Recommended,0.20 to 0.39,20% to 39%,47,admin.,divorced,university.degree,cellular,jul,1,0,nonexistent,0,0,0,0,0,0,0
test_001552,test,0,Did Not Subscribe,0.29872915,2987,29.87%,2021,0.4874397361075869,0,Not Recommended,0.20 to 0.39,20% to 39%,48,blue-collar,married,basic.4y,cellular,aug,1,0,nonexistent,0,0,0,0,0,0,0
test_000539,test,0,Did Not Subscribe,0.29869908,2987,29.87%,2022,0.4871859934026896,0,Not Recommended,0.20 to 0.39,20% to 39%,39,blue-collar,married,basic.6y,telephone,jun,2,0,nonexistent,0,0,0,0,0,0,0
test_003108,test,0,Did Not Subscribe,0.29833403,2983,29.83%,2023,0.4869322506977924,0,Not Recommended,0.20 to 0.39,20% to 39%,29,admin.,married,university.degree,telephone,jun,7,0,nonexistent,0,0,0,0,0,0,0
test_001373,test,0,Did Not Subscribe,0.29830316,2983,29.83%,2024,0.4866785079928952,0,Not Recommended,0.20 to 0.39,20% to 39%,58,blue-collar,married,basic.9y,cellular,aug,3,0,nonexistent,0,0,0,0,0,0,0
test_000217,test,0,Did Not Subscribe,0.29820028,2982,29.82%,2025,0.4864247652879979,0,Not Recommended,0.20 to 0.39,20% to 39%,51,blue-collar,married,basic.9y,cellular,jul,1,0,nonexistent,0,0,0,0,0,0,0
test_003053,test,0,Did Not Subscribe,0.29811135,2981,29.81%,2026,0.4861710225831007,0,Not Recommended,0.20 to 0.39,20% to 39%,46,blue-collar,married,basic.6y,telephone,jun,2,0,nonexistent,0,0,0,0,0,0,0
test_002595,test,0,Did Not Subscribe,0.29803288,2980,29.80%,2027,0.4859172798782035,0,Not Recommended,0.20 to 0.39,20% to 39%,49,admin.,married,university.degree,cellular,aug,3,0,nonexistent,0,0,0,0,0,0,0
test_002862,test,0,Did Not Subscribe,0.29799137,2980,29.80%,2028,0.4856635371733062,0,Not Recommended,0.20 to 0.39,20% to 39%,33,admin.,single,high.school,cellular,may,9,1,failure,0,0,0,0,0,0,0
test_001139,test,0,Did Not Subscribe,0.29794252,2979,29.79%,2029,0.485409794468409,0,Not Recommended,0.20 to 0.39,20% to 39%,39,admin.,single,university.degree,cellular,aug,1,0,nonexistent,0,0,0,0,0,0,0
test_002863,test,0,Did Not Subscribe,0.29776838,2978,29.78%,2030,0.4851560517635118,0,Not Recommended,0.20 to 0.39,20% to 39%,58,retired,married,professional.course,telephone,jun,5,0,nonexistent,0,0,0,0,0,0,0
test_002750,test,0,Did Not Subscribe,0.29775825,2978,29.78%,2031,0.4849023090586145,0,Not Recommended,0.20 to 0.39,20% to 39%,52,technician,married,high.school,cellular,aug,2,0,nonexistent,0,0,0,0,0,0,0
test_001429,test,0,Did Not Subscribe,0.2977411,2977,29.77%,2032,0.4846485663537173,0,Not Recommended,0.20 to 0.39,20% to 39%,43,management,married,university.degree,telephone,jun,3,0,nonexistent,0,0,0,0,0,0,0
test_000089,test,0,Did Not Subscribe,0.29769114,2977,29.77%,2033,0.4843948236488201,0,Not Recommended,0.20 to 0.39,20% to 39%,32,admin.,married,university.degree,cellular,aug,2,0,nonexistent,0,0,0,0,0,0,0
test_003437,test,0,Did Not Subscribe,0.29763082,2976,29.76%,2034,0.4841410809439228,0,Not Recommended,0.20 to 0.39,20% to 39%,34,admin.,married,university.degree,cellular,aug,11,0,nonexistent,0,0,0,0,0,0,0
test_001675,test,0,Did Not Subscribe,0.2976067,2976,29.76%,2035,0.4838873382390256,0,Not Recommended,0.20 to 0.39,20% to 39%,53,services,married,high.school,cellular,jul,3,0,nonexistent,0,0,0,0,0,0,0
test_002292,test,0,Did Not Subscribe,0.2975976,2976,29.76%,2036,0.4836335955341284,0,Not Recommended,0.20 to 0.39,20% to 39%,48,admin.,married,high.school,cellular,jul,6,0,nonexistent,0,0,0,0,0,0,0
test_001857,test,0,Did Not Subscribe,0.2975495,2975,29.75%,2037,0.4833798528292311,0,Not Recommended,0.20 to 0.39,20% to 39%,30,admin.,married,university.degree,cellular,aug,1,0,nonexistent,0,0,0,0,0,0,0
test_003700,test,0,Did Not Subscribe,0.29735023,2974,29.74%,2038,0.4831261101243339,0,Not Recommended,0.20 to 0.39,20% to 39%,36,blue-collar,married,basic.9y,telephone,jun,6,0,nonexistent,0,0,0,0,0,0,0
test_002530,test,0,Did Not Subscribe,0.29733947,2973,29.73%,2039,0.4828723674194367,0,Not Recommended,0.20 to 0.39,20% to 39%,51,technician,married,high.school,cellular,jul,4,0,nonexistent,0,0,0,0,0,0,0
test_003620,test,1,Subscribed,0.29713076,2971,29.71%,2040,0.4826186247145394,0,Not Recommended,0.20 to 0.39,20% to 39%,41,blue-collar,married,basic.9y,cellular,apr,3,1,failure,0,0,0,0,0,0,0
test_003266,test,0,Did Not Subscribe,0.29692173,2969,29.69%,2041,0.4823648820096422,0,Not Recommended,0.20 to 0.39,20% to 39%,51,technician,married,professional.course,cellular,aug,2,0,nonexistent,0,0,0,0,0,0,0
test_003914,test,0,Did Not Subscribe,0.29689434,2969,29.69%,2042,0.482111139304745,0,Not Recommended,0.20 to 0.39,20% to 39%,31,technician,married,university.degree,cellular,aug,3,0,nonexistent,0,0,0,0,0,0,0
test_003639,test,0,Did Not Subscribe,0.29671523,2967,29.67%,2043,0.4818573965998477,0,Not Recommended,0.20 to 0.39,20% to 39%,34,technician,single,university.degree,telephone,aug,2,0,nonexistent,0,0,0,0,0,0,0
test_003180,test,0,Did Not Subscribe,0.29669276,2967,29.67%,2044,0.4816036538949505,0,Not Recommended,0.20 to 0.39,20% to 39%,43,technician,married,university.degree,cellular,nov,2,0,nonexistent,0,0,0,0,0,0,0
test_001944,test,0,Did Not Subscribe,0.2966792,2967,29.67%,2045,0.4813499111900533,0,Not Recommended,0.20 to 0.39,20% to 39%,45,admin.,married,university.degree,cellular,aug,1,0,nonexistent,0,0,0,0,0,0,0
test_002692,test,0,Did Not Subscribe,0.29667222,2967,29.67%,2046,0.481096168485156,0,Not Recommended,0.20 to 0.39,20% to 39%,38,unemployed,single,university.degree,cellular,aug,6,0,nonexistent,0,0,0,0,0,0,0
test_002804,test,0,Did Not Subscribe,0.29657504,2966,29.66%,2047,0.4808424257802588,0,Not Recommended,0.20 to 0.39,20% to 39%,41,technician,married,university.degree,cellular,nov,2,0,nonexistent,0,0,0,0,0,0,0
test_001177,test,0,Did Not Subscribe,0.2965565,2966,29.66%,2048,0.4805886830753616,0,Not Recommended,0.20 to 0.39,20% to 39%,58,blue-collar,married,high.school,telephone,jun,3,0,nonexistent,0,0,0,0,0,0,0
test_000997,test,0,Did Not Subscribe,0.2962649,2963,29.63%,2049,0.4803349403704643,0,Not Recommended,0.20 to 0.39,20% to 39%,35,admin.,married,university.degree,cellular,aug,4,0,nonexistent,0,0,0,0,0,0,0
test_003629,test,0,Did Not Subscribe,0.29625925,2963,29.63%,2050,0.4800811976655671,0,Not Recommended,0.20 to 0.39,20% to 39%,41,blue-collar,married,basic.4y,cellular,jul,2,0,nonexistent,0,0,0,0,0,0,0
test_003268,test,0,Did Not Subscribe,0.29625162,2963,29.63%,2051,0.4798274549606699,0,Not Recommended,0.20 to 0.39,20% to 39%,30,technician,married,university.degree,telephone,jun,6,0,nonexistent,0,0,0,0,0,0,0
test_003257,test,0,Did Not Subscribe,0.2962432,2962,29.62%,2052,0.4795737122557726,0,Not Recommended,0.20 to 0.39,20% to 39%,51,technician,divorced,professional.course,cellular,aug,3,0,nonexistent,0,0,0,0,0,0,0
test_001232,test,0,Did Not Subscribe,0.29623118,2962,29.62%,2053,0.4793199695508754,0,Not Recommended,0.20 to 0.39,20% to 39%,31,admin.,single,university.degree,cellular,aug,7,0,nonexistent,0,0,0,0,0,0,0
test_001009,test,0,Did Not Subscribe,0.29619187,2962,29.62%,2054,0.4790662268459782,0,Not Recommended,0.20 to 0.39,20% to 39%,43,admin.,married,university.degree,cellular,aug,6,0,nonexistent,0,0,0,0,0,0,0
test_001236,test,0,Did Not Subscribe,0.296104,2961,29.61%,2055,0.4788124841410809,0,Not Recommended,0.20 to 0.39,20% to 39%,35,self-employed,married,university.degree,cellular,nov,3,0,nonexistent,0,0,0,0,0,0,0
test_001356,test,0,Did Not Subscribe,0.2960726,2961,29.61%,2056,0.4785587414361837,0,Not Recommended,0.20 to 0.39,20% to 39%,52,blue-collar,married,basic.9y,cellular,aug,2,0,nonexistent,0,0,0,0,0,0,0
test_001202,test,0,Did Not Subscribe,0.29606813,2961,29.61%,2057,0.4783049987312865,0,Not Recommended,0.20 to 0.39,20% to 39%,38,admin.,single,university.degree,cellular,aug,2,0,nonexistent,0,0,0,0,0,0,0
test_001345,test,0,Did Not Subscribe,0.29602817,2960,29.60%,2058,0.4780512560263892,0,Not Recommended,0.20 to 0.39,20% to 39%,32,technician,married,professional.course,cellular,may,2,1,failure,0,0,0,0,0,0,0
test_001632,test,0,Did Not Subscribe,0.295914,2959,29.59%,2059,0.477797513321492,0,Not Recommended,0.20 to 0.39,20% to 39%,31,admin.,married,university.degree,cellular,aug,4,0,nonexistent,0,0,0,0,0,0,0
test_001062,test,0,Did Not Subscribe,0.29586226,2959,29.59%,2060,0.4775437706165948,0,Not Recommended,0.20 to 0.39,20% to 39%,29,management,single,university.degree,cellular,aug,1,0,nonexistent,0,0,0,0,0,0,0
test_001163,test,0,Did Not Subscribe,0.29569688,2957,29.57%,2061,0.4772900279116975,0,Not Recommended,0.20 to 0.39,20% to 39%,35,self-employed,married,university.degree,telephone,jul,3,0,nonexistent,0,0,0,0,0,0,0
test_000176,test,0,Did Not Subscribe,0.2955011,2955,29.55%,2062,0.4770362852068003,0,Not Recommended,0.20 to 0.39,20% to 39%,50,blue-collar,married,basic.4y,cellular,jul,6,0,nonexistent,0,0,0,0,0,0,0
test_003290,test,0,Did Not Subscribe,0.2954701,2955,29.55%,2063,0.4767825425019031,0,Not Recommended,0.20 to 0.39,20% to 39%,48,blue-collar,married,basic.9y,cellular,jul,4,0,nonexistent,0,0,0,0,0,0,0
test_001231,test,0,Did Not Subscribe,0.29544887,2954,29.54%,2064,0.4765287997970058,0,Not Recommended,0.20 to 0.39,20% to 39%,28,blue-collar,married,high.school,telephone,jun,4,0,nonexistent,0,0,0,0,0,0,0
test_003158,test,0,Did Not Subscribe,0.29541376,2954,29.54%,2065,0.4762750570921086,0,Not Recommended,0.20 to 0.39,20% to 39%,29,admin.,single,high.school,telephone,jun,4,0,nonexistent,0,0,0,0,0,0,0
test_002115,test,0,Did Not Subscribe,0.29534703,2953,29.53%,2066,0.4760213143872114,0,Not Recommended,0.20 to 0.39,20% to 39%,40,entrepreneur,married,basic.9y,telephone,jun,1,0,nonexistent,0,0,0,0,0,0,0
test_002545,test,0,Did Not Subscribe,0.29530737,2953,29.53%,2067,0.4757675716823141,0,Not Recommended,0.20 to 0.39,20% to 39%,33,unemployed,married,university.degree,cellular,aug,1,0,nonexistent,0,0,0,0,0,0,0
test_000314,test,0,Did Not Subscribe,0.29516694,2952,29.52%,2068,0.4755138289774169,0,Not Recommended,0.20 to 0.39,20% to 39%,57,blue-collar,married,basic.4y,cellular,may,2,1,failure,0,0,0,0,0,0,0
test_003746,test,0,Did Not Subscribe,0.29507557,2951,29.51%,2069,0.4752600862725197,0,Not Recommended,0.20 to 0.39,20% to 39%,58,entrepreneur,married,university.degree,telephone,jul,1,0,nonexistent,0,0,0,0,0,0,0
test_003817,test,0,Did Not Subscribe,0.29502076,2950,29.50%,2070,0.4750063435676224,0,Not Recommended,0.20 to 0.39,20% to 39%,44,blue-collar,married,basic.6y,cellular,aug,5,0,nonexistent,0,0,0,0,0,0,0
test_002271,test,1,Subscribed,0.2948174,2948,29.48%,2071,0.4747526008627252,0,Not Recommended,0.20 to 0.39,20% to 39%,29,technician,single,professional.course,cellular,nov,1,1,failure,0,0,0,0,0,0,0
test_002620,test,0,Did Not Subscribe,0.29457933,2946,29.46%,2072,0.474498858157828,0,Not Recommended,0.20 to 0.39,20% to 39%,46,management,married,university.degree,cellular,may,4,0,nonexistent,0,0,0,0,0,0,0
test_001916,test,0,Did Not Subscribe,0.29422727,2942,29.42%,2073,0.4742451154529307,0,Not Recommended,0.20 to 0.39,20% to 39%,30,admin.,married,university.degree,telephone,jun,7,0,nonexistent,0,0,0,0,0,0,0
test_001550,test,0,Did Not Subscribe,0.29415387,2942,29.42%,2074,0.4739913727480335,0,Not Recommended,0.20 to 0.39,20% to 39%,32,admin.,single,high.school,telephone,jun,2,0,nonexistent,0,0,0,0,0,0,0
test_000055,test,0,Did Not Subscribe,0.29413825,2941,29.41%,2075,0.4737376300431363,0,Not Recommended,0.20 to 0.39,20% to 39%,32,admin.,single,university.degree,cellular,aug,2,0,nonexistent,0,0,0,0,0,0,0
test_002437,test,0,Did Not Subscribe,0.29396707,2940,29.40%,2076,0.473483887338239,0,Not Recommended,0.20 to 0.39,20% to 39%,46,technician,divorced,university.degree,cellular,jul,2,0,nonexistent,0,0,0,0,0,0,0
test_002947,test,0,Did Not Subscribe,0.29389325,2939,29.39%,2077,0.4732301446333418,0,Not Recommended,0.20 to 0.39,20% to 39%,46,technician,married,university.degree,cellular,may,7,0,nonexistent,0,0,0,0,0,0,0
test_000995,test,0,Did Not Subscribe,0.29386273,2939,29.39%,2078,0.4729764019284446,0,Not Recommended,0.20 to 0.39,20% to 39%,32,admin.,single,university.degree,telephone,jun,12,0,nonexistent,0,0,0,0,0,0,0
test_002697,test,0,Did Not Subscribe,0.2937068,2937,29.37%,2079,0.4727226592235473,0,Not Recommended,0.20 to 0.39,20% to 39%,31,blue-collar,single,basic.9y,telephone,jul,3,0,nonexistent,0,0,0,0,0,0,0
test_001218,test,1,Subscribed,0.29337308,2934,29.34%,2080,0.4724689165186501,0,Not Recommended,0.20 to 0.39,20% to 39%,50,admin.,married,professional.course,cellular,jul,1,0,nonexistent,0,0,0,0,0,0,0
test_003804,test,0,Did Not Subscribe,0.29331353,2933,29.33%,2081,0.4722151738137529,0,Not Recommended,0.20 to 0.39,20% to 39%,29,blue-collar,single,basic.4y,telephone,may,3,0,nonexistent,0,0,0,0,0,0,0
test_002328,test,0,Did Not Subscribe,0.29328087,2933,29.33%,2082,0.4719614311088556,0,Not Recommended,0.20 to 0.39,20% to 39%,50,services,single,high.school,cellular,jul,9,0,nonexistent,0,0,0,0,0,0,0
test_003040,test,0,Did Not Subscribe,0.2931346,2931,29.31%,2083,0.4717076884039584,0,Not Recommended,0.20 to 0.39,20% to 39%,45,technician,single,university.degree,cellular,may,2,1,failure,0,0,0,0,0,0,0
test_003775,test,0,Did Not Subscribe,0.29312184,2931,29.31%,2084,0.4714539456990612,0,Not Recommended,0.20 to 0.39,20% to 39%,28,blue-collar,married,basic.6y,telephone,jul,2,0,nonexistent,0,0,0,0,0,0,0
test_003277,test,0,Did Not Subscribe,0.29292777,2929,29.29%,2085,0.4712002029941639,0,Not Recommended,0.20 to 0.39,20% to 39%,47,blue-collar,married,basic.6y,cellular,aug,2,0,nonexistent,0,0,0,0,0,0,0
test_003706,test,0,Did Not Subscribe,0.29278883,2928,29.28%,2086,0.4709464602892667,0,Not Recommended,0.20 to 0.39,20% to 39%,50,blue-collar,married,basic.4y,telephone,jun,3,0,nonexistent,0,0,0,0,0,0,0
test_000728,test,0,Did Not Subscribe,0.29259917,2926,29.26%,2087,0.4706927175843695,0,Not Recommended,0.20 to 0.39,20% to 39%,29,entrepreneur,married,university.degree,cellular,nov,5,0,nonexistent,0,0,0,0,0,0,0
test_000026,test,0,Did Not Subscribe,0.29257405,2926,29.26%,2088,0.4704389748794721,0,Not Recommended,0.20 to 0.39,20% to 39%,39,admin.,single,high.school,cellular,may,2,1,failure,0,0,0,0,0,0,0
test_002737,test,0,Did Not Subscribe,0.29257005,2926,29.26%,2089,0.470185232174575,0,Not Recommended,0.20 to 0.39,20% to 39%,45,blue-collar,married,basic.4y,cellular,may,1,0,nonexistent,0,0,0,0,0,0,0
test_003583,test,0,Did Not Subscribe,0.29251084,2925,29.25%,2090,0.4699314894696778,0,Not Recommended,0.20 to 0.39,20% to 39%,55,admin.,married,high.school,cellular,aug,3,0,nonexistent,0,0,0,0,0,0,0
test_001095,test,0,Did Not Subscribe,0.29195943,2920,29.20%,2091,0.4696777467647804,0,Not Recommended,0.20 to 0.39,20% to 39%,35,blue-collar,married,high.school,telephone,jul,3,0,nonexistent,0,0,0,0,0,0,0
test_002694,test,1,Subscribed,0.29182315,2918,29.18%,2092,0.4694240040598832,0,Not Recommended,0.20 to 0.39,20% to 39%,51,technician,married,high.school,cellular,aug,1,0,nonexistent,0,0,0,0,0,0,0
test_001867,test,0,Did Not Subscribe,0.29180616,2918,29.18%,2093,0.4691702613549861,0,Not Recommended,0.20 to 0.39,20% to 39%,37,entrepreneur,married,basic.9y,telephone,jun,2,0,nonexistent,0,0,0,0,0,0,0
test_000624,test,0,Did Not Subscribe,0.29147163,2915,29.15%,2094,0.4689165186500887,0,Not Recommended,0.20 to 0.39,20% to 39%,50,technician,married,professional.course,cellular,aug,2,0,nonexistent,0,0,0,0,0,0,0
test_003544,test,0,Did Not Subscribe,0.29128397,2913,29.13%,2095,0.4686627759451915,0,Not Recommended,0.20 to 0.39,20% to 39%,43,blue-collar,married,basic.9y,telephone,may,1,0,nonexistent,0,0,0,0,0,0,0
test_002647,test,0,Did Not Subscribe,0.29127336,2913,29.13%,2096,0.4684090332402943,0,Not Recommended,0.20 to 0.39,20% to 39%,35,management,divorced,university.degree,cellular,aug,3,0,nonexistent,0,0,0,0,0,0,0
test_002431,test,0,Did Not Subscribe,0.29120713,2912,29.12%,2097,0.468155290535397,0,Not Recommended,0.20 to 0.39,20% to 39%,35,admin.,single,university.degree,cellular,nov,5,0,nonexistent,0,0,0,0,0,0,0
test_002519,test,0,Did Not Subscribe,0.2911859,2912,29.12%,2098,0.4679015478304998,0,Not Recommended,0.20 to 0.39,20% to 39%,55,blue-collar,married,basic.4y,cellular,aug,10,0,nonexistent,0,0,0,0,0,0,0
test_002429,test,0,Did Not Subscribe,0.29112688,2911,29.11%,2099,0.4676478051256026,0,Not Recommended,0.20 to 0.39,20% to 39%,45,technician,married,professional.course,cellular,nov,2,0,nonexistent,0,0,0,0,0,0,0
test_002878,test,0,Did Not Subscribe,0.2911214,2911,29.11%,2100,0.4673940624207053,0,Not Recommended,0.20 to 0.39,20% to 39%,45,blue-collar,married,basic.6y,cellular,aug,1,0,nonexistent,0,0,0,0,0,0,0
test_003166,test,0,Did Not Subscribe,0.29106984,2911,29.11%,2101,0.4671403197158081,0,Not Recommended,0.20 to 0.39,20% to 39%,42,admin.,married,basic.6y,telephone,jun,1,0,nonexistent,0,0,0,0,0,0,0
test_003694,test,0,Did Not Subscribe,0.29105878,2911,29.11%,2102,0.4668865770109109,0,Not Recommended,0.20 to 0.39,20% to 39%,28,blue-collar,married,basic.9y,telephone,jun,1,0,nonexistent,0,0,0,0,0,0,0
test_002834,test,0,Did Not Subscribe,0.29097524,2910,29.10%,2103,0.4666328343060136,0,Not Recommended,0.20 to 0.39,20% to 39%,40,blue-collar,married,basic.9y,telephone,jun,2,0,nonexistent,0,0,0,0,0,0,0
test_000872,test,0,Did Not Subscribe,0.2908572,2909,29.09%,2104,0.4663790916011164,0,Not Recommended,0.20 to 0.39,20% to 39%,41,blue-collar,married,unknown,cellular,jul,1,0,nonexistent,0,0,0,0,0,0,0
test_002272,test,0,Did Not Subscribe,0.29084298,2908,29.08%,2105,0.4661253488962192,0,Not Recommended,0.20 to 0.39,20% to 39%,29,blue-collar,married,professional.course,telephone,may,1,0,nonexistent,0,0,0,0,0,0,0
test_002360,test,0,Did Not Subscribe,0.2908395,2908,29.08%,2106,0.4658716061913219,0,Not Recommended,0.20 to 0.39,20% to 39%,43,services,divorced,high.school,cellular,nov,1,0,nonexistent,0,0,0,0,0,0,0
test_003182,test,0,Did Not Subscribe,0.29078427,2908,29.08%,2107,0.4656178634864247,0,Not Recommended,0.20 to 0.39,20% to 39%,45,blue-collar,married,basic.4y,cellular,jul,2,0,nonexistent,0,0,0,0,0,0,0
test_001648,test,0,Did Not Subscribe,0.29077545,2908,29.08%,2108,0.4653641207815275,0,Not Recommended,0.20 to 0.39,20% to 39%,50,admin.,married,university.degree,cellular,nov,2,0,nonexistent,0,0,0,0,0,0,0
test_001521,test,0,Did Not Subscribe,0.29074335,2907,29.07%,2109,0.4651103780766302,0,Not Recommended,0.20 to 0.39,20% to 39%,34,admin.,married,university.degree,cellular,aug,1,0,nonexistent,0,0,0,0,0,0,0
test_003594,test,0,Did Not Subscribe,0.29071277,2907,29.07%,2110,0.464856635371733,0,Not Recommended,0.20 to 0.39,20% to 39%,29,technician,single,university.degree,telephone,jul,3,0,nonexistent,0,0,0,0,0,0,0
test_002266,test,0,Did Not Subscribe,0.29071084,2907,29.07%,2111,0.4646028926668358,0,Not Recommended,0.20 to 0.39,20% to 39%,46,blue-collar,married,basic.9y,cellular,nov,1,0,nonexistent,0,0,0,0,0,0,0
test_002643,test,0,Did Not Subscribe,0.29069003,2907,29.07%,2112,0.4643491499619385,0,Not Recommended,0.20 to 0.39,20% to 39%,53,management,married,high.school,cellular,nov,1,0,nonexistent,0,0,0,0,0,0,0
test_001939,test,0,Did Not Subscribe,0.2904563,2905,29.05%,2113,0.4640954072570413,0,Not Recommended,0.20 to 0.39,20% to 39%,31,admin.,single,university.degree,telephone,may,3,0,nonexistent,0,0,0,0,0,0,0
test_000405,test,0,Did Not Subscribe,0.29026866,2903,29.03%,2114,0.4638416645521441,0,Not Recommended,0.20 to 0.39,20% to 39%,50,technician,single,university.degree,cellular,jul,2,0,nonexistent,0,0,0,0,0,0,0
test_000349,test,0,Did Not Subscribe,0.29024136,2902,29.02%,2115,0.4635879218472468,0,Not Recommended,0.20 to 0.39,20% to 39%,43,admin.,single,university.degree,cellular,aug,5,0,nonexistent,0,0,0,0,0,0,0
test_000306,test,0,Did Not Subscribe,0.29007348,2901,29.01%,2116,0.4633341791423496,0,Not Recommended,0.20 to 0.39,20% to 39%,32,unemployed,married,university.degree,cellular,aug,8,0,nonexistent,0,0,0,0,0,0,0
test_001684,test,0,Did Not Subscribe,0.29005843,2901,29.01%,2117,0.4630804364374524,0,Not Recommended,0.20 to 0.39,20% to 39%,30,housemaid,married,high.school,telephone,jun,5,0,nonexistent,0,0,0,0,0,0,0
test_001411,test,0,Did Not Subscribe,0.29005536,2901,29.01%,2118,0.4628266937325551,0,Not Recommended,0.20 to 0.39,20% to 39%,34,entrepreneur,married,basic.9y,cellular,aug,10,0,nonexistent,0,0,0,0,0,0,0
test_003279,test,1,Subscribed,0.29001865,2900,29.00%,2119,0.4625729510276579,0,Not Recommended,0.20 to 0.39,20% to 39%,34,admin.,married,high.school,telephone,jun,1,0,nonexistent,0,0,0,0,0,0,0
test_000770,test,0,Did Not Subscribe,0.29000103,2900,29.00%,2120,0.4623192083227607,0,Not Recommended,0.20 to 0.39,20% to 39%,55,services,married,basic.4y,cellular,aug,1,0,nonexistent,0,0,0,0,0,0,0
test_001713,test,0,Did Not Subscribe,0.28998634,2900,29.00%,2121,0.4620654656178634,0,Not Recommended,0.20 to 0.39,20% to 39%,24,student,single,basic.4y,cellular,jul,1,0,nonexistent,0,0,0,0,0,0,0
test_003810,test,0,Did Not Subscribe,0.28988516,2899,28.99%,2122,0.4618117229129662,0,Not Recommended,0.20 to 0.39,20% to 39%,37,admin.,married,university.degree,cellular,aug,1,0,nonexistent,0,0,0,0,0,0,0
test_001762,test,0,Did Not Subscribe,0.28986233,2899,28.99%,2123,0.461557980208069,0,Not Recommended,0.20 to 0.39,20% to 39%,42,admin.,divorced,university.degree,cellular,nov,3,0,nonexistent,0,0,0,0,0,0,0
test_000514,test,0,Did Not Subscribe,0.28971744,2897,28.97%,2124,0.4613042375031717,0,Not Recommended,0.20 to 0.39,20% to 39%,41,blue-collar,married,basic.9y,telephone,jun,3,0,nonexistent,0,0,0,0,0,0,0
test_001998,test,0,Did Not Subscribe,0.2896034,2896,28.96%,2125,0.4610504947982745,0,Not Recommended,0.20 to 0.39,20% to 39%,28,services,single,unknown,cellular,may,4,1,failure,0,0,0,0,0,0,0
test_002039,test,0,Did Not Subscribe,0.28958026,2896,28.96%,2126,0.4607967520933773,0,Not Recommended,0.20 to 0.39,20% to 39%,57,blue-collar,married,basic.4y,cellular,jul,1,0,nonexistent,0,0,0,0,0,0,0
test_003533,test,0,Did Not Subscribe,0.28952,2895,28.95%,2127,0.46054300938848,0,Not Recommended,0.20 to 0.39,20% to 39%,52,unemployed,married,university.degree,cellular,aug,1,0,nonexistent,0,0,0,0,0,0,0
test_000928,test,0,Did Not Subscribe,0.28938285,2894,28.94%,2128,0.4602892666835828,0,Not Recommended,0.20 to 0.39,20% to 39%,31,technician,divorced,university.degree,cellular,aug,3,0,nonexistent,0,0,0,0,0,0,0
test_001837,test,0,Did Not Subscribe,0.28931817,2893,28.93%,2129,0.4600355239786856,0,Not Recommended,0.20 to 0.39,20% to 39%,42,entrepreneur,married,high.school,cellular,may,9,0,nonexistent,0,0,0,0,0,0,0
test_002846,test,0,Did Not Subscribe,0.28903818,2890,28.90%,2130,0.4597817812737883,0,Not Recommended,0.20 to 0.39,20% to 39%,32,admin.,divorced,university.degree,cellular,nov,3,0,nonexistent,0,0,0,0,0,0,0
test_000703,test,1,Subscribed,0.28894228,2889,28.89%,2131,0.4595280385688911,0,Not Recommended,0.20 to 0.39,20% to 39%,36,blue-collar,single,basic.9y,telephone,jun,3,0,nonexistent,0,0,0,0,0,0,0
test_001984,test,0,Did Not Subscribe,0.28890017,2889,28.89%,2132,0.4592742958639939,0,Not Recommended,0.20 to 0.39,20% to 39%,42,technician,single,professional.course,cellular,nov,2,0,nonexistent,0,0,0,0,0,0,0
test_000541,test,0,Did Not Subscribe,0.2888417,2888,28.88%,2133,0.4590205531590966,0,Not Recommended,0.20 to 0.39,20% to 39%,36,services,married,university.degree,cellular,nov,2,0,nonexistent,0,0,0,0,0,0,0
test_002042,test,0,Did Not Subscribe,0.28883463,2888,28.88%,2134,0.4587668104541994,0,Not Recommended,0.20 to 0.39,20% to 39%,41,admin.,married,high.school,cellular,apr,2,1,failure,0,0,0,0,0,0,0
test_000229,test,0,Did Not Subscribe,0.28881204,2888,28.88%,2135,0.4585130677493022,0,Not Recommended,0.20 to 0.39,20% to 39%,31,services,single,high.school,telephone,jul,2,0,nonexistent,0,0,0,0,0,0,0
test_002326,test,0,Did Not Subscribe,0.2886213,2886,28.86%,2136,0.4582593250444049,0,Not Recommended,0.20 to 0.39,20% to 39%,38,admin.,married,university.degree,cellular,aug,1,0,nonexistent,0,0,0,0,0,0,0
test_001776,test,0,Did Not Subscribe,0.28860864,2886,28.86%,2137,0.4580055823395077,0,Not Recommended,0.20 to 0.39,20% to 39%,37,management,single,university.degree,telephone,may,2,0,nonexistent,0,0,0,0,0,0,0
test_003374,test,0,Did Not Subscribe,0.28841925,2884,28.84%,2138,0.4577518396346105,0,Not Recommended,0.20 to 0.39,20% to 39%,45,admin.,single,high.school,cellular,may,1,1,failure,0,0,0,0,0,0,0
test_003773,test,0,Did Not Subscribe,0.28839922,2884,28.84%,2139,0.4574980969297132,0,Not Recommended,0.20 to 0.39,20% to 39%,39,technician,single,professional.course,cellular,nov,1,1,failure,0,0,0,0,0,0,0
test_001969,test,0,Did Not Subscribe,0.28831303,2883,28.83%,2140,0.457244354224816,0,Not Recommended,0.20 to 0.39,20% to 39%,52,retired,divorced,basic.4y,telephone,may,1,0,nonexistent,0,0,0,0,0,0,0
test_000364,test,0,Did Not Subscribe,0.28818652,2882,28.82%,2141,0.4569906115199188,0,Not Recommended,0.20 to 0.39,20% to 39%,25,blue-collar,married,high.school,telephone,jul,1,0,nonexistent,0,0,0,0,0,0,0
test_001765,test,0,Did Not Subscribe,0.2880863,2881,28.81%,2142,0.4567368688150215,0,Not Recommended,0.20 to 0.39,20% to 39%,43,management,married,university.degree,cellular,aug,5,0,nonexistent,0,0,0,0,0,0,0
test_003036,test,1,Subscribed,0.28794423,2879,28.79%,2143,0.4564831261101243,0,Not Recommended,0.20 to 0.39,20% to 39%,45,blue-collar,married,basic.9y,telephone,jun,3,0,nonexistent,0,0,0,0,0,0,0
test_002525,test,0,Did Not Subscribe,0.28793573,2879,28.79%,2144,0.4562293834052271,0,Not Recommended,0.20 to 0.39,20% to 39%,24,admin.,single,high.school,telephone,jul,1,0,nonexistent,0,0,0,0,0,0,0
test_000141,test,0,Did Not Subscribe,0.28792644,2879,28.79%,2145,0.4559756407003299,0,Not Recommended,0.20 to 0.39,20% to 39%,34,technician,married,university.degree,cellular,aug,4,0,nonexistent,0,0,0,0,0,0,0
test_002130,test,0,Did Not Subscribe,0.28744012,2874,28.74%,2146,0.4557218979954326,0,Not Recommended,0.20 to 0.39,20% to 39%,37,services,single,high.school,cellular,may,6,0,nonexistent,0,0,0,0,0,0,0
test_003466,test,0,Did Not Subscribe,0.28736907,2874,28.74%,2147,0.4554681552905354,0,Not Recommended,0.20 to 0.39,20% to 39%,33,services,married,high.school,telephone,may,1,0,nonexistent,0,0,0,0,0,0,0
test_002102,test,0,Did Not Subscribe,0.28717908,2872,28.72%,2148,0.4552144125856382,0,Not Recommended,0.20 to 0.39,20% to 39%,38,admin.,married,university.degree,telephone,aug,1,0,nonexistent,0,0,0,0,0,0,0
test_002487,test,0,Did Not Subscribe,0.28680542,2868,28.68%,2149,0.4549606698807409,0,Not Recommended,0.20 to 0.39,20% to 39%,35,blue-collar,married,basic.9y,cellular,nov,2,0,nonexistent,0,0,0,0,0,0,0
test_000459,test,0,Did Not Subscribe,0.28670108,2867,28.67%,2150,0.4547069271758437,0,Not Recommended,0.20 to 0.39,20% to 39%,30,technician,married,professional.course,telephone,jun,1,0,nonexistent,0,0,0,0,0,0,0
test_000735,test,0,Did Not Subscribe,0.28669548,2867,28.67%,2151,0.4544531844709465,0,Not Recommended,0.20 to 0.39,20% to 39%,31,blue-collar,married,basic.6y,telephone,may,5,0,nonexistent,0,0,0,0,0,0,0
test_002782,test,0,Did Not Subscribe,0.28660113,2866,28.66%,2152,0.4541994417660492,0,Not Recommended,0.20 to 0.39,20% to 39%,32,technician,single,university.degree,cellular,aug,3,0,nonexistent,0,0,0,0,0,0,0
test_003920,test,0,Did Not Subscribe,0.28636044,2864,28.64%,2153,0.453945699061152,0,Not Recommended,0.20 to 0.39,20% to 39%,44,technician,single,professional.course,cellular,aug,3,0,nonexistent,0,0,0,0,0,0,0
test_001554,test,0,Did Not Subscribe,0.28632662,2863,28.63%,2154,0.4536919563562548,0,Not Recommended,0.20 to 0.39,20% to 39%,48,services,married,high.school,cellular,aug,2,0,nonexistent,0,0,0,0,0,0,0
test_003602,test,0,Did Not Subscribe,0.2862854,2863,28.63%,2155,0.4534382136513575,0,Not Recommended,0.20 to 0.39,20% to 39%,35,admin.,married,university.degree,cellular,aug,2,0,nonexistent,0,0,0,0,0,0,0
test_000952,test,0,Did Not Subscribe,0.2862658,2863,28.63%,2156,0.4531844709464603,0,Not Recommended,0.20 to 0.39,20% to 39%,30,blue-collar,married,basic.4y,telephone,may,2,0,nonexistent,0,0,0,0,0,0,0
test_001952,test,0,Did Not Subscribe,0.28625828,2863,28.63%,2157,0.4529307282415631,0,Not Recommended,0.20 to 0.39,20% to 39%,31,admin.,married,university.degree,cellular,aug,2,0,nonexistent,0,0,0,0,0,0,0
test_000091,test,0,Did Not Subscribe,0.28623575,2862,28.62%,2158,0.4526769855366658,0,Not Recommended,0.20 to 0.39,20% to 39%,41,self-employed,divorced,university.degree,cellular,aug,4,0,nonexistent,0,0,0,0,0,0,0
test_001410,test,1,Subscribed,0.2861198,2861,28.61%,2159,0.4524232428317686,0,Not Recommended,0.20 to 0.39,20% to 39%,52,management,married,university.degree,cellular,aug,2,0,nonexistent,0,0,0,0,0,0,0
test_003632,test,0,Did Not Subscribe,0.28602278,2860,28.60%,2160,0.4521695001268714,0,Not Recommended,0.20 to 0.39,20% to 39%,30,blue-collar,married,basic.9y,telephone,may,1,0,nonexistent,0,0,0,0,0,0,0
test_000187,test,0,Did Not Subscribe,0.28599072,2860,28.60%,2161,0.4519157574219741,0,Not Recommended,0.20 to 0.39,20% to 39%,29,technician,single,university.degree,telephone,jul,2,0,nonexistent,0,0,0,0,0,0,0
test_003649,test,0,Did Not Subscribe,0.28587803,2859,28.59%,2162,0.4516620147170769,0,Not Recommended,0.20 to 0.39,20% to 39%,47,technician,married,unknown,cellular,jul,2,0,nonexistent,0,0,0,0,0,0,0
test_002711,test,1,Subscribed,0.28586763,2859,28.59%,2163,0.4514082720121797,0,Not Recommended,0.20 to 0.39,20% to 39%,59,retired,married,basic.9y,telephone,jun,1,0,nonexistent,0,0,0,0,0,0,0
test_001379,test,0,Did Not Subscribe,0.28585535,2859,28.59%,2164,0.4511545293072824,0,Not Recommended,0.20 to 0.39,20% to 39%,30,services,single,high.school,cellular,may,1,1,failure,0,0,0,0,0,0,0
test_002079,test,0,Did Not Subscribe,0.2857993,2858,28.58%,2165,0.4509007866023852,0,Not Recommended,0.20 to 0.39,20% to 39%,42,admin.,married,university.degree,cellular,aug,1,0,nonexistent,0,0,0,0,0,0,0
test_000707,test,0,Did Not Subscribe,0.28572494,2857,28.57%,2166,0.450647043897488,0,Not Recommended,0.20 to 0.39,20% to 39%,40,services,married,high.school,telephone,jun,6,0,nonexistent,0,0,0,0,0,0,0
test_003327,test,0,Did Not Subscribe,0.28560114,2856,28.56%,2167,0.4503933011925907,0,Not Recommended,0.20 to 0.39,20% to 39%,49,admin.,married,university.degree,cellular,jul,1,0,nonexistent,0,0,0,0,0,0,0
test_000841,test,0,Did Not Subscribe,0.28540653,2854,28.54%,2168,0.4501395584876935,0,Not Recommended,0.20 to 0.39,20% to 39%,37,services,married,high.school,cellular,may,2,0,nonexistent,0,0,0,0,0,0,0
test_003633,test,0,Did Not Subscribe,0.28528532,2853,28.53%,2169,0.4498858157827963,0,Not Recommended,0.20 to 0.39,20% to 39%,32,technician,married,professional.course,cellular,aug,6,0,nonexistent,0,0,0,0,0,0,0
test_000884,test,0,Did Not Subscribe,0.28523242,2852,28.52%,2170,0.449632073077899,0,Not Recommended,0.20 to 0.39,20% to 39%,31,technician,married,professional.course,cellular,aug,4,0,nonexistent,0,0,0,0,0,0,0
test_003236,test,0,Did Not Subscribe,0.2851383,2851,28.51%,2171,0.4493783303730018,0,Not Recommended,0.20 to 0.39,20% to 39%,34,blue-collar,married,high.school,telephone,jun,6,0,nonexistent,0,0,0,0,0,0,0
test_003009,test,0,Did Not Subscribe,0.2850724,2851,28.51%,2172,0.4491245876681046,0,Not Recommended,0.20 to 0.39,20% to 39%,55,management,married,basic.4y,cellular,jul,7,0,nonexistent,0,0,0,0,0,0,0
test_000048,test,0,Did Not Subscribe,0.28506556,2851,28.51%,2173,0.4488708449632073,0,Not Recommended,0.20 to 0.39,20% to 39%,34,admin.,married,university.degree,cellular,nov,3,0,nonexistent,0,0,0,0,0,0,0
test_001151,test,0,Did Not Subscribe,0.28504562,2850,28.50%,2174,0.4486171022583101,0,Not Recommended,0.20 to 0.39,20% to 39%,31,technician,single,university.degree,cellular,aug,1,0,nonexistent,0,0,0,0,0,0,0
test_002116,test,0,Did Not Subscribe,0.28489912,2849,28.49%,2175,0.4483633595534129,0,Not Recommended,0.20 to 0.39,20% to 39%,48,management,married,basic.9y,cellular,nov,1,0,nonexistent,0,0,0,0,0,0,0
test_002076,test,0,Did Not Subscribe,0.28474435,2847,28.47%,2176,0.4481096168485156,0,Not Recommended,0.20 to 0.39,20% to 39%,36,technician,married,university.degree,cellular,aug,4,0,nonexistent,0,0,0,0,0,0,0
test_000639,test,0,Did Not Subscribe,0.28465354,2847,28.47%,2177,0.4478558741436184,0,Not Recommended,0.20 to 0.39,20% to 39%,42,management,married,basic.9y,cellular,jul,1,0,nonexistent,0,0,0,0,0,0,0
test_000127,test,0,Did Not Subscribe,0.28460523,2846,28.46%,2178,0.4476021314387212,0,Not Recommended,0.20 to 0.39,20% to 39%,34,admin.,single,university.degree,cellular,aug,3,0,nonexistent,0,0,0,0,0,0,0
test_001564,test,0,Did Not Subscribe,0.284535,2845,28.45%,2179,0.4473483887338239,0,Not Recommended,0.20 to 0.39,20% to 39%,41,blue-collar,married,basic.9y,telephone,jun,2,0,nonexistent,0,0,0,0,0,0,0
test_001523,test,0,Did Not Subscribe,0.2845081,2845,28.45%,2180,0.4470946460289267,0,Not Recommended,0.20 to 0.39,20% to 39%,49,admin.,married,high.school,cellular,aug,1,0,nonexistent,0,0,0,0,0,0,0
test_000955,test,0,Did Not Subscribe,0.28443548,2844,28.44%,2181,0.4468409033240295,0,Not Recommended,0.20 to 0.39,20% to 39%,45,blue-collar,married,basic.9y,telephone,jun,3,0,nonexistent,0,0,0,0,0,0,0
test_002117,test,0,Did Not Subscribe,0.2843344,2843,28.43%,2182,0.4465871606191322,0,Not Recommended,0.20 to 0.39,20% to 39%,40,blue-collar,married,basic.9y,telephone,jul,3,0,nonexistent,0,0,0,0,0,0,0
test_003934,test,0,Did Not Subscribe,0.28432494,2843,28.43%,2183,0.446333417914235,0,Not Recommended,0.20 to 0.39,20% to 39%,48,technician,divorced,professional.course,cellular,jul,2,0,nonexistent,0,0,0,0,0,0,0
test_001968,test,0,Did Not Subscribe,0.28398705,2840,28.40%,2184,0.4460796752093378,0,Not Recommended,0.20 to 0.39,20% to 39%,59,retired,married,basic.4y,telephone,jun,3,0,nonexistent,0,0,0,0,0,0,0
test_000739,test,0,Did Not Subscribe,0.28378612,2838,28.38%,2185,0.4458259325044404,0,Not Recommended,0.20 to 0.39,20% to 39%,35,services,married,basic.9y,telephone,jun,1,0,nonexistent,0,0,0,0,0,0,0
test_003735,test,0,Did Not Subscribe,0.28376922,2838,28.38%,2186,0.4455721897995433,0,Not Recommended,0.20 to 0.39,20% to 39%,45,entrepreneur,single,university.degree,telephone,jun,6,0,nonexistent,0,0,0,0,0,0,0
test_002173,test,0,Did Not Subscribe,0.28370836,2837,28.37%,2187,0.4453184470946461,0,Not Recommended,0.20 to 0.39,20% to 39%,44,technician,married,professional.course,cellular,aug,1,0,nonexistent,0,0,0,0,0,0,0
test_002243,test,0,Did Not Subscribe,0.28369814,2837,28.37%,2188,0.4450647043897487,0,Not Recommended,0.20 to 0.39,20% to 39%,32,unemployed,single,high.school,telephone,jun,11,0,nonexistent,0,0,0,0,0,0,0
test_002223,test,0,Did Not Subscribe,0.28363466,2836,28.36%,2189,0.4448109616848515,0,Not Recommended,0.20 to 0.39,20% to 39%,33,admin.,divorced,university.degree,cellular,aug,1,0,nonexistent,0,0,0,0,0,0,0
test_003289,test,0,Did Not Subscribe,0.2833627,2834,28.34%,2190,0.4445572189799543,0,Not Recommended,0.20 to 0.39,20% to 39%,31,management,married,university.degree,cellular,may,2,2,failure,0,0,0,0,0,0,0
test_001045,test,0,Did Not Subscribe,0.2832554,2833,28.33%,2191,0.444303476275057,0,Not Recommended,0.20 to 0.39,20% to 39%,25,admin.,married,high.school,telephone,jul,7,0,nonexistent,0,0,0,0,0,0,0
test_001503,test,0,Did Not Subscribe,0.2832323,2832,28.32%,2192,0.4440497335701598,0,Not Recommended,0.20 to 0.39,20% to 39%,30,blue-collar,single,basic.6y,telephone,may,3,0,nonexistent,0,0,0,0,0,0,0
test_003094,test,0,Did Not Subscribe,0.2831745,2832,28.32%,2193,0.4437959908652626,0,Not Recommended,0.20 to 0.39,20% to 39%,27,unemployed,married,high.school,telephone,jun,2,0,nonexistent,0,0,0,0,0,0,0
test_003622,test,0,Did Not Subscribe,0.28299445,2830,28.30%,2194,0.4435422481603653,0,Not Recommended,0.20 to 0.39,20% to 39%,34,services,married,high.school,telephone,may,2,0,nonexistent,0,0,0,0,0,0,0
test_003665,test,0,Did Not Subscribe,0.28299084,2830,28.30%,2195,0.4432885054554681,0,Not Recommended,0.20 to 0.39,20% to 39%,44,admin.,married,university.degree,telephone,jun,10,0,nonexistent,0,0,0,0,0,0,0
test_002930,test,0,Did Not Subscribe,0.28295204,2830,28.30%,2196,0.4430347627505709,0,Not Recommended,0.20 to 0.39,20% to 39%,49,technician,married,professional.course,cellular,aug,2,0,nonexistent,0,0,0,0,0,0,0
test_003430,test,0,Did Not Subscribe,0.2828726,2829,28.29%,2197,0.4427810200456736,0,Not Recommended,0.20 to 0.39,20% to 39%,30,admin.,single,university.degree,cellular,nov,1,1,failure,0,0,0,0,0,0,0
test_001186,test,0,Did Not Subscribe,0.28277427,2828,28.28%,2198,0.4425272773407764,0,Not Recommended,0.20 to 0.39,20% to 39%,54,technician,married,professional.course,cellular,nov,2,0,nonexistent,0,0,0,0,0,0,0
test_001269,test,0,Did Not Subscribe,0.28274536,2827,28.27%,2199,0.4422735346358792,0,Not Recommended,0.20 to 0.39,20% to 39%,45,blue-collar,married,basic.6y,telephone,jun,2,0,nonexistent,0,0,0,0,0,0,0
test_002371,test,0,Did Not Subscribe,0.2824509,2825,28.25%,2200,0.4420197919309819,0,Not Recommended,0.20 to 0.39,20% to 39%,28,student,married,university.degree,telephone,may,2,0,nonexistent,0,0,0,0,0,0,0
test_001458,test,0,Did Not Subscribe,0.2823603,2824,28.24%,2201,0.4417660492260847,0,Not Recommended,0.20 to 0.39,20% to 39%,44,blue-collar,married,basic.9y,telephone,jun,5,0,nonexistent,0,0,0,0,0,0,0
test_002794,test,0,Did Not Subscribe,0.28236008,2824,28.24%,2202,0.4415123065211875,0,Not Recommended,0.20 to 0.39,20% to 39%,31,technician,single,professional.course,cellular,aug,1,0,nonexistent,0,0,0,0,0,0,0
test_002087,test,0,Did Not Subscribe,0.2822976,2823,28.23%,2203,0.4412585638162902,0,Not Recommended,0.20 to 0.39,20% to 39%,57,retired,married,basic.6y,cellular,may,1,1,failure,0,0,0,0,0,0,0
test_002536,test,0,Did Not Subscribe,0.28218195,2822,28.22%,2204,0.441004821111393,0,Not Recommended,0.20 to 0.39,20% to 39%,32,technician,married,university.degree,cellular,aug,1,0,nonexistent,0,0,0,0,0,0,0
test_003512,test,0,Did Not Subscribe,0.2820979,2821,28.21%,2205,0.4407510784064958,0,Not Recommended,0.20 to 0.39,20% to 39%,35,blue-collar,single,basic.6y,telephone,may,1,0,nonexistent,0,0,0,0,0,0,0
test_003518,test,0,Did Not Subscribe,0.28201553,2820,28.20%,2206,0.4404973357015985,0,Not Recommended,0.20 to 0.39,20% to 39%,33,entrepreneur,single,university.degree,cellular,nov,1,1,failure,0,0,0,0,0,0,0
test_000820,test,0,Did Not Subscribe,0.28201547,2820,28.20%,2207,0.4402435929967013,0,Not Recommended,0.20 to 0.39,20% to 39%,45,technician,divorced,high.school,cellular,aug,3,0,nonexistent,0,0,0,0,0,0,0
test_001636,test,0,Did Not Subscribe,0.28184748,2818,28.18%,2208,0.4399898502918041,0,Not Recommended,0.20 to 0.39,20% to 39%,39,technician,married,university.degree,cellular,aug,1,0,nonexistent,0,0,0,0,0,0,0
test_000582,test,0,Did Not Subscribe,0.28180104,2818,28.18%,2209,0.4397361075869068,0,Not Recommended,0.20 to 0.39,20% to 39%,32,admin.,married,university.degree,cellular,aug,8,0,nonexistent,0,0,0,0,0,0,0
test_003787,test,0,Did Not Subscribe,0.28166124,2817,28.17%,2210,0.4394823648820096,0,Not Recommended,0.20 to 0.39,20% to 39%,46,admin.,married,basic.9y,cellular,jul,2,0,nonexistent,0,0,0,0,0,0,0
test_003831,test,0,Did Not Subscribe,0.28165945,2817,28.17%,2211,0.4392286221771124,0,Not Recommended,0.20 to 0.39,20% to 39%,55,blue-collar,married,basic.4y,telephone,jun,1,0,nonexistent,0,0,0,0,0,0,0
test_003285,test,0,Did Not Subscribe,0.28159076,2816,28.16%,2212,0.4389748794722151,0,Not Recommended,0.20 to 0.39,20% to 39%,37,admin.,married,university.degree,cellular,aug,1,0,nonexistent,0,0,0,0,0,0,0
test_002633,test,0,Did Not Subscribe,0.28141809,2814,28.14%,2213,0.4387211367673179,0,Not Recommended,0.20 to 0.39,20% to 39%,36,technician,single,university.degree,telephone,nov,3,0,nonexistent,0,0,0,0,0,0,0
test_000999,test,0,Did Not Subscribe,0.28141114,2814,28.14%,2214,0.4384673940624207,0,Not Recommended,0.20 to 0.39,20% to 39%,36,admin.,married,university.degree,cellular,aug,1,0,nonexistent,0,0,0,0,0,0,0
test_001578,test,0,Did Not Subscribe,0.28134027,2813,28.13%,2215,0.4382136513575234,0,Not Recommended,0.20 to 0.39,20% to 39%,46,blue-collar,married,basic.4y,cellular,jul,1,0,nonexistent,0,0,0,0,0,0,0
test_003241,test,0,Did Not Subscribe,0.2813394,2813,28.13%,2216,0.4379599086526262,0,Not Recommended,0.20 to 0.39,20% to 39%,29,blue-collar,married,basic.9y,telephone,may,1,0,nonexistent,0,0,0,0,0,0,0
test_000374,test,0,Did Not Subscribe,0.28131723,2813,28.13%,2217,0.437706165947729,0,Not Recommended,0.20 to 0.39,20% to 39%,40,technician,single,high.school,cellular,aug,1,0,nonexistent,0,0,0,0,0,0,0
test_002290,test,0,Did Not Subscribe,0.28119734,2812,28.12%,2218,0.4374524232428317,0,Not Recommended,0.20 to 0.39,20% to 39%,57,management,married,university.degree,cellular,nov,1,1,failure,0,0,0,0,0,0,0
test_003272,test,0,Did Not Subscribe,0.2811381,2811,28.11%,2219,0.4371986805379345,0,Not Recommended,0.20 to 0.39,20% to 39%,54,blue-collar,married,basic.4y,cellular,aug,1,0,nonexistent,0,0,0,0,0,0,0
test_003539,test,0,Did Not Subscribe,0.2809339,2809,28.09%,2220,0.4369449378330373,0,Not Recommended,0.20 to 0.39,20% to 39%,41,admin.,divorced,university.degree,cellular,aug,3,0,nonexistent,0,0,0,0,0,0,0
test_001117,test,0,Did Not Subscribe,0.28089368,2809,28.09%,2221,0.43669119512814,0,Not Recommended,0.20 to 0.39,20% to 39%,41,technician,married,unknown,cellular,aug,1,0,nonexistent,0,0,0,0,0,0,0
test_000778,test,1,Subscribed,0.2808025,2808,28.08%,2222,0.4364374524232428,0,Not Recommended,0.20 to 0.39,20% to 39%,32,blue-collar,divorced,basic.9y,telephone,nov,2,0,nonexistent,0,0,0,0,0,0,0
test_000290,test,0,Did Not Subscribe,0.28078485,2808,28.08%,2223,0.4361837097183456,0,Not Recommended,0.20 to 0.39,20% to 39%,45,entrepreneur,married,university.degree,telephone,jun,5,0,nonexistent,0,0,0,0,0,0,0
test_003657,test,0,Did Not Subscribe,0.2807613,2808,28.08%,2224,0.4359299670134483,0,Not Recommended,0.20 to 0.39,20% to 39%,32,admin.,married,high.school,telephone,apr,1,2,failure,0,0,0,0,0,0,0
test_000530,test,0,Did Not Subscribe,0.28069445,2807,28.07%,2225,0.4356762243085511,0,Not Recommended,0.20 to 0.39,20% to 39%,52,technician,single,basic.4y,cellular,nov,1,0,nonexistent,0,0,0,0,0,0,0
test_002100,test,0,Did Not Subscribe,0.2806468,2806,28.06%,2226,0.4354224816036539,0,Not Recommended,0.20 to 0.39,20% to 39%,59,retired,single,high.school,telephone,jun,1,0,nonexistent,0,0,0,0,0,0,0
test_001078,test,0,Did Not Subscribe,0.28051972,2805,28.05%,2227,0.4351687388987566,0,Not Recommended,0.20 to 0.39,20% to 39%,45,management,married,basic.9y,cellular,may,1,0,nonexistent,0,0,0,0,0,0,0
test_001400,test,0,Did Not Subscribe,0.28050563,2805,28.05%,2228,0.4349149961938594,0,Not Recommended,0.20 to 0.39,20% to 39%,33,admin.,single,university.degree,cellular,may,1,1,failure,0,0,0,0,0,0,0
test_000637,test,0,Did Not Subscribe,0.2803995,2804,28.04%,2229,0.4346612534889622,0,Not Recommended,0.20 to 0.39,20% to 39%,37,admin.,married,university.degree,telephone,may,1,0,nonexistent,0,0,0,0,0,0,0
test_003511,test,0,Did Not Subscribe,0.28033933,2803,28.03%,2230,0.4344075107840649,0,Not Recommended,0.20 to 0.39,20% to 39%,44,technician,divorced,professional.course,cellular,may,1,1,failure,0,0,0,0,0,0,0
test_000392,test,0,Did Not Subscribe,0.28026354,2803,28.03%,2231,0.4341537680791677,0,Not Recommended,0.20 to 0.39,20% to 39%,30,self-employed,single,university.degree,telephone,jun,1,0,nonexistent,0,0,0,0,0,0,0
test_003242,test,0,Did Not Subscribe,0.2802041,2802,28.02%,2232,0.4339000253742705,0,Not Recommended,0.20 to 0.39,20% to 39%,28,blue-collar,married,unknown,telephone,jun,3,0,nonexistent,0,0,0,0,0,0,0
test_001046,test,0,Did Not Subscribe,0.28002793,2800,28.00%,2233,0.4336462826693732,0,Not Recommended,0.20 to 0.39,20% to 39%,36,technician,married,high.school,telephone,nov,2,0,nonexistent,0,0,0,0,0,0,0
test_001242,test,0,Did Not Subscribe,0.27981016,2798,27.98%,2234,0.433392539964476,0,Not Recommended,0.20 to 0.39,20% to 39%,37,blue-collar,married,basic.9y,telephone,jun,7,0,nonexistent,0,0,0,0,0,0,0
test_003258,test,0,Did Not Subscribe,0.279745,2797,27.97%,2235,0.4331387972595788,0,Not Recommended,0.20 to 0.39,20% to 39%,34,services,married,high.school,telephone,jul,2,0,nonexistent,0,0,0,0,0,0,0
test_000573,test,0,Did Not Subscribe,0.279554,2796,27.96%,2236,0.4328850545546815,0,Not Recommended,0.20 to 0.39,20% to 39%,41,management,married,basic.6y,cellular,may,2,0,nonexistent,0,0,0,0,0,0,0
test_001651,test,1,Subscribed,0.2794386,2794,27.94%,2237,0.4326313118497843,0,Not Recommended,0.20 to 0.39,20% to 39%,45,management,married,university.degree,cellular,may,1,1,failure,0,0,0,0,0,0,0
test_003698,test,0,Did Not Subscribe,0.27934968,2793,27.93%,2238,0.4323775691448871,0,Not Recommended,0.20 to 0.39,20% to 39%,50,technician,married,basic.6y,telephone,jun,2,0,nonexistent,0,0,0,0,0,0,0
test_003013,test,0,Did Not Subscribe,0.27933696,2793,27.93%,2239,0.4321238264399898,0,Not Recommended,0.20 to 0.39,20% to 39%,33,blue-collar,married,basic.9y,telephone,jun,1,0,nonexistent,0,0,0,0,0,0,0
test_002034,test,0,Did Not Subscribe,0.27924237,2792,27.92%,2240,0.4318700837350926,0,Not Recommended,0.20 to 0.39,20% to 39%,52,technician,married,professional.course,cellular,aug,2,0,nonexistent,0,0,0,0,0,0,0
test_000835,test,0,Did Not Subscribe,0.27915028,2792,27.92%,2241,0.4316163410301954,0,Not Recommended,0.20 to 0.39,20% to 39%,40,admin.,single,high.school,telephone,may,1,0,nonexistent,0,0,0,0,0,0,0
test_001129,test,0,Did Not Subscribe,0.27907476,2791,27.91%,2242,0.4313625983252981,0,Not Recommended,0.20 to 0.39,20% to 39%,39,blue-collar,married,basic.6y,cellular,may,1,1,failure,0,0,0,0,0,0,0
test_000254,test,0,Did Not Subscribe,0.27897465,2790,27.90%,2243,0.4311088556204009,0,Not Recommended,0.20 to 0.39,20% to 39%,50,blue-collar,married,basic.4y,cellular,may,3,0,nonexistent,0,0,0,0,0,0,0
test_002489,test,0,Did Not Subscribe,0.27896383,2790,27.90%,2244,0.4308551129155037,0,Not Recommended,0.20 to 0.39,20% to 39%,29,blue-collar,married,basic.9y,cellular,may,1,1,failure,0,0,0,0,0,0,0
test_000386,test,0,Did Not Subscribe,0.27887827,2789,27.89%,2245,0.4306013702106064,0,Not Recommended,0.20 to 0.39,20% to 39%,47,blue-collar,married,basic.4y,cellular,aug,2,0,nonexistent,0,0,0,0,0,0,0
test_000557,test,0,Did Not Subscribe,0.27870253,2787,27.87%,2246,0.4303476275057092,0,Not Recommended,0.20 to 0.39,20% to 39%,32,technician,married,university.degree,cellular,jul,7,0,nonexistent,0,0,0,0,0,0,0
test_002957,test,0,Did Not Subscribe,0.27849963,2785,27.85%,2247,0.430093884800812,0,Not Recommended,0.20 to 0.39,20% to 39%,26,services,married,high.school,cellular,may,9,1,failure,0,0,0,0,0,0,0
test_003397,test,0,Did Not Subscribe,0.27840018,2784,27.84%,2248,0.4298401420959147,0,Not Recommended,0.20 to 0.39,20% to 39%,35,admin.,married,university.degree,telephone,jun,4,0,nonexistent,0,0,0,0,0,0,0
test_001143,test,0,Did Not Subscribe,0.27825072,2783,27.83%,2249,0.4295863993910175,0,Not Recommended,0.20 to 0.39,20% to 39%,31,technician,single,professional.course,cellular,aug,2,0,nonexistent,0,0,0,0,0,0,0
test_000455,test,1,Subscribed,0.27824205,2782,27.82%,2250,0.4293326566861203,0,Not Recommended,0.20 to 0.39,20% to 39%,34,unemployed,married,high.school,cellular,nov,2,0,nonexistent,0,0,0,0,0,0,0
test_003818,test,0,Did Not Subscribe,0.27820075,2782,27.82%,2251,0.429078913981223,0,Not Recommended,0.20 to 0.39,20% to 39%,33,admin.,married,high.school,cellular,may,1,1,failure,0,0,0,0,0,0,0
test_002895,test,0,Did Not Subscribe,0.27815348,2782,27.82%,2252,0.4288251712763258,0,Not Recommended,0.20 to 0.39,20% to 39%,37,blue-collar,married,basic.4y,cellular,may,1,2,failure,0,0,0,0,0,0,0
test_003123,test,0,Did Not Subscribe,0.2780992,2781,27.81%,2253,0.4285714285714286,0,Not Recommended,0.20 to 0.39,20% to 39%,24,entrepreneur,single,high.school,telephone,jun,1,0,nonexistent,0,0,0,0,0,0,0
test_002689,test,0,Did Not Subscribe,0.2778373,2778,27.78%,2254,0.4283176858665313,0,Not Recommended,0.20 to 0.39,20% to 39%,33,blue-collar,single,basic.9y,telephone,jul,2,0,nonexistent,0,0,0,0,0,0,0
test_001465,test,0,Did Not Subscribe,0.277734,2777,27.77%,2255,0.4280639431616341,0,Not Recommended,0.20 to 0.39,20% to 39%,56,unemployed,married,basic.9y,cellular,nov,2,0,nonexistent,0,0,0,0,0,0,0
test_002731,test,0,Did Not Subscribe,0.27771285,2777,27.77%,2256,0.4278102004567369,0,Not Recommended,0.20 to 0.39,20% to 39%,38,admin.,single,university.degree,cellular,aug,2,0,nonexistent,0,0,0,0,0,0,0
test_003863,test,0,Did Not Subscribe,0.27757087,2776,27.76%,2257,0.4275564577518396,0,Not Recommended,0.20 to 0.39,20% to 39%,26,admin.,married,university.degree,telephone,may,4,0,nonexistent,0,0,0,0,0,0,0
test_001166,test,0,Did Not Subscribe,0.27742773,2774,27.74%,2258,0.4273027150469424,0,Not Recommended,0.20 to 0.39,20% to 39%,52,admin.,divorced,university.degree,cellular,jul,2,0,nonexistent,0,0,0,0,0,0,0
test_000513,test,0,Did Not Subscribe,0.27736682,2774,27.74%,2259,0.4270489723420452,0,Not Recommended,0.20 to 0.39,20% to 39%,29,blue-collar,married,high.school,telephone,nov,3,0,nonexistent,0,0,0,0,0,0,0
test_001146,test,0,Did Not Subscribe,0.27726927,2773,27.73%,2260,0.4267952296371479,0,Not Recommended,0.20 to 0.39,20% to 39%,25,student,single,high.school,telephone,may,5,0,nonexistent,0,0,0,0,0,0,0
test_000542,test,0,Did Not Subscribe,0.27721316,2772,27.72%,2261,0.4265414869322507,0,Not Recommended,0.20 to 0.39,20% to 39%,25,blue-collar,married,basic.9y,telephone,jun,1,0,nonexistent,0,0,0,0,0,0,0
test_003184,test,0,Did Not Subscribe,0.27708012,2771,27.71%,2262,0.4262877442273535,0,Not Recommended,0.20 to 0.39,20% to 39%,31,management,married,high.school,telephone,may,1,0,nonexistent,0,0,0,0,0,0,0
test_000284,test,0,Did Not Subscribe,0.27706552,2771,27.71%,2263,0.4260340015224562,0,Not Recommended,0.20 to 0.39,20% to 39%,32,admin.,single,university.degree,cellular,aug,3,0,nonexistent,0,0,0,0,0,0,0
test_001903,test,0,Did Not Subscribe,0.27703804,2770,27.70%,2264,0.425780258817559,0,Not Recommended,0.20 to 0.39,20% to 39%,50,blue-collar,married,professional.course,cellular,may,1,1,failure,0,0,0,0,0,0,0
test_000072,test,0,Did Not Subscribe,0.2769744,2770,27.70%,2265,0.4255265161126618,0,Not Recommended,0.20 to 0.39,20% to 39%,33,services,married,professional.course,cellular,aug,1,0,nonexistent,0,0,0,0,0,0,0
test_000070,test,0,Did Not Subscribe,0.27686983,2769,27.69%,2266,0.4252727734077645,0,Not Recommended,0.20 to 0.39,20% to 39%,47,blue-collar,married,basic.6y,cellular,aug,1,0,nonexistent,0,0,0,0,0,0,0
test_000929,test,0,Did Not Subscribe,0.27686396,2769,27.69%,2267,0.4250190307028673,0,Not Recommended,0.20 to 0.39,20% to 39%,34,admin.,single,university.degree,cellular,aug,1,0,nonexistent,0,0,0,0,0,0,0
test_002907,test,0,Did Not Subscribe,0.2768116,2768,27.68%,2268,0.4247652879979701,0,Not Recommended,0.20 to 0.39,20% to 39%,40,blue-collar,single,high.school,cellular,nov,2,0,nonexistent,0,0,0,0,0,0,0
test_000212,test,0,Did Not Subscribe,0.2767918,2768,27.68%,2269,0.4245115452930728,0,Not Recommended,0.20 to 0.39,20% to 39%,31,technician,single,professional.course,telephone,jul,2,0,nonexistent,0,0,0,0,0,0,0
test_001430,test,0,Did Not Subscribe,0.27671698,2767,27.67%,2270,0.4242578025881756,0,Not Recommended,0.20 to 0.39,20% to 39%,55,management,married,university.degree,cellular,nov,2,0,nonexistent,0,0,0,0,0,0,0
test_000372,test,0,Did Not Subscribe,0.2764907,2765,27.65%,2271,0.4240040598832784,0,Not Recommended,0.20 to 0.39,20% to 39%,35,technician,married,university.degree,cellular,may,1,1,failure,0,0,0,0,0,0,0
test_003468,test,0,Did Not Subscribe,0.27637348,2764,27.64%,2272,0.4237503171783811,0,Not Recommended,0.20 to 0.39,20% to 39%,56,unknown,married,unknown,telephone,may,15,0,nonexistent,0,0,0,0,0,0,0
test_000148,test,0,Did Not Subscribe,0.2763388,2763,27.63%,2273,0.4234965744734839,0,Not Recommended,0.20 to 0.39,20% to 39%,46,blue-collar,divorced,basic.9y,cellular,jul,2,0,nonexistent,0,0,0,0,0,0,0
test_000223,test,0,Did Not Subscribe,0.27633616,2763,27.63%,2274,0.4232428317685867,0,Not Recommended,0.20 to 0.39,20% to 39%,36,blue-collar,married,basic.6y,telephone,jul,1,0,nonexistent,0,0,0,0,0,0,0
test_001267,test,0,Did Not Subscribe,0.2762352,2762,27.62%,2275,0.4229890890636893,0,Not Recommended,0.20 to 0.39,20% to 39%,38,blue-collar,married,high.school,telephone,jun,1,0,nonexistent,0,0,0,0,0,0,0
test_003532,test,0,Did Not Subscribe,0.2761136,2761,27.61%,2276,0.4227353463587922,0,Not Recommended,0.20 to 0.39,20% to 39%,40,technician,married,high.school,cellular,nov,4,0,nonexistent,0,0,0,0,0,0,0
test_002526,test,0,Did Not Subscribe,0.2760644,2761,27.61%,2277,0.422481603653895,0,Not Recommended,0.20 to 0.39,20% to 39%,36,admin.,married,university.degree,telephone,apr,3,1,failure,0,0,0,0,0,0,0
test_000683,test,0,Did Not Subscribe,0.2759831,2760,27.60%,2278,0.4222278609489976,0,Not Recommended,0.20 to 0.39,20% to 39%,39,unemployed,married,basic.9y,cellular,may,2,1,failure,0,0,0,0,0,0,0
test_003734,test,0,Did Not Subscribe,0.27573264,2757,27.57%,2279,0.4219741182441004,0,Not Recommended,0.20 to 0.39,20% to 39%,28,technician,married,professional.course,cellular,jul,1,0,nonexistent,0,0,0,0,0,0,0
test_000687,test,0,Did Not Subscribe,0.27569488,2757,27.57%,2280,0.4217203755392033,0,Not Recommended,0.20 to 0.39,20% to 39%,41,blue-collar,married,basic.6y,telephone,jul,1,0,nonexistent,0,0,0,0,0,0,0
test_000957,test,0,Did Not Subscribe,0.2756745,2757,27.57%,2281,0.4214666328343059,0,Not Recommended,0.20 to 0.39,20% to 39%,30,blue-collar,married,professional.course,telephone,jun,3,0,nonexistent,0,0,0,0,0,0,0
test_002318,test,0,Did Not Subscribe,0.27562752,2756,27.56%,2282,0.4212128901294087,0,Not Recommended,0.20 to 0.39,20% to 39%,26,admin.,single,basic.9y,telephone,jun,3,0,nonexistent,0,0,0,0,0,0,0
test_003041,test,0,Did Not Subscribe,0.2755686,2756,27.56%,2283,0.4209591474245115,0,Not Recommended,0.20 to 0.39,20% to 39%,55,admin.,married,university.degree,cellular,nov,3,0,nonexistent,0,0,0,0,0,0,0
test_001040,test,0,Did Not Subscribe,0.27549922,2755,27.55%,2284,0.4207054047196142,0,Not Recommended,0.20 to 0.39,20% to 39%,31,services,single,high.school,telephone,may,3,0,nonexistent,0,0,0,0,0,0,0
test_003456,test,0,Did Not Subscribe,0.27539816,2754,27.54%,2285,0.420451662014717,0,Not Recommended,0.20 to 0.39,20% to 39%,35,technician,married,professional.course,cellular,aug,1,0,nonexistent,0,0,0,0,0,0,0
test_002679,test,1,Subscribed,0.27515545,2752,27.52%,2286,0.4201979193098198,0,Not Recommended,0.20 to 0.39,20% to 39%,45,admin.,divorced,high.school,cellular,nov,2,0,nonexistent,0,0,0,0,0,0,0
test_002884,test,0,Did Not Subscribe,0.2750214,2750,27.50%,2287,0.4199441766049225,0,Not Recommended,0.20 to 0.39,20% to 39%,35,technician,married,professional.course,cellular,nov,3,0,nonexistent,0,0,0,0,0,0,0
test_002719,test,0,Did Not Subscribe,0.27488968,2749,27.49%,2288,0.4196904339000253,0,Not Recommended,0.20 to 0.39,20% to 39%,43,admin.,married,university.degree,telephone,jun,4,0,nonexistent,0,0,0,0,0,0,0
test_003790,test,0,Did Not Subscribe,0.27483973,2748,27.48%,2289,0.4194366911951281,0,Not Recommended,0.20 to 0.39,20% to 39%,37,unemployed,married,basic.6y,cellular,may,1,1,failure,0,0,0,0,0,0,0
test_000512,test,0,Did Not Subscribe,0.27482167,2748,27.48%,2290,0.4191829484902308,0,Not Recommended,0.20 to 0.39,20% to 39%,36,blue-collar,married,high.school,cellular,may,4,1,failure,0,0,0,0,0,0,0
test_000125,test,0,Did Not Subscribe,0.27467695,2747,27.47%,2291,0.4189292057853336,0,Not Recommended,0.20 to 0.39,20% to 39%,28,admin.,single,high.school,telephone,may,2,0,nonexistent,0,0,0,0,0,0,0
test_001111,test,0,Did Not Subscribe,0.27456206,2746,27.46%,2292,0.4186754630804364,0,Not Recommended,0.20 to 0.39,20% to 39%,30,technician,married,high.school,cellular,aug,1,0,nonexistent,0,0,0,0,0,0,0
test_000193,test,0,Did Not Subscribe,0.27452996,2745,27.45%,2293,0.4184217203755391,0,Not Recommended,0.20 to 0.39,20% to 39%,36,management,married,basic.6y,telephone,jul,2,0,nonexistent,0,0,0,0,0,0,0
test_003443,test,0,Did Not Subscribe,0.2744493,2744,27.44%,2294,0.4181679776706419,0,Not Recommended,0.20 to 0.39,20% to 39%,43,admin.,married,university.degree,telephone,may,1,0,nonexistent,0,0,0,0,0,0,0
test_001715,test,0,Did Not Subscribe,0.27442998,2744,27.44%,2295,0.4179142349657447,0,Not Recommended,0.20 to 0.39,20% to 39%,50,blue-collar,married,basic.4y,cellular,aug,2,0,nonexistent,0,0,0,0,0,0,0
test_001170,test,0,Did Not Subscribe,0.27440444,2744,27.44%,2296,0.4176604922608474,0,Not Recommended,0.20 to 0.39,20% to 39%,30,technician,single,professional.course,cellular,aug,1,0,nonexistent,0,0,0,0,0,0,0
test_001613,test,0,Did Not Subscribe,0.2743749,2744,27.44%,2297,0.4174067495559502,0,Not Recommended,0.20 to 0.39,20% to 39%,46,entrepreneur,married,basic.4y,cellular,apr,3,0,nonexistent,0,0,0,0,0,0,0
test_002915,test,1,Subscribed,0.27416936,2742,27.42%,2298,0.417153006851053,0,Not Recommended,0.20 to 0.39,20% to 39%,34,admin.,single,university.degree,cellular,aug,1,0,nonexistent,0,0,0,0,0,0,0
test_000145,test,0,Did Not Subscribe,0.27414548,2741,27.41%,2299,0.4168992641461557,0,Not Recommended,0.20 to 0.39,20% to 39%,54,admin.,divorced,unknown,cellular,jul,7,0,nonexistent,0,0,0,0,0,0,0
test_003420,test,0,Did Not Subscribe,0.27398762,2740,27.40%,2300,0.4166455214412585,0,Not Recommended,0.20 to 0.39,20% to 39%,37,admin.,single,high.school,cellular,nov,2,0,nonexistent,0,0,0,0,0,0,0
test_000118,test,0,Did Not Subscribe,0.27398372,2740,27.40%,2301,0.4163917787363613,0,Not Recommended,0.20 to 0.39,20% to 39%,36,services,divorced,high.school,cellular,nov,1,0,nonexistent,0,0,0,0,0,0,0
test_000285,test,0,Did Not Subscribe,0.27389815,2739,27.39%,2302,0.416138036031464,0,Not Recommended,0.20 to 0.39,20% to 39%,45,blue-collar,married,basic.9y,cellular,jul,10,0,nonexistent,0,0,0,0,0,0,0
test_000896,test,0,Did Not Subscribe,0.27366042,2737,27.37%,2303,0.4158842933265668,0,Not Recommended,0.20 to 0.39,20% to 39%,50,services,married,high.school,cellular,nov,1,0,nonexistent,0,0,0,0,0,0,0
test_001802,test,0,Did Not Subscribe,0.2736238,2736,27.36%,2304,0.4156305506216696,0,Not Recommended,0.20 to 0.39,20% to 39%,36,admin.,single,university.degree,cellular,jul,7,0,nonexistent,0,0,0,0,0,0,0
test_001658,test,0,Did Not Subscribe,0.27346003,2735,27.35%,2305,0.4153768079167723,0,Not Recommended,0.20 to 0.39,20% to 39%,35,services,single,high.school,cellular,may,1,1,failure,0,0,0,0,0,0,0
test_001546,test,0,Did Not Subscribe,0.27345678,2735,27.35%,2306,0.4151230652118751,0,Not Recommended,0.20 to 0.39,20% to 39%,54,management,married,high.school,cellular,may,3,0,nonexistent,0,0,0,0,0,0,0
test_002220,test,0,Did Not Subscribe,0.27345562,2735,27.35%,2307,0.4148693225069779,0,Not Recommended,0.20 to 0.39,20% to 39%,58,blue-collar,married,basic.9y,cellular,may,2,1,failure,0,0,0,0,0,0,0
test_000536,test,0,Did Not Subscribe,0.27325547,2733,27.33%,2308,0.4146155798020806,0,Not Recommended,0.20 to 0.39,20% to 39%,36,services,single,high.school,telephone,may,2,0,nonexistent,0,0,0,0,0,0,0
test_000991,test,0,Did Not Subscribe,0.2732316,2732,27.32%,2309,0.4143618370971834,0,Not Recommended,0.20 to 0.39,20% to 39%,59,retired,married,basic.4y,cellular,aug,1,0,nonexistent,0,0,0,0,0,0,0
test_001801,test,0,Did Not Subscribe,0.2732084,2732,27.32%,2310,0.4141080943922862,0,Not Recommended,0.20 to 0.39,20% to 39%,33,technician,single,professional.course,cellular,aug,2,0,nonexistent,0,0,0,0,0,0,0
test_002001,test,0,Did Not Subscribe,0.2732034,2732,27.32%,2311,0.4138543516873889,0,Not Recommended,0.20 to 0.39,20% to 39%,30,services,married,high.school,telephone,jun,5,0,nonexistent,0,0,0,0,0,0,0
test_002653,test,0,Did Not Subscribe,0.2729971,2730,27.30%,2312,0.4136006089824917,0,Not Recommended,0.20 to 0.39,20% to 39%,33,blue-collar,single,basic.9y,telephone,may,2,0,nonexistent,0,0,0,0,0,0,0
test_000632,test,0,Did Not Subscribe,0.27286264,2729,27.29%,2313,0.4133468662775945,0,Not Recommended,0.20 to 0.39,20% to 39%,35,services,single,high.school,cellular,may,1,1,failure,0,0,0,0,0,0,0
test_003210,test,0,Did Not Subscribe,0.27276373,2728,27.28%,2314,0.4130931235726972,0,Not Recommended,0.20 to 0.39,20% to 39%,50,technician,married,professional.course,cellular,aug,2,0,nonexistent,0,0,0,0,0,0,0
test_000432,test,0,Did Not Subscribe,0.272667,2727,27.27%,2315,0.4128393808678,0,Not Recommended,0.20 to 0.39,20% to 39%,56,housemaid,married,basic.4y,cellular,aug,1,0,nonexistent,0,0,0,0,0,0,0
test_002422,test,0,Did Not Subscribe,0.27258176,2726,27.26%,2316,0.4125856381629028,0,Not Recommended,0.20 to 0.39,20% to 39%,52,blue-collar,married,basic.9y,cellular,nov,2,0,nonexistent,0,0,0,0,0,0,0
test_001827,test,0,Did Not Subscribe,0.27253318,2725,27.25%,2317,0.4123318954580056,0,Not Recommended,0.20 to 0.39,20% to 39%,35,blue-collar,married,high.school,telephone,jun,1,0,nonexistent,0,0,0,0,0,0,0
test_003711,test,1,Subscribed,0.27243716,2724,27.24%,2318,0.4120781527531083,0,Not Recommended,0.20 to 0.39,20% to 39%,29,blue-collar,married,basic.4y,cellular,may,1,1,failure,0,0,0,0,0,0,0
test_001319,test,0,Did Not Subscribe,0.2723097,2723,27.23%,2319,0.4118244100482111,0,Not Recommended,0.20 to 0.39,20% to 39%,58,entrepreneur,married,university.degree,telephone,jun,1,0,nonexistent,0,0,0,0,0,0,0
test_003080,test,0,Did Not Subscribe,0.27230412,2723,27.23%,2320,0.4115706673433139,0,Not Recommended,0.20 to 0.39,20% to 39%,31,entrepreneur,divorced,high.school,telephone,jun,3,0,nonexistent,0,0,0,0,0,0,0
test_000718,test,0,Did Not Subscribe,0.27227888,2723,27.23%,2321,0.4113169246384166,0,Not Recommended,0.20 to 0.39,20% to 39%,33,entrepreneur,married,basic.6y,cellular,nov,2,1,failure,0,0,0,0,0,0,0
test_002249,test,0,Did Not Subscribe,0.27221358,2722,27.22%,2322,0.4110631819335194,0,Not Recommended,0.20 to 0.39,20% to 39%,38,housemaid,married,basic.4y,cellular,aug,1,0,nonexistent,0,0,0,0,0,0,0
test_003708,test,0,Did Not Subscribe,0.27206725,2721,27.21%,2323,0.4108094392286222,0,Not Recommended,0.20 to 0.39,20% to 39%,39,management,married,university.degree,telephone,jun,5,0,nonexistent,0,0,0,0,0,0,0
test_001438,test,0,Did Not Subscribe,0.27192497,2719,27.19%,2324,0.4105556965237249,0,Not Recommended,0.20 to 0.39,20% to 39%,28,blue-collar,married,unknown,telephone,jun,3,0,nonexistent,0,0,0,0,0,0,0
test_002791,test,0,Did Not Subscribe,0.27191606,2719,27.19%,2325,0.4103019538188277,0,Not Recommended,0.20 to 0.39,20% to 39%,44,blue-collar,married,basic.9y,telephone,jun,1,0,nonexistent,0,0,0,0,0,0,0
test_000098,test,0,Did Not Subscribe,0.27173206,2717,27.17%,2326,0.4100482111139305,0,Not Recommended,0.20 to 0.39,20% to 39%,44,management,married,university.degree,telephone,jul,1,0,nonexistent,0,0,0,0,0,0,0
test_001881,test,0,Did Not Subscribe,0.27168316,2717,27.17%,2327,0.4097944684090332,0,Not Recommended,0.20 to 0.39,20% to 39%,58,blue-collar,married,basic.4y,telephone,jun,2,0,nonexistent,0,0,0,0,0,0,0
test_003486,test,0,Did Not Subscribe,0.27167085,2717,27.17%,2328,0.409540725704136,0,Not Recommended,0.20 to 0.39,20% to 39%,44,services,married,professional.course,cellular,aug,2,0,nonexistent,0,0,0,0,0,0,0
test_000919,test,0,Did Not Subscribe,0.271633,2716,27.16%,2329,0.4092869829992388,0,Not Recommended,0.20 to 0.39,20% to 39%,31,admin.,single,university.degree,telephone,jun,1,0,nonexistent,0,0,0,0,0,0,0
test_000655,test,0,Did Not Subscribe,0.27146056,2715,27.15%,2330,0.4090332402943415,0,Not Recommended,0.20 to 0.39,20% to 39%,34,admin.,single,university.degree,telephone,jun,2,0,nonexistent,0,0,0,0,0,0,0
test_001929,test,0,Did Not Subscribe,0.27140856,2714,27.14%,2331,0.4087794975894443,0,Not Recommended,0.20 to 0.39,20% to 39%,44,admin.,married,university.degree,telephone,jun,1,0,nonexistent,0,0,0,0,0,0,0
test_001634,test,0,Did Not Subscribe,0.2713823,2714,27.14%,2332,0.4085257548845471,0,Not Recommended,0.20 to 0.39,20% to 39%,31,blue-collar,married,basic.9y,cellular,nov,1,0,nonexistent,0,0,0,0,0,0,0
test_001230,test,0,Did Not Subscribe,0.27127534,2713,27.13%,2333,0.4082720121796498,0,Not Recommended,0.20 to 0.39,20% to 39%,46,technician,married,professional.course,cellular,jul,9,0,nonexistent,0,0,0,0,0,0,0
test_002699,test,0,Did Not Subscribe,0.27119455,2712,27.12%,2334,0.4080182694747526,0,Not Recommended,0.20 to 0.39,20% to 39%,40,blue-collar,divorced,basic.9y,telephone,jun,1,0,nonexistent,0,0,0,0,0,0,0
test_003408,test,0,Did Not Subscribe,0.27098098,2710,27.10%,2335,0.4077645267698554,0,Not Recommended,0.20 to 0.39,20% to 39%,29,blue-collar,single,high.school,cellular,may,2,1,failure,0,0,0,0,0,0,0
test_003125,test,0,Did Not Subscribe,0.27097213,2710,27.10%,2336,0.4075107840649581,0,Not Recommended,0.20 to 0.39,20% to 39%,32,admin.,divorced,university.degree,cellular,aug,1,0,nonexistent,0,0,0,0,0,0,0
test_000686,test,0,Did Not Subscribe,0.27096757,2710,27.10%,2337,0.4072570413600609,0,Not Recommended,0.20 to 0.39,20% to 39%,36,admin.,married,basic.9y,telephone,jun,3,0,nonexistent,0,0,0,0,0,0,0
test_000865,test,0,Did Not Subscribe,0.2709105,2709,27.09%,2338,0.4070032986551637,0,Not Recommended,0.20 to 0.39,20% to 39%,48,management,divorced,university.degree,cellular,may,6,0,nonexistent,0,0,0,0,0,0,0
test_000242,test,0,Did Not Subscribe,0.27089545,2709,27.09%,2339,0.4067495559502664,0,Not Recommended,0.20 to 0.39,20% to 39%,37,blue-collar,divorced,basic.9y,telephone,jun,2,0,nonexistent,0,0,0,0,0,0,0
test_000183,test,0,Did Not Subscribe,0.2708631,2709,27.09%,2340,0.4064958132453692,0,Not Recommended,0.20 to 0.39,20% to 39%,40,technician,married,professional.course,cellular,aug,3,0,nonexistent,0,0,0,0,0,0,0
test_000462,test,0,Did Not Subscribe,0.2707273,2707,27.07%,2341,0.406242070540472,0,Not Recommended,0.20 to 0.39,20% to 39%,28,unknown,single,basic.9y,telephone,may,3,0,nonexistent,0,0,0,0,0,0,0
test_000436,test,0,Did Not Subscribe,0.27066457,2707,27.07%,2342,0.4059883278355747,0,Not Recommended,0.20 to 0.39,20% to 39%,30,admin.,divorced,university.degree,cellular,aug,10,0,nonexistent,0,0,0,0,0,0,0
test_001122,test,0,Did Not Subscribe,0.27063975,2706,27.06%,2343,0.4057345851306775,0,Not Recommended,0.20 to 0.39,20% to 39%,53,admin.,divorced,high.school,telephone,nov,2,0,nonexistent,0,0,0,0,0,0,0
test_002199,test,0,Did Not Subscribe,0.27054018,2705,27.05%,2344,0.4054808424257803,0,Not Recommended,0.20 to 0.39,20% to 39%,30,technician,single,university.degree,cellular,aug,1,0,nonexistent,0,0,0,0,0,0,0
test_000649,test,0,Did Not Subscribe,0.27045736,2705,27.05%,2345,0.405227099720883,0,Not Recommended,0.20 to 0.39,20% to 39%,27,housemaid,married,high.school,cellular,jul,2,0,nonexistent,0,0,0,0,0,0,0
test_003060,test,0,Did Not Subscribe,0.2703895,2704,27.04%,2346,0.4049733570159858,0,Not Recommended,0.20 to 0.39,20% to 39%,42,admin.,divorced,university.degree,cellular,aug,3,0,nonexistent,0,0,0,0,0,0,0
test_002558,test,0,Did Not Subscribe,0.27027822,2703,27.03%,2347,0.4047196143110886,0,Not Recommended,0.20 to 0.39,20% to 39%,42,entrepreneur,married,university.degree,cellular,nov,1,1,failure,0,0,0,0,0,0,0
test_003785,test,0,Did Not Subscribe,0.27023128,2702,27.02%,2348,0.4044658716061913,0,Not Recommended,0.20 to 0.39,20% to 39%,43,blue-collar,married,basic.6y,telephone,may,3,0,nonexistent,0,0,0,0,0,0,0
test_001676,test,0,Did Not Subscribe,0.27020794,2702,27.02%,2349,0.4042121289012941,0,Not Recommended,0.20 to 0.39,20% to 39%,28,management,single,basic.9y,telephone,jun,2,0,nonexistent,0,0,0,0,0,0,0
test_003097,test,0,Did Not Subscribe,0.27020648,2702,27.02%,2350,0.4039583861963969,0,Not Recommended,0.20 to 0.39,20% to 39%,40,admin.,divorced,university.degree,telephone,aug,5,0,nonexistent,0,0,0,0,0,0,0
test_000320,test,0,Did Not Subscribe,0.27014548,2701,27.01%,2351,0.4037046434914996,0,Not Recommended,0.20 to 0.39,20% to 39%,52,blue-collar,married,basic.4y,cellular,may,4,1,failure,0,0,0,0,0,0,0
test_000843,test,0,Did Not Subscribe,0.27004963,2700,27.00%,2352,0.4034509007866024,0,Not Recommended,0.20 to 0.39,20% to 39%,41,services,single,professional.course,cellular,nov,2,0,nonexistent,0,0,0,0,0,0,0
test_000646,test,0,Did Not Subscribe,0.2700221,2700,27.00%,2353,0.4031971580817052,0,Not Recommended,0.20 to 0.39,20% to 39%,45,blue-collar,married,basic.9y,cellular,apr,3,1,failure,0,0,0,0,0,0,0
test_002970,test,1,Subscribed,0.26996517,2700,27.00%,2354,0.4029434153768079,0,Not Recommended,0.20 to 0.39,20% to 39%,36,self-employed,married,basic.9y,cellular,aug,2,0,nonexistent,0,0,0,0,0,0,0
test_001652,test,0,Did Not Subscribe,0.26991692,2699,26.99%,2355,0.4026896726719107,0,Not Recommended,0.20 to 0.39,20% to 39%,41,blue-collar,divorced,high.school,cellular,apr,1,0,nonexistent,0,0,0,0,0,0,0
test_003750,test,0,Did Not Subscribe,0.2698073,2698,26.98%,2356,0.4024359299670135,0,Not Recommended,0.20 to 0.39,20% to 39%,30,services,single,high.school,telephone,may,2,0,nonexistent,0,0,0,0,0,0,0
test_000092,test,0,Did Not Subscribe,0.26971886,2697,26.97%,2357,0.4021821872621162,0,Not Recommended,0.20 to 0.39,20% to 39%,41,services,married,high.school,cellular,apr,2,1,failure,0,0,0,0,0,0,0
test_001933,test,0,Did Not Subscribe,0.26964262,2696,26.96%,2358,0.401928444557219,0,Not Recommended,0.20 to 0.39,20% to 39%,33,blue-collar,single,basic.9y,cellular,may,2,1,failure,0,0,0,0,0,0,0
test_003568,test,0,Did Not Subscribe,0.2695535,2696,26.96%,2359,0.4016747018523218,0,Not Recommended,0.20 to 0.39,20% to 39%,47,admin.,divorced,high.school,cellular,nov,1,0,nonexistent,0,0,0,0,0,0,0
test_001755,test,1,Subscribed,0.269531,2695,26.95%,2360,0.4014209591474245,0,Not Recommended,0.20 to 0.39,20% to 39%,27,self-employed,single,university.degree,telephone,jun,1,0,nonexistent,0,0,0,0,0,0,0
test_002652,test,1,Subscribed,0.26949146,2695,26.95%,2361,0.4011672164425273,0,Not Recommended,0.20 to 0.39,20% to 39%,54,retired,married,basic.4y,telephone,jul,3,0,nonexistent,0,0,0,0,0,0,0
test_001518,test,0,Did Not Subscribe,0.26948795,2695,26.95%,2362,0.4009134737376301,0,Not Recommended,0.20 to 0.39,20% to 39%,38,management,married,high.school,telephone,may,1,0,nonexistent,0,0,0,0,0,0,0
test_000385,test,0,Did Not Subscribe,0.26946563,2695,26.95%,2363,0.4006597310327328,0,Not Recommended,0.20 to 0.39,20% to 39%,42,technician,divorced,professional.course,cellular,aug,2,0,nonexistent,0,0,0,0,0,0,0
test_000775,test,0,Did Not Subscribe,0.26939702,2694,26.94%,2364,0.4004059883278356,0,Not Recommended,0.20 to 0.39,20% to 39%,33,blue-collar,single,basic.9y,telephone,jul,8,0,nonexistent,0,0,0,0,0,0,0
test_001224,test,0,Did Not Subscribe,0.26933488,2693,26.93%,2365,0.4001522456229384,0,Not Recommended,0.20 to 0.39,20% to 39%,35,blue-collar,married,basic.9y,telephone,jul,5,0,nonexistent,0,0,0,0,0,0,0
test_000729,test,0,Did Not Subscribe,0.26930937,2693,26.93%,2366,0.3998985029180411,0,Not Recommended,0.20 to 0.39,20% to 39%,44,admin.,single,basic.6y,telephone,jul,7,0,nonexistent,0,0,0,0,0,0,0
test_003262,test,0,Did Not Subscribe,0.2692769,2693,26.93%,2367,0.3996447602131439,0,Not Recommended,0.20 to 0.39,20% to 39%,34,management,married,basic.4y,cellular,may,4,0,nonexistent,0,0,0,0,0,0,0
test_003693,test,0,Did Not Subscribe,0.26915017,2692,26.92%,2368,0.3993910175082467,0,Not Recommended,0.20 to 0.39,20% to 39%,30,services,married,unknown,telephone,jun,10,0,nonexistent,0,0,0,0,0,0,0
test_001217,test,0,Did Not Subscribe,0.26911092,2691,26.91%,2369,0.3991372748033494,0,Not Recommended,0.20 to 0.39,20% to 39%,35,technician,single,professional.course,cellular,aug,2,0,nonexistent,0,0,0,0,0,0,0
test_002819,test,0,Did Not Subscribe,0.2690767,2691,26.91%,2370,0.3988835320984522,0,Not Recommended,0.20 to 0.39,20% to 39%,48,housemaid,married,university.degree,cellular,jul,6,0,nonexistent,0,0,0,0,0,0,0
test_001439,test,0,Did Not Subscribe,0.2688458,2688,26.88%,2371,0.398629789393555,0,Not Recommended,0.20 to 0.39,20% to 39%,33,technician,single,high.school,telephone,nov,3,0,nonexistent,0,0,0,0,0,0,0
test_000706,test,0,Did Not Subscribe,0.2687676,2688,26.88%,2372,0.3983760466886576,0,Not Recommended,0.20 to 0.39,20% to 39%,45,blue-collar,married,basic.4y,telephone,jun,9,0,nonexistent,0,0,0,0,0,0,0
test_000195,test,0,Did Not Subscribe,0.26860392,2686,26.86%,2373,0.3981223039837605,0,Not Recommended,0.20 to 0.39,20% to 39%,33,admin.,married,high.school,cellular,aug,1,0,nonexistent,0,0,0,0,0,0,0
test_001385,test,0,Did Not Subscribe,0.26841298,2684,26.84%,2374,0.3978685612788633,0,Not Recommended,0.20 to 0.39,20% to 39%,27,student,single,university.degree,telephone,may,1,0,nonexistent,0,0,0,0,0,0,0
test_002953,test,0,Did Not Subscribe,0.26837426,2684,26.84%,2375,0.3976148185739659,0,Not Recommended,0.20 to 0.39,20% to 39%,36,housemaid,married,basic.6y,cellular,aug,2,0,nonexistent,0,0,0,0,0,0,0
test_000768,test,1,Subscribed,0.26828772,2683,26.83%,2376,0.3973610758690687,0,Not Recommended,0.20 to 0.39,20% to 39%,35,technician,single,university.degree,telephone,may,1,0,nonexistent,0,0,0,0,0,0,0
test_002809,test,0,Did Not Subscribe,0.2681987,2682,26.82%,2377,0.3971073331641715,0,Not Recommended,0.20 to 0.39,20% to 39%,57,admin.,divorced,university.degree,cellular,nov,3,0,nonexistent,0,0,0,0,0,0,0
test_000101,test,0,Did Not Subscribe,0.26806277,2681,26.81%,2378,0.3968535904592742,0,Not Recommended,0.20 to 0.39,20% to 39%,31,housemaid,divorced,high.school,cellular,jul,4,0,nonexistent,0,0,0,0,0,0,0
test_003643,test,0,Did Not Subscribe,0.2679869,2680,26.80%,2379,0.396599847754377,0,Not Recommended,0.20 to 0.39,20% to 39%,37,technician,divorced,professional.course,cellular,aug,1,0,nonexistent,0,0,0,0,0,0,0
test_003869,test,0,Did Not Subscribe,0.26795658,2680,26.80%,2380,0.3963461050494798,0,Not Recommended,0.20 to 0.39,20% to 39%,31,housemaid,married,high.school,cellular,jul,6,0,nonexistent,0,0,0,0,0,0,0
test_000644,test,0,Did Not Subscribe,0.2679024,2679,26.79%,2381,0.3960923623445825,0,Not Recommended,0.20 to 0.39,20% to 39%,40,blue-collar,married,high.school,telephone,jun,1,0,nonexistent,0,0,0,0,0,0,0
test_000864,test,0,Did Not Subscribe,0.26786405,2679,26.79%,2382,0.3958386196396853,0,Not Recommended,0.20 to 0.39,20% to 39%,29,services,single,high.school,telephone,jun,2,0,nonexistent,0,0,0,0,0,0,0
test_000621,test,0,Did Not Subscribe,0.26783454,2678,26.78%,2383,0.3955848769347881,0,Not Recommended,0.20 to 0.39,20% to 39%,53,blue-collar,married,unknown,cellular,jul,1,0,nonexistent,0,0,0,0,0,0,0
test_003026,test,0,Did Not Subscribe,0.26776257,2678,26.78%,2384,0.3953311342298908,0,Not Recommended,0.20 to 0.39,20% to 39%,52,blue-collar,divorced,high.school,telephone,jun,5,0,nonexistent,0,0,0,0,0,0,0
test_003699,test,0,Did Not Subscribe,0.2677237,2677,26.77%,2385,0.3950773915249936,0,Not Recommended,0.20 to 0.39,20% to 39%,24,services,single,high.school,telephone,may,1,0,nonexistent,0,0,0,0,0,0,0
test_003853,test,0,Did Not Subscribe,0.26766562,2677,26.77%,2386,0.3948236488200964,0,Not Recommended,0.20 to 0.39,20% to 39%,34,admin.,single,university.degree,telephone,jul,4,0,nonexistent,0,0,0,0,0,0,0
test_002104,test,0,Did Not Subscribe,0.26749286,2675,26.75%,2387,0.3945699061151991,0,Not Recommended,0.20 to 0.39,20% to 39%,27,blue-collar,married,basic.4y,cellular,may,3,0,nonexistent,0,0,0,0,0,0,0
test_001336,test,0,Did Not Subscribe,0.2674221,2674,26.74%,2388,0.3943161634103019,0,Not Recommended,0.20 to 0.39,20% to 39%,52,unemployed,divorced,high.school,cellular,aug,2,0,nonexistent,0,0,0,0,0,0,0
test_001482,test,0,Did Not Subscribe,0.2673452,2673,26.73%,2389,0.3940624207054047,0,Not Recommended,0.20 to 0.39,20% to 39%,49,blue-collar,single,unknown,cellular,may,2,0,nonexistent,0,0,0,0,0,0,0
test_001847,test,0,Did Not Subscribe,0.26729006,2673,26.73%,2390,0.3938086780005074,0,Not Recommended,0.20 to 0.39,20% to 39%,34,blue-collar,single,high.school,telephone,jun,5,0,nonexistent,0,0,0,0,0,0,0
test_002978,test,0,Did Not Subscribe,0.2672881,2673,26.73%,2391,0.3935549352956102,0,Not Recommended,0.20 to 0.39,20% to 39%,37,admin.,married,high.school,cellular,may,2,0,nonexistent,0,0,0,0,0,0,0
test_003648,test,0,Did Not Subscribe,0.26717874,2672,26.72%,2392,0.393301192590713,0,Not Recommended,0.20 to 0.39,20% to 39%,39,services,married,high.school,telephone,jun,9,0,nonexistent,0,0,0,0,0,0,0
test_000799,test,0,Did Not Subscribe,0.2671528,2672,26.72%,2393,0.3930474498858157,0,Not Recommended,0.20 to 0.39,20% to 39%,29,student,married,high.school,telephone,jun,4,0,nonexistent,0,0,0,0,0,0,0
test_003220,test,0,Did Not Subscribe,0.26710525,2671,26.71%,2394,0.3927937071809185,0,Not Recommended,0.20 to 0.39,20% to 39%,47,technician,single,professional.course,cellular,jul,2,0,nonexistent,0,0,0,0,0,0,0
test_002413,test,1,Subscribed,0.26707903,2671,26.71%,2395,0.3925399644760213,0,Not Recommended,0.20 to 0.39,20% to 39%,48,management,married,university.degree,telephone,jun,7,0,nonexistent,0,0,0,0,0,0,0
test_001951,test,0,Did Not Subscribe,0.26672086,2667,26.67%,2396,0.392286221771124,0,Not Recommended,0.20 to 0.39,20% to 39%,40,admin.,married,university.degree,telephone,jun,5,0,nonexistent,0,0,0,0,0,0,0
test_003102,test,0,Did Not Subscribe,0.2666241,2666,26.66%,2397,0.3920324790662268,0,Not Recommended,0.20 to 0.39,20% to 39%,41,technician,married,university.degree,cellular,aug,2,0,nonexistent,0,0,0,0,0,0,0
test_000103,test,0,Did Not Subscribe,0.26655146,2666,26.66%,2398,0.3917787363613296,0,Not Recommended,0.20 to 0.39,20% to 39%,52,services,married,basic.6y,cellular,nov,2,0,nonexistent,0,0,0,0,0,0,0
test_003104,test,0,Did Not Subscribe,0.26649103,2665,26.65%,2399,0.3915249936564323,0,Not Recommended,0.20 to 0.39,20% to 39%,28,management,married,high.school,telephone,jun,6,0,nonexistent,0,0,0,0,0,0,0
test_002070,test,0,Did Not Subscribe,0.2662312,2662,26.62%,2400,0.3912712509515351,0,Not Recommended,0.20 to 0.39,20% to 39%,36,technician,married,professional.course,cellular,aug,7,0,nonexistent,0,0,0,0,0,0,0
test_000734,test,0,Did Not Subscribe,0.2661013,2661,26.61%,2401,0.3910175082466379,0,Not Recommended,0.20 to 0.39,20% to 39%,44,blue-collar,married,basic.6y,telephone,jun,6,0,nonexistent,0,0,0,0,0,0,0
test_001005,test,0,Did Not Subscribe,0.26596427,2660,26.60%,2402,0.3907637655417406,0,Not Recommended,0.20 to 0.39,20% to 39%,60,housemaid,married,high.school,telephone,may,1,0,nonexistent,0,0,0,0,0,0,0
test_002989,test,0,Did Not Subscribe,0.26591802,2659,26.59%,2403,0.3905100228368434,0,Not Recommended,0.20 to 0.39,20% to 39%,52,services,married,high.school,cellular,aug,3,0,nonexistent,0,0,0,0,0,0,0
test_002812,test,0,Did Not Subscribe,0.26573637,2657,26.57%,2404,0.3902562801319462,0,Not Recommended,0.20 to 0.39,20% to 39%,45,technician,married,professional.course,telephone,may,1,0,nonexistent,0,0,0,0,0,0,0
test_002601,test,0,Did Not Subscribe,0.26555118,2656,26.56%,2405,0.3900025374270489,0,Not Recommended,0.20 to 0.39,20% to 39%,41,technician,single,university.degree,telephone,may,3,0,nonexistent,0,0,0,0,0,0,0
test_002888,test,0,Did Not Subscribe,0.26550168,2655,26.55%,2406,0.3897487947221517,0,Not Recommended,0.20 to 0.39,20% to 39%,57,admin.,married,university.degree,cellular,nov,1,0,nonexistent,0,0,0,0,0,0,0
test_002698,test,1,Subscribed,0.2653927,2654,26.54%,2407,0.3894950520172545,0,Not Recommended,0.20 to 0.39,20% to 39%,52,management,married,university.degree,cellular,nov,1,0,nonexistent,0,0,0,0,0,0,0
test_002870,test,0,Did Not Subscribe,0.26537687,2654,26.54%,2408,0.3892413093123572,0,Not Recommended,0.20 to 0.39,20% to 39%,51,management,married,university.degree,cellular,aug,1,0,nonexistent,0,0,0,0,0,0,0
test_003584,test,1,Subscribed,0.2653642,2654,26.54%,2409,0.38898756660746,0,Not Recommended,0.20 to 0.39,20% to 39%,50,blue-collar,married,unknown,cellular,jul,1,0,nonexistent,0,0,0,0,0,0,0
test_002942,test,0,Did Not Subscribe,0.2651873,2652,26.52%,2410,0.3887338239025628,0,Not Recommended,0.20 to 0.39,20% to 39%,33,services,married,high.school,cellular,nov,1,1,failure,0,0,0,0,0,0,0
test_002156,test,0,Did Not Subscribe,0.2651623,2652,26.52%,2411,0.3884800811976655,0,Not Recommended,0.20 to 0.39,20% to 39%,36,technician,married,basic.9y,cellular,may,2,1,failure,0,0,0,0,0,0,0
test_003152,test,0,Did Not Subscribe,0.26515424,2652,26.52%,2412,0.3882263384927683,0,Not Recommended,0.20 to 0.39,20% to 39%,34,admin.,married,university.degree,cellular,aug,4,0,nonexistent,0,0,0,0,0,0,0
test_002196,test,0,Did Not Subscribe,0.26510644,2651,26.51%,2413,0.3879725957878711,0,Not Recommended,0.20 to 0.39,20% to 39%,56,admin.,married,high.school,cellular,nov,1,0,nonexistent,0,0,0,0,0,0,0
test_000577,test,0,Did Not Subscribe,0.26500317,2650,26.50%,2414,0.3877188530829738,0,Not Recommended,0.20 to 0.39,20% to 39%,42,blue-collar,married,basic.4y,telephone,may,2,0,nonexistent,0,0,0,0,0,0,0
test_001107,test,0,Did Not Subscribe,0.26498634,2650,26.50%,2415,0.3874651103780766,0,Not Recommended,0.20 to 0.39,20% to 39%,32,admin.,married,university.degree,telephone,may,3,0,nonexistent,0,0,0,0,0,0,0
test_001638,test,0,Did Not Subscribe,0.2648122,2648,26.48%,2416,0.3872113676731794,0,Not Recommended,0.20 to 0.39,20% to 39%,42,blue-collar,married,high.school,telephone,jun,2,0,nonexistent,0,0,0,0,0,0,0
test_002131,test,0,Did Not Subscribe,0.26481128,2648,26.48%,2417,0.3869576249682821,0,Not Recommended,0.20 to 0.39,20% to 39%,41,housemaid,married,university.degree,cellular,aug,1,0,nonexistent,0,0,0,0,0,0,0
test_000701,test,0,Did Not Subscribe,0.26480317,2648,26.48%,2418,0.3867038822633849,0,Not Recommended,0.20 to 0.39,20% to 39%,44,self-employed,married,university.degree,cellular,nov,4,0,nonexistent,0,0,0,0,0,0,0
test_003816,test,0,Did Not Subscribe,0.2647396,2647,26.47%,2419,0.3864501395584877,0,Not Recommended,0.20 to 0.39,20% to 39%,26,admin.,single,high.school,telephone,jun,1,0,nonexistent,0,0,0,0,0,0,0
test_002056,test,0,Did Not Subscribe,0.26473248,2647,26.47%,2420,0.3861963968535904,0,Not Recommended,0.20 to 0.39,20% to 39%,56,management,married,university.degree,telephone,jul,1,0,nonexistent,0,0,0,0,0,0,0
test_000497,test,0,Did Not Subscribe,0.26463658,2646,26.46%,2421,0.3859426541486932,0,Not Recommended,0.20 to 0.39,20% to 39%,32,technician,single,professional.course,telephone,jul,3,0,nonexistent,0,0,0,0,0,0,0
test_003355,test,0,Did Not Subscribe,0.26457438,2646,26.46%,2422,0.385688911443796,0,Not Recommended,0.20 to 0.39,20% to 39%,42,blue-collar,married,basic.9y,telephone,jun,1,0,nonexistent,0,0,0,0,0,0,0
test_002826,test,0,Did Not Subscribe,0.26449323,2645,26.45%,2423,0.3854351687388987,0,Not Recommended,0.20 to 0.39,20% to 39%,37,unemployed,married,university.degree,telephone,jul,3,0,nonexistent,0,0,0,0,0,0,0
test_000363,test,0,Did Not Subscribe,0.2644885,2645,26.45%,2424,0.3851814260340015,0,Not Recommended,0.20 to 0.39,20% to 39%,39,blue-collar,married,basic.4y,cellular,may,1,1,failure,0,0,0,0,0,0,0
test_001044,test,0,Did Not Subscribe,0.26439375,2644,26.44%,2425,0.3849276833291043,0,Not Recommended,0.20 to 0.39,20% to 39%,57,admin.,married,high.school,cellular,aug,1,0,nonexistent,0,0,0,0,0,0,0
test_000665,test,0,Did Not Subscribe,0.2642907,2643,26.43%,2426,0.384673940624207,0,Not Recommended,0.20 to 0.39,20% to 39%,38,technician,single,university.degree,cellular,aug,1,0,nonexistent,0,0,0,0,0,0,0
test_002745,test,0,Did Not Subscribe,0.26416427,2642,26.42%,2427,0.3844201979193098,0,Not Recommended,0.20 to 0.39,20% to 39%,59,retired,married,basic.4y,cellular,aug,13,0,nonexistent,0,0,0,0,0,0,0
test_002822,test,0,Did Not Subscribe,0.2641393,2641,26.41%,2428,0.3841664552144126,0,Not Recommended,0.20 to 0.39,20% to 39%,52,technician,married,high.school,telephone,jun,1,0,nonexistent,0,0,0,0,0,0,0
test_000124,test,0,Did Not Subscribe,0.2641238,2641,26.41%,2429,0.3839127125095153,0,Not Recommended,0.20 to 0.39,20% to 39%,32,blue-collar,single,basic.9y,telephone,may,1,0,nonexistent,0,0,0,0,0,0,0
test_002667,test,0,Did Not Subscribe,0.264086,2641,26.41%,2430,0.3836589698046181,0,Not Recommended,0.20 to 0.39,20% to 39%,38,blue-collar,single,basic.6y,telephone,jun,6,0,nonexistent,0,0,0,0,0,0,0
test_001670,test,0,Did Not Subscribe,0.26401797,2640,26.40%,2431,0.3834052270997209,0,Not Recommended,0.20 to 0.39,20% to 39%,46,admin.,married,high.school,cellular,jul,10,0,nonexistent,0,0,0,0,0,0,0
test_000754,test,0,Did Not Subscribe,0.26401234,2640,26.40%,2432,0.3831514843948236,0,Not Recommended,0.20 to 0.39,20% to 39%,44,services,married,basic.9y,telephone,jun,2,0,nonexistent,0,0,0,0,0,0,0
test_002672,test,0,Did Not Subscribe,0.26400584,2640,26.40%,2433,0.3828977416899264,0,Not Recommended,0.20 to 0.39,20% to 39%,51,blue-collar,married,basic.9y,telephone,may,2,0,nonexistent,0,0,0,0,0,0,0
test_000944,test,0,Did Not Subscribe,0.26388785,2639,26.39%,2434,0.3826439989850292,0,Not Recommended,0.20 to 0.39,20% to 39%,34,admin.,divorced,university.degree,cellular,may,5,1,failure,0,0,0,0,0,0,0
test_000383,test,0,Did Not Subscribe,0.26384178,2638,26.38%,2435,0.3823902562801319,0,Not Recommended,0.20 to 0.39,20% to 39%,45,technician,divorced,university.degree,cellular,aug,2,0,nonexistent,0,0,0,0,0,0,0
test_000727,test,0,Did Not Subscribe,0.26374868,2637,26.37%,2436,0.3821365135752347,0,Not Recommended,0.20 to 0.39,20% to 39%,45,admin.,married,basic.9y,telephone,may,1,0,nonexistent,0,0,0,0,0,0,0
test_001862,test,0,Did Not Subscribe,0.26355666,2636,26.36%,2437,0.3818827708703375,0,Not Recommended,0.20 to 0.39,20% to 39%,56,services,married,high.school,cellular,nov,1,0,nonexistent,0,0,0,0,0,0,0
test_003529,test,0,Did Not Subscribe,0.26353827,2635,26.35%,2438,0.3816290281654402,0,Not Recommended,0.20 to 0.39,20% to 39%,35,admin.,divorced,university.degree,cellular,aug,3,0,nonexistent,0,0,0,0,0,0,0
test_001644,test,0,Did Not Subscribe,0.26351508,2635,26.35%,2439,0.381375285460543,0,Not Recommended,0.20 to 0.39,20% to 39%,31,services,married,high.school,telephone,jun,6,0,nonexistent,0,0,0,0,0,0,0
test_002730,test,0,Did Not Subscribe,0.26337776,2634,26.34%,2440,0.3811215427556458,0,Not Recommended,0.20 to 0.39,20% to 39%,36,housemaid,single,university.degree,cellular,aug,2,0,nonexistent,0,0,0,0,0,0,0
test_001567,test,0,Did Not Subscribe,0.26330698,2633,26.33%,2441,0.3808678000507485,0,Not Recommended,0.20 to 0.39,20% to 39%,24,services,single,basic.9y,telephone,jul,4,0,nonexistent,0,0,0,0,0,0,0
test_001120,test,0,Did Not Subscribe,0.263169,2632,26.32%,2442,0.3806140573458513,0,Not Recommended,0.20 to 0.39,20% to 39%,48,technician,married,university.degree,cellular,aug,2,0,nonexistent,0,0,0,0,0,0,0
test_003752,test,0,Did Not Subscribe,0.26313606,2631,26.31%,2443,0.3803603146409541,0,Not Recommended,0.20 to 0.39,20% to 39%,48,blue-collar,married,basic.9y,telephone,jun,4,0,nonexistent,0,0,0,0,0,0,0
test_000931,test,0,Did Not Subscribe,0.26307714,2631,26.31%,2444,0.3801065719360568,0,Not Recommended,0.20 to 0.39,20% to 39%,60,retired,married,university.degree,telephone,may,1,0,nonexistent,0,0,0,0,0,0,0
test_003087,test,0,Did Not Subscribe,0.2630613,2631,26.31%,2445,0.3798528292311596,0,Not Recommended,0.20 to 0.39,20% to 39%,41,technician,divorced,professional.course,cellular,aug,7,0,nonexistent,0,0,0,0,0,0,0
test_002136,test,0,Did Not Subscribe,0.26305613,2631,26.31%,2446,0.3795990865262624,0,Not Recommended,0.20 to 0.39,20% to 39%,49,blue-collar,married,basic.9y,telephone,jun,1,0,nonexistent,0,0,0,0,0,0,0
test_000335,test,0,Did Not Subscribe,0.26305223,2631,26.31%,2447,0.3793453438213651,0,Not Recommended,0.20 to 0.39,20% to 39%,36,self-employed,single,basic.4y,cellular,jul,1,0,nonexistent,0,0,0,0,0,0,0
test_001302,test,0,Did Not Subscribe,0.26294458,2629,26.29%,2448,0.3790916011164679,0,Not Recommended,0.20 to 0.39,20% to 39%,26,admin.,married,high.school,telephone,may,6,0,nonexistent,0,0,0,0,0,0,0
test_000755,test,0,Did Not Subscribe,0.26292196,2629,26.29%,2449,0.3788378584115707,0,Not Recommended,0.20 to 0.39,20% to 39%,31,management,married,university.degree,cellular,aug,2,0,nonexistent,0,0,0,0,0,0,0
test_002137,test,0,Did Not Subscribe,0.26286185,2629,26.29%,2450,0.3785841157066734,0,Not Recommended,0.20 to 0.39,20% to 39%,43,management,married,university.degree,telephone,jun,5,0,nonexistent,0,0,0,0,0,0,0
test_003523,test,0,Did Not Subscribe,0.262819,2628,26.28%,2451,0.3783303730017762,0,Not Recommended,0.20 to 0.39,20% to 39%,47,blue-collar,married,basic.9y,cellular,aug,2,0,nonexistent,0,0,0,0,0,0,0
test_001185,test,0,Did Not Subscribe,0.26273596,2627,26.27%,2452,0.378076630296879,0,Not Recommended,0.20 to 0.39,20% to 39%,38,services,married,high.school,telephone,jun,11,0,nonexistent,0,0,0,0,0,0,0
test_002498,test,0,Did Not Subscribe,0.26261938,2626,26.26%,2453,0.3778228875919817,0,Not Recommended,0.20 to 0.39,20% to 39%,56,management,married,university.degree,telephone,may,2,0,nonexistent,0,0,0,0,0,0,0
test_003599,test,0,Did Not Subscribe,0.26259956,2626,26.26%,2454,0.3775691448870845,0,Not Recommended,0.20 to 0.39,20% to 39%,58,admin.,married,university.degree,cellular,nov,1,1,failure,0,0,0,0,0,0,0
test_000878,test,0,Did Not Subscribe,0.262391,2624,26.24%,2455,0.3773154021821873,0,Not Recommended,0.20 to 0.39,20% to 39%,38,blue-collar,divorced,high.school,cellular,may,1,1,failure,0,0,0,0,0,0,0
test_002686,test,0,Did Not Subscribe,0.2623391,2623,26.23%,2456,0.37706165947729,0,Not Recommended,0.20 to 0.39,20% to 39%,44,services,married,high.school,cellular,nov,1,0,nonexistent,0,0,0,0,0,0,0
test_001076,test,0,Did Not Subscribe,0.26233566,2623,26.23%,2457,0.3768079167723928,0,Not Recommended,0.20 to 0.39,20% to 39%,49,admin.,divorced,university.degree,cellular,may,1,1,failure,0,0,0,0,0,0,0
test_002457,test,0,Did Not Subscribe,0.26213554,2621,26.21%,2458,0.3765541740674956,0,Not Recommended,0.20 to 0.39,20% to 39%,30,blue-collar,single,unknown,telephone,jun,1,0,nonexistent,0,0,0,0,0,0,0
test_001978,test,0,Did Not Subscribe,0.26212016,2621,26.21%,2459,0.3763004313625983,0,Not Recommended,0.20 to 0.39,20% to 39%,47,management,married,basic.4y,cellular,jul,3,0,nonexistent,0,0,0,0,0,0,0
test_001022,test,0,Did Not Subscribe,0.2620699,2621,26.21%,2460,0.3760466886577011,0,Not Recommended,0.20 to 0.39,20% to 39%,35,student,single,university.degree,telephone,may,1,0,nonexistent,0,0,0,0,0,0,0
test_002267,test,0,Did Not Subscribe,0.26204342,2620,26.20%,2461,0.3757929459528039,0,Not Recommended,0.20 to 0.39,20% to 39%,47,technician,divorced,professional.course,cellular,jul,2,0,nonexistent,0,0,0,0,0,0,0
test_003404,test,0,Did Not Subscribe,0.2618049,2618,26.18%,2462,0.3755392032479066,0,Not Recommended,0.20 to 0.39,20% to 39%,44,blue-collar,divorced,basic.9y,telephone,jul,2,0,nonexistent,0,0,0,0,0,0,0
test_000525,test,0,Did Not Subscribe,0.2616915,2617,26.17%,2463,0.3752854605430094,0,Not Recommended,0.20 to 0.39,20% to 39%,27,blue-collar,single,basic.4y,cellular,jul,1,0,nonexistent,0,0,0,0,0,0,0
test_002893,test,1,Subscribed,0.26165408,2617,26.17%,2464,0.3750317178381122,0,Not Recommended,0.20 to 0.39,20% to 39%,33,blue-collar,married,basic.6y,cellular,may,2,1,failure,0,0,0,0,0,0,0
test_001930,test,0,Did Not Subscribe,0.26158145,2616,26.16%,2465,0.3747779751332148,0,Not Recommended,0.20 to 0.39,20% to 39%,54,technician,married,professional.course,cellular,aug,1,0,nonexistent,0,0,0,0,0,0,0
test_002138,test,0,Did Not Subscribe,0.26157796,2616,26.16%,2466,0.3745242324283176,0,Not Recommended,0.20 to 0.39,20% to 39%,30,services,married,high.school,telephone,may,2,0,nonexistent,0,0,0,0,0,0,0
test_003414,test,0,Did Not Subscribe,0.26147607,2615,26.15%,2467,0.3742704897234205,0,Not Recommended,0.20 to 0.39,20% to 39%,28,blue-collar,married,basic.9y,telephone,may,1,0,nonexistent,0,0,0,0,0,0,0
test_003361,test,0,Did Not Subscribe,0.26147494,2615,26.15%,2468,0.3740167470185231,0,Not Recommended,0.20 to 0.39,20% to 39%,46,blue-collar,married,basic.6y,cellular,aug,2,0,nonexistent,0,0,0,0,0,0,0
test_001460,test,0,Did Not Subscribe,0.26132983,2613,26.13%,2469,0.3737630043136259,0,Not Recommended,0.20 to 0.39,20% to 39%,44,management,married,basic.9y,cellular,nov,2,0,nonexistent,0,0,0,0,0,0,0
test_001142,test,0,Did Not Subscribe,0.2613293,2613,26.13%,2470,0.3735092616087287,0,Not Recommended,0.20 to 0.39,20% to 39%,55,admin.,married,university.degree,telephone,jun,4,0,nonexistent,0,0,0,0,0,0,0
test_001990,test,0,Did Not Subscribe,0.26131144,2613,26.13%,2471,0.3732555189038314,0,Not Recommended,0.20 to 0.39,20% to 39%,58,retired,married,professional.course,cellular,aug,2,0,nonexistent,0,0,0,0,0,0,0
test_000280,test,0,Did Not Subscribe,0.26123384,2612,26.12%,2472,0.3730017761989342,0,Not Recommended,0.20 to 0.39,20% to 39%,57,technician,married,professional.course,cellular,aug,1,0,nonexistent,0,0,0,0,0,0,0
test_002275,test,0,Did Not Subscribe,0.261215,2612,26.12%,2473,0.372748033494037,0,Not Recommended,0.20 to 0.39,20% to 39%,47,management,married,university.degree,cellular,nov,2,0,nonexistent,0,0,0,0,0,0,0
test_003581,test,1,Subscribed,0.2612034,2612,26.12%,2474,0.3724942907891397,0,Not Recommended,0.20 to 0.39,20% to 39%,58,retired,married,basic.9y,telephone,may,3,0,nonexistent,0,0,0,0,0,0,0
test_003577,test,0,Did Not Subscribe,0.26116222,2612,26.12%,2475,0.3722405480842425,0,Not Recommended,0.20 to 0.39,20% to 39%,49,management,single,basic.4y,cellular,jul,1,0,nonexistent,0,0,0,0,0,0,0
test_002788,test,0,Did Not Subscribe,0.2611249,2611,26.11%,2476,0.3719868053793453,0,Not Recommended,0.20 to 0.39,20% to 39%,44,self-employed,married,professional.course,telephone,jun,2,0,nonexistent,0,0,0,0,0,0,0
test_003885,test,0,Did Not Subscribe,0.26108783,2611,26.11%,2477,0.371733062674448,0,Not Recommended,0.20 to 0.39,20% to 39%,39,housemaid,married,basic.4y,cellular,jul,5,0,nonexistent,0,0,0,0,0,0,0
test_003459,test,0,Did Not Subscribe,0.26094455,2609,26.09%,2478,0.3714793199695508,0,Not Recommended,0.20 to 0.39,20% to 39%,52,blue-collar,married,basic.9y,cellular,aug,1,0,nonexistent,0,0,0,0,0,0,0
test_002045,test,0,Did Not Subscribe,0.26092562,2609,26.09%,2479,0.3712255772646536,0,Not Recommended,0.20 to 0.39,20% to 39%,40,management,married,university.degree,cellular,aug,2,0,nonexistent,0,0,0,0,0,0,0
test_003777,test,0,Did Not Subscribe,0.26064053,2606,26.06%,2480,0.3709718345597563,0,Not Recommended,0.20 to 0.39,20% to 39%,45,admin.,married,university.degree,cellular,jul,1,0,nonexistent,0,0,0,0,0,0,0
test_000918,test,0,Did Not Subscribe,0.2606306,2606,26.06%,2481,0.3707180918548591,0,Not Recommended,0.20 to 0.39,20% to 39%,32,management,single,university.degree,telephone,may,1,0,nonexistent,0,0,0,0,0,0,0
test_001321,test,0,Did Not Subscribe,0.26061013,2606,26.06%,2482,0.3704643491499619,0,Not Recommended,0.20 to 0.39,20% to 39%,30,admin.,married,high.school,telephone,jun,10,0,nonexistent,0,0,0,0,0,0,0
test_002849,test,0,Did Not Subscribe,0.26060784,2606,26.06%,2483,0.3702106064450646,0,Not Recommended,0.20 to 0.39,20% to 39%,37,self-employed,single,university.degree,telephone,jun,4,0,nonexistent,0,0,0,0,0,0,0
test_001547,test,0,Did Not Subscribe,0.26055974,2606,26.06%,2484,0.3699568637401674,0,Not Recommended,0.20 to 0.39,20% to 39%,51,blue-collar,married,basic.4y,cellular,aug,1,0,nonexistent,0,0,0,0,0,0,0
test_003436,test,0,Did Not Subscribe,0.2605038,2605,26.05%,2485,0.3697031210352702,0,Not Recommended,0.20 to 0.39,20% to 39%,36,admin.,single,university.degree,cellular,may,3,1,failure,0,0,0,0,0,0,0
test_000910,test,0,Did Not Subscribe,0.26043102,2604,26.04%,2486,0.369449378330373,0,Not Recommended,0.20 to 0.39,20% to 39%,26,admin.,single,high.school,telephone,jun,1,0,nonexistent,0,0,0,0,0,0,0
test_001940,test,1,Subscribed,0.26037925,2604,26.04%,2487,0.3691956356254757,0,Not Recommended,0.20 to 0.39,20% to 39%,37,admin.,married,university.degree,cellular,aug,1,0,nonexistent,0,0,0,0,0,0,0
test_001745,test,0,Did Not Subscribe,0.26037207,2604,26.04%,2488,0.3689418929205785,0,Not Recommended,0.20 to 0.39,20% to 39%,28,blue-collar,married,basic.6y,telephone,jun,3,0,nonexistent,0,0,0,0,0,0,0
test_003256,test,0,Did Not Subscribe,0.26029772,2603,26.03%,2489,0.3686881502156813,0,Not Recommended,0.20 to 0.39,20% to 39%,39,entrepreneur,married,high.school,telephone,may,3,0,nonexistent,0,0,0,0,0,0,0
test_003073,test,0,Did Not Subscribe,0.26018566,2602,26.02%,2490,0.368434407510784,0,Not Recommended,0.20 to 0.39,20% to 39%,37,entrepreneur,married,basic.6y,telephone,may,1,0,nonexistent,0,0,0,0,0,0,0
test_001925,test,0,Did Not Subscribe,0.25997356,2600,26.00%,2491,0.3681806648058868,0,Not Recommended,0.20 to 0.39,20% to 39%,51,services,married,high.school,telephone,may,1,0,nonexistent,0,0,0,0,0,0,0
test_002054,test,0,Did Not Subscribe,0.25992978,2599,25.99%,2492,0.3679269221009896,0,Not Recommended,0.20 to 0.39,20% to 39%,26,admin.,single,university.degree,telephone,jul,7,0,nonexistent,0,0,0,0,0,0,0
test_000675,test,0,Did Not Subscribe,0.25992563,2599,25.99%,2493,0.3676731793960923,0,Not Recommended,0.20 to 0.39,20% to 39%,45,blue-collar,married,basic.9y,cellular,aug,1,0,nonexistent,0,0,0,0,0,0,0
test_002482,test,0,Did Not Subscribe,0.2599168,2599,25.99%,2494,0.3674194366911951,0,Not Recommended,0.20 to 0.39,20% to 39%,30,services,single,professional.course,telephone,may,3,0,nonexistent,0,0,0,0,0,0,0
test_003658,test,1,Subscribed,0.25989574,2599,25.99%,2495,0.3671656939862979,0,Not Recommended,0.20 to 0.39,20% to 39%,43,blue-collar,married,basic.9y,telephone,may,2,0,nonexistent,0,0,0,0,0,0,0
test_002013,test,0,Did Not Subscribe,0.25988394,2599,25.99%,2496,0.3669119512814006,0,Not Recommended,0.20 to 0.39,20% to 39%,47,entrepreneur,married,university.degree,telephone,may,3,0,nonexistent,0,0,0,0,0,0,0
test_000456,test,0,Did Not Subscribe,0.25981733,2598,25.98%,2497,0.3666582085765034,0,Not Recommended,0.20 to 0.39,20% to 39%,51,blue-collar,married,basic.6y,cellular,may,1,1,failure,0,0,0,0,0,0,0
test_000413,test,0,Did Not Subscribe,0.25976425,2598,25.98%,2498,0.3664044658716062,0,Not Recommended,0.20 to 0.39,20% to 39%,35,services,single,professional.course,telephone,may,2,0,nonexistent,0,0,0,0,0,0,0
test_003908,test,0,Did Not Subscribe,0.25975484,2598,25.98%,2499,0.3661507231667089,0,Not Recommended,0.20 to 0.39,20% to 39%,48,management,married,university.degree,telephone,jun,3,0,nonexistent,0,0,0,0,0,0,0
test_001721,test,0,Did Not Subscribe,0.2596293,2596,25.96%,2500,0.3658969804618117,0,Not Recommended,0.20 to 0.39,20% to 39%,50,self-employed,married,university.degree,cellular,aug,1,0,nonexistent,0,0,0,0,0,0,0
test_003018,test,0,Did Not Subscribe,0.25946772,2595,25.95%,2501,0.3656432377569145,0,Not Recommended,0.20 to 0.39,20% to 39%,26,self-employed,married,university.degree,telephone,jun,2,0,nonexistent,0,0,0,0,0,0,0
test_000673,test,0,Did Not Subscribe,0.25931236,2593,25.93%,2502,0.3653894950520172,0,Not Recommended,0.20 to 0.39,20% to 39%,46,services,married,high.school,cellular,jul,2,0,nonexistent,0,0,0,0,0,0,0
test_001720,test,0,Did Not Subscribe,0.2593047,2593,25.93%,2503,0.36513575234712,0,Not Recommended,0.20 to 0.39,20% to 39%,46,blue-collar,married,basic.9y,cellular,aug,3,0,nonexistent,0,0,0,0,0,0,0
test_000047,test,0,Did Not Subscribe,0.25917554,2592,25.92%,2504,0.3648820096422228,0,Not Recommended,0.20 to 0.39,20% to 39%,33,blue-collar,single,basic.4y,cellular,jul,3,0,nonexistent,0,0,0,0,0,0,0
test_000150,test,0,Did Not Subscribe,0.25911126,2591,25.91%,2505,0.3646282669373255,0,Not Recommended,0.20 to 0.39,20% to 39%,32,blue-collar,divorced,basic.9y,telephone,may,1,0,nonexistent,0,0,0,0,0,0,0
test_002368,test,0,Did Not Subscribe,0.25904873,2590,25.90%,2506,0.3643745242324283,0,Not Recommended,0.20 to 0.39,20% to 39%,33,admin.,married,university.degree,telephone,nov,1,0,nonexistent,0,0,0,0,0,0,0
test_001159,test,0,Did Not Subscribe,0.25871083,2587,25.87%,2507,0.3641207815275311,0,Not Recommended,0.20 to 0.39,20% to 39%,32,housemaid,married,university.degree,cellular,aug,1,0,nonexistent,0,0,0,0,0,0,0
test_001301,test,0,Did Not Subscribe,0.25868914,2587,25.87%,2508,0.3638670388226338,0,Not Recommended,0.20 to 0.39,20% to 39%,55,self-employed,married,basic.4y,cellular,aug,5,0,nonexistent,0,0,0,0,0,0,0
test_000574,test,0,Did Not Subscribe,0.25854,2585,25.85%,2509,0.3636132961177366,0,Not Recommended,0.20 to 0.39,20% to 39%,37,services,divorced,basic.6y,cellular,nov,2,0,nonexistent,0,0,0,0,0,0,0
test_003194,test,0,Did Not Subscribe,0.25847504,2585,25.85%,2510,0.3633595534128394,0,Not Recommended,0.20 to 0.39,20% to 39%,27,self-employed,single,university.degree,telephone,jun,2,0,nonexistent,0,0,0,0,0,0,0
test_003780,test,0,Did Not Subscribe,0.25846028,2585,25.85%,2511,0.3631058107079421,0,Not Recommended,0.20 to 0.39,20% to 39%,34,admin.,married,university.degree,telephone,jun,2,0,nonexistent,0,0,0,0,0,0,0
test_002103,test,0,Did Not Subscribe,0.25843906,2584,25.84%,2512,0.3628520680030449,0,Not Recommended,0.20 to 0.39,20% to 39%,50,blue-collar,married,basic.9y,cellular,aug,1,0,nonexistent,0,0,0,0,0,0,0
test_000988,test,1,Subscribed,0.25836733,2584,25.84%,2513,0.3625983252981477,0,Not Recommended,0.20 to 0.39,20% to 39%,38,self-employed,married,professional.course,cellular,nov,2,0,nonexistent,0,0,0,0,0,0,0
test_000375,test,0,Did Not Subscribe,0.25835449,2584,25.84%,2514,0.3623445825932504,0,Not Recommended,0.20 to 0.39,20% to 39%,30,admin.,single,basic.9y,cellular,nov,2,1,failure,0,0,0,0,0,0,0
test_002289,test,0,Did Not Subscribe,0.2581767,2582,25.82%,2515,0.3620908398883532,0,Not Recommended,0.20 to 0.39,20% to 39%,38,blue-collar,married,basic.6y,telephone,jul,2,0,nonexistent,0,0,0,0,0,0,0
test_003774,test,0,Did Not Subscribe,0.25817013,2582,25.82%,2516,0.361837097183456,0,Not Recommended,0.20 to 0.39,20% to 39%,35,technician,married,professional.course,cellular,aug,1,0,nonexistent,0,0,0,0,0,0,0
test_003005,test,0,Did Not Subscribe,0.25816756,2582,25.82%,2517,0.3615833544785587,0,Not Recommended,0.20 to 0.39,20% to 39%,36,technician,single,high.school,cellular,aug,1,0,nonexistent,0,0,0,0,0,0,0
test_000676,test,0,Did Not Subscribe,0.25814354,2581,25.81%,2518,0.3613296117736615,0,Not Recommended,0.20 to 0.39,20% to 39%,26,blue-collar,single,basic.9y,telephone,jun,3,0,nonexistent,0,0,0,0,0,0,0
test_002658,test,0,Did Not Subscribe,0.25788096,2579,25.79%,2519,0.3610758690687643,0,Not Recommended,0.20 to 0.39,20% to 39%,47,blue-collar,divorced,basic.4y,telephone,jun,2,0,nonexistent,0,0,0,0,0,0,0
test_002644,test,0,Did Not Subscribe,0.25786534,2579,25.79%,2520,0.360822126363867,0,Not Recommended,0.20 to 0.39,20% to 39%,45,admin.,married,high.school,telephone,jun,2,0,nonexistent,0,0,0,0,0,0,0
test_000414,test,0,Did Not Subscribe,0.25786236,2579,25.79%,2521,0.3605683836589698,0,Not Recommended,0.20 to 0.39,20% to 39%,49,technician,married,professional.course,cellular,aug,3,0,nonexistent,0,0,0,0,0,0,0
test_000873,test,0,Did Not Subscribe,0.25785497,2579,25.79%,2522,0.3603146409540726,0,Not Recommended,0.20 to 0.39,20% to 39%,45,technician,married,high.school,cellular,aug,1,0,nonexistent,0,0,0,0,0,0,0
test_002554,test,1,Subscribed,0.25784412,2578,25.78%,2523,0.3600608982491753,0,Not Recommended,0.20 to 0.39,20% to 39%,35,technician,married,professional.course,telephone,jun,2,0,nonexistent,0,0,0,0,0,0,0
test_001992,test,0,Did Not Subscribe,0.25775987,2578,25.78%,2524,0.3598071555442781,0,Not Recommended,0.20 to 0.39,20% to 39%,38,technician,married,university.degree,telephone,aug,10,0,nonexistent,0,0,0,0,0,0,0
test_002787,test,0,Did Not Subscribe,0.2577569,2578,25.78%,2525,0.3595534128393809,0,Not Recommended,0.20 to 0.39,20% to 39%,48,admin.,married,high.school,cellular,nov,2,0,nonexistent,0,0,0,0,0,0,0
test_001677,test,0,Did Not Subscribe,0.25756356,2576,25.76%,2526,0.3592996701344836,0,Not Recommended,0.20 to 0.39,20% to 39%,25,blue-collar,single,professional.course,telephone,jun,1,0,nonexistent,0,0,0,0,0,0,0
test_003225,test,0,Did Not Subscribe,0.25744936,2574,25.74%,2527,0.3590459274295864,0,Not Recommended,0.20 to 0.39,20% to 39%,29,blue-collar,married,basic.9y,telephone,jun,2,0,nonexistent,0,0,0,0,0,0,0
test_003866,test,0,Did Not Subscribe,0.2574122,2574,25.74%,2528,0.3587921847246892,0,Not Recommended,0.20 to 0.39,20% to 39%,26,blue-collar,single,basic.4y,cellular,may,1,1,failure,0,0,0,0,0,0,0
test_003380,test,0,Did Not Subscribe,0.2572946,2573,25.73%,2529,0.3585384420197919,0,Not Recommended,0.20 to 0.39,20% to 39%,48,management,married,university.degree,cellular,jul,4,0,nonexistent,0,0,0,0,0,0,0
test_002729,test,0,Did Not Subscribe,0.25728565,2573,25.73%,2530,0.3582846993148947,0,Not Recommended,0.20 to 0.39,20% to 39%,44,blue-collar,married,basic.4y,telephone,jun,1,0,nonexistent,0,0,0,0,0,0,0
test_003438,test,0,Did Not Subscribe,0.25723276,2572,25.72%,2531,0.3580309566099975,0,Not Recommended,0.20 to 0.39,20% to 39%,44,technician,married,high.school,cellular,nov,2,0,nonexistent,0,0,0,0,0,0,0
test_003317,test,0,Did Not Subscribe,0.25709838,2571,25.71%,2532,0.3577772139051002,0,Not Recommended,0.20 to 0.39,20% to 39%,42,technician,married,professional.course,telephone,may,1,0,nonexistent,0,0,0,0,0,0,0
test_000201,test,0,Did Not Subscribe,0.25702053,2570,25.70%,2533,0.357523471200203,0,Not Recommended,0.20 to 0.39,20% to 39%,33,blue-collar,married,high.school,cellular,may,5,1,failure,0,0,0,0,0,0,0
test_002333,test,0,Did Not Subscribe,0.2569746,2570,25.70%,2534,0.3572697284953058,0,Not Recommended,0.20 to 0.39,20% to 39%,39,technician,divorced,high.school,cellular,aug,1,0,nonexistent,0,0,0,0,0,0,0
test_000600,test,0,Did Not Subscribe,0.25697258,2570,25.70%,2535,0.3570159857904085,0,Not Recommended,0.20 to 0.39,20% to 39%,23,services,married,basic.9y,telephone,may,3,0,nonexistent,0,0,0,0,0,0,0
test_000590,test,0,Did Not Subscribe,0.2569422,2569,25.69%,2536,0.3567622430855113,0,Not Recommended,0.20 to 0.39,20% to 39%,51,blue-collar,married,basic.9y,cellular,aug,1,0,nonexistent,0,0,0,0,0,0,0
test_003890,test,0,Did Not Subscribe,0.25687486,2569,25.69%,2537,0.3565085003806141,0,Not Recommended,0.20 to 0.39,20% to 39%,46,technician,married,professional.course,cellular,nov,2,0,nonexistent,0,0,0,0,0,0,0
test_003029,test,0,Did Not Subscribe,0.25686097,2569,25.69%,2538,0.3562547576757168,0,Not Recommended,0.20 to 0.39,20% to 39%,41,blue-collar,divorced,professional.course,telephone,jun,6,0,nonexistent,0,0,0,0,0,0,0
test_002157,test,0,Did Not Subscribe,0.2567804,2568,25.68%,2539,0.3560010149708196,0,Not Recommended,0.20 to 0.39,20% to 39%,30,services,married,unknown,telephone,may,2,0,nonexistent,0,0,0,0,0,0,0
test_003477,test,0,Did Not Subscribe,0.25666177,2567,25.67%,2540,0.3557472722659224,0,Not Recommended,0.20 to 0.39,20% to 39%,41,blue-collar,married,basic.4y,cellular,jul,2,0,nonexistent,0,0,0,0,0,0,0
test_002459,test,0,Did Not Subscribe,0.256637,2566,25.66%,2541,0.3554935295610251,0,Not Recommended,0.20 to 0.39,20% to 39%,53,management,married,university.degree,telephone,jun,1,0,nonexistent,0,0,0,0,0,0,0
test_002278,test,0,Did Not Subscribe,0.25660044,2566,25.66%,2542,0.3552397868561279,0,Not Recommended,0.20 to 0.39,20% to 39%,39,admin.,married,professional.course,cellular,aug,3,0,nonexistent,0,0,0,0,0,0,0
test_002579,test,0,Did Not Subscribe,0.25656796,2566,25.66%,2543,0.3549860441512307,0,Not Recommended,0.20 to 0.39,20% to 39%,34,management,single,university.degree,cellular,may,2,1,failure,0,0,0,0,0,0,0
test_001153,test,0,Did Not Subscribe,0.2565362,2565,25.65%,2544,0.3547323014463334,0,Not Recommended,0.20 to 0.39,20% to 39%,31,blue-collar,married,basic.4y,telephone,may,1,0,nonexistent,0,0,0,0,0,0,0
test_000670,test,0,Did Not Subscribe,0.25652,2565,25.65%,2545,0.3544785587414362,0,Not Recommended,0.20 to 0.39,20% to 39%,56,blue-collar,married,basic.4y,cellular,aug,1,0,nonexistent,0,0,0,0,0,0,0
test_003001,test,0,Did Not Subscribe,0.2564924,2565,25.65%,2546,0.354224816036539,0,Not Recommended,0.20 to 0.39,20% to 39%,37,blue-collar,single,basic.9y,telephone,jun,7,0,nonexistent,0,0,0,0,0,0,0
test_001673,test,1,Subscribed,0.2564704,2565,25.65%,2547,0.3539710733316417,0,Not Recommended,0.20 to 0.39,20% to 39%,26,admin.,single,high.school,telephone,may,2,0,nonexistent,0,0,0,0,0,0,0
test_003230,test,0,Did Not Subscribe,0.25641376,2564,25.64%,2548,0.3537173306267445,0,Not Recommended,0.20 to 0.39,20% to 39%,42,management,married,university.degree,cellular,nov,2,0,nonexistent,0,0,0,0,0,0,0
test_002818,test,0,Did Not Subscribe,0.25640398,2564,25.64%,2549,0.3534635879218473,0,Not Recommended,0.20 to 0.39,20% to 39%,35,blue-collar,married,high.school,cellular,apr,5,0,nonexistent,0,0,0,0,0,0,0
test_003012,test,0,Did Not Subscribe,0.25620228,2562,25.62%,2550,0.35320984521695,0,Not Recommended,0.20 to 0.39,20% to 39%,44,technician,married,professional.course,cellular,aug,9,0,nonexistent,0,0,0,0,0,0,0
test_000924,test,0,Did Not Subscribe,0.2561669,2562,25.62%,2551,0.3529561025120528,0,Not Recommended,0.20 to 0.39,20% to 39%,57,self-employed,married,basic.9y,telephone,jun,4,0,nonexistent,0,0,0,0,0,0,0
test_003605,test,0,Did Not Subscribe,0.25600794,2560,25.60%,2552,0.3527023598071556,0,Not Recommended,0.20 to 0.39,20% to 39%,33,admin.,single,university.degree,cellular,may,6,1,failure,0,0,0,0,0,0,0
test_001657,test,0,Did Not Subscribe,0.2559366,2559,25.59%,2553,0.3524486171022583,0,Not Recommended,0.20 to 0.39,20% to 39%,35,blue-collar,married,basic.9y,telephone,jun,2,0,nonexistent,0,0,0,0,0,0,0
test_000304,test,0,Did Not Subscribe,0.25576997,2558,25.58%,2554,0.3521948743973611,0,Not Recommended,0.20 to 0.39,20% to 39%,50,blue-collar,married,basic.6y,cellular,may,6,0,nonexistent,0,0,0,0,0,0,0
test_001474,test,0,Did Not Subscribe,0.2557268,2557,25.57%,2555,0.3519411316924639,0,Not Recommended,0.20 to 0.39,20% to 39%,40,admin.,single,university.degree,telephone,may,3,0,nonexistent,0,0,0,0,0,0,0
test_002772,test,0,Did Not Subscribe,0.2556283,2556,25.56%,2556,0.3516873889875666,0,Not Recommended,0.20 to 0.39,20% to 39%,25,technician,single,professional.course,telephone,may,1,0,nonexistent,0,0,0,0,0,0,0
test_001753,test,0,Did Not Subscribe,0.25561917,2556,25.56%,2557,0.3514336462826694,0,Not Recommended,0.20 to 0.39,20% to 39%,30,services,married,high.school,telephone,may,2,0,nonexistent,0,0,0,0,0,0,0
test_000622,test,0,Did Not Subscribe,0.25557852,2556,25.56%,2558,0.3511799035777722,0,Not Recommended,0.20 to 0.39,20% to 39%,48,blue-collar,married,basic.6y,cellular,may,5,0,nonexistent,0,0,0,0,0,0,0
test_002212,test,0,Did Not Subscribe,0.2555553,2556,25.56%,2559,0.3509261608728748,0,Not Recommended,0.20 to 0.39,20% to 39%,28,blue-collar,married,basic.6y,cellular,may,2,1,failure,0,0,0,0,0,0,0
test_001906,test,0,Did Not Subscribe,0.2555191,2555,25.55%,2560,0.3506724181679777,0,Not Recommended,0.20 to 0.39,20% to 39%,52,blue-collar,married,basic.4y,telephone,jun,3,0,nonexistent,0,0,0,0,0,0,0
test_002771,test,0,Did Not Subscribe,0.25549856,2555,25.55%,2561,0.3504186754630805,0,Not Recommended,0.20 to 0.39,20% to 39%,41,blue-collar,married,basic.9y,telephone,may,1,0,nonexistent,0,0,0,0,0,0,0
test_003195,test,0,Did Not Subscribe,0.2553924,2554,25.54%,2562,0.3501649327581831,0,Not Recommended,0.20 to 0.39,20% to 39%,28,blue-collar,single,basic.6y,telephone,may,2,0,nonexistent,0,0,0,0,0,0,0
test_002185,test,0,Did Not Subscribe,0.2552948,2553,25.53%,2563,0.3499111900532859,0,Not Recommended,0.20 to 0.39,20% to 39%,44,services,single,high.school,cellular,nov,4,0,nonexistent,0,0,0,0,0,0,0
test_003044,test,0,Did Not Subscribe,0.25518376,2552,25.52%,2564,0.3496574473483888,0,Not Recommended,0.20 to 0.39,20% to 39%,55,services,married,high.school,cellular,jul,1,0,nonexistent,0,0,0,0,0,0,0
test_000535,test,0,Did Not Subscribe,0.25504106,2550,25.50%,2565,0.3494037046434914,0,Not Recommended,0.20 to 0.39,20% to 39%,56,admin.,married,high.school,telephone,jun,11,0,nonexistent,0,0,0,0,0,0,0
test_002867,test,0,Did Not Subscribe,0.25503993,2550,25.50%,2566,0.3491499619385942,0,Not Recommended,0.20 to 0.39,20% to 39%,34,services,single,basic.9y,cellular,nov,3,0,nonexistent,0,0,0,0,0,0,0
test_001006,test,0,Did Not Subscribe,0.2548935,2549,25.49%,2567,0.348896219233697,0,Not Recommended,0.20 to 0.39,20% to 39%,36,admin.,married,professional.course,cellular,aug,1,0,nonexistent,0,0,0,0,0,0,0
test_003832,test,0,Did Not Subscribe,0.25480965,2548,25.48%,2568,0.3486424765287997,0,Not Recommended,0.20 to 0.39,20% to 39%,43,admin.,married,high.school,telephone,may,2,0,nonexistent,0,0,0,0,0,0,0
test_000322,test,0,Did Not Subscribe,0.25476745,2548,25.48%,2569,0.3483887338239025,0,Not Recommended,0.20 to 0.39,20% to 39%,34,services,married,basic.9y,telephone,jun,3,0,nonexistent,0,0,0,0,0,0,0
test_001464,test,0,Did Not Subscribe,0.25466508,2547,25.47%,2570,0.3481349911190053,0,Not Recommended,0.20 to 0.39,20% to 39%,42,admin.,divorced,university.degree,telephone,jun,6,0,nonexistent,0,0,0,0,0,0,0
test_003113,test,0,Did Not Subscribe,0.2545845,2546,25.46%,2571,0.347881248414108,0,Not Recommended,0.20 to 0.39,20% to 39%,37,technician,married,basic.6y,telephone,jun,3,0,nonexistent,0,0,0,0,0,0,0
test_000277,test,0,Did Not Subscribe,0.25453353,2545,25.45%,2572,0.3476275057092108,0,Not Recommended,0.20 to 0.39,20% to 39%,44,housemaid,married,basic.4y,cellular,jul,1,0,nonexistent,0,0,0,0,0,0,0
test_002994,test,1,Subscribed,0.25447533,2545,25.45%,2573,0.3473737630043136,0,Not Recommended,0.20 to 0.39,20% to 39%,30,blue-collar,single,basic.9y,telephone,jun,2,0,nonexistent,0,0,0,0,0,0,0
test_001568,test,0,Did Not Subscribe,0.2543901,2544,25.44%,2574,0.3471200202994163,0,Not Recommended,0.20 to 0.39,20% to 39%,39,blue-collar,married,high.school,cellular,may,1,1,failure,0,0,0,0,0,0,0
test_003427,test,0,Did Not Subscribe,0.25427184,2543,25.43%,2575,0.3468662775945191,0,Not Recommended,0.20 to 0.39,20% to 39%,38,admin.,married,university.degree,cellular,aug,1,0,nonexistent,0,0,0,0,0,0,0
test_003382,test,0,Did Not Subscribe,0.2542621,2543,25.43%,2576,0.3466125348896219,0,Not Recommended,0.20 to 0.39,20% to 39%,49,housemaid,divorced,basic.6y,telephone,jun,3,0,nonexistent,0,0,0,0,0,0,0
test_002257,test,0,Did Not Subscribe,0.2542527,2543,25.43%,2577,0.3463587921847246,0,Not Recommended,0.20 to 0.39,20% to 39%,40,blue-collar,married,basic.6y,telephone,jun,1,0,nonexistent,0,0,0,0,0,0,0
test_000283,test,0,Did Not Subscribe,0.2542113,2542,25.42%,2578,0.3461050494798274,0,Not Recommended,0.20 to 0.39,20% to 39%,48,services,married,basic.4y,cellular,aug,2,0,nonexistent,0,0,0,0,0,0,0
test_002202,test,0,Did Not Subscribe,0.25411943,2541,25.41%,2579,0.3458513067749302,0,Not Recommended,0.20 to 0.39,20% to 39%,28,student,single,basic.9y,telephone,may,2,0,nonexistent,0,0,0,0,0,0,0
test_001264,test,0,Did Not Subscribe,0.25411764,2541,25.41%,2580,0.3455975640700329,0,Not Recommended,0.20 to 0.39,20% to 39%,30,services,married,high.school,telephone,jun,2,0,nonexistent,0,0,0,0,0,0,0
test_001471,test,0,Did Not Subscribe,0.2540928,2541,25.41%,2581,0.3453438213651357,0,Not Recommended,0.20 to 0.39,20% to 39%,51,admin.,married,university.degree,cellular,aug,5,0,nonexistent,0,0,0,0,0,0,0
test_001526,test,0,Did Not Subscribe,0.2539791,2540,25.40%,2582,0.3450900786602385,0,Not Recommended,0.20 to 0.39,20% to 39%,50,entrepreneur,married,university.degree,cellular,nov,1,0,nonexistent,0,0,0,0,0,0,0
test_003450,test,0,Did Not Subscribe,0.253926,2539,25.39%,2583,0.3448363359553412,0,Not Recommended,0.20 to 0.39,20% to 39%,47,management,married,university.degree,cellular,nov,2,0,nonexistent,0,0,0,0,0,0,0
test_003267,test,0,Did Not Subscribe,0.25384438,2538,25.38%,2584,0.344582593250444,0,Not Recommended,0.20 to 0.39,20% to 39%,29,admin.,married,university.degree,telephone,may,1,0,nonexistent,0,0,0,0,0,0,0
test_002940,test,0,Did Not Subscribe,0.25371766,2537,25.37%,2585,0.3443288505455468,0,Not Recommended,0.20 to 0.39,20% to 39%,33,management,married,basic.9y,telephone,may,1,0,nonexistent,0,0,0,0,0,0,0
test_000001,test,0,Did Not Subscribe,0.2537142,2537,25.37%,2586,0.3440751078406495,0,Not Recommended,0.20 to 0.39,20% to 39%,27,self-employed,single,university.degree,telephone,jun,2,0,nonexistent,0,0,0,0,0,0,0
test_003638,test,0,Did Not Subscribe,0.25350133,2535,25.35%,2587,0.3438213651357523,0,Not Recommended,0.20 to 0.39,20% to 39%,50,blue-collar,married,basic.4y,telephone,jun,1,0,nonexistent,0,0,0,0,0,0,0
test_002295,test,0,Did Not Subscribe,0.25347835,2535,25.35%,2588,0.3435676224308551,0,Not Recommended,0.20 to 0.39,20% to 39%,28,admin.,single,university.degree,telephone,may,3,0,nonexistent,0,0,0,0,0,0,0
test_000208,test,0,Did Not Subscribe,0.25338537,2534,25.34%,2589,0.3433138797259578,0,Not Recommended,0.20 to 0.39,20% to 39%,54,blue-collar,married,basic.9y,cellular,jul,2,0,nonexistent,0,0,0,0,0,0,0
test_003316,test,0,Did Not Subscribe,0.25333303,2533,25.33%,2590,0.3430601370210606,0,Not Recommended,0.20 to 0.39,20% to 39%,42,services,divorced,basic.6y,telephone,jun,1,0,nonexistent,0,0,0,0,0,0,0
test_003052,test,0,Did Not Subscribe,0.25329143,2533,25.33%,2591,0.3428063943161634,0,Not Recommended,0.20 to 0.39,20% to 39%,29,admin.,single,basic.9y,telephone,jun,2,0,nonexistent,0,0,0,0,0,0,0
test_003418,test,0,Did Not Subscribe,0.2532655,2533,25.33%,2592,0.3425526516112661,0,Not Recommended,0.20 to 0.39,20% to 39%,49,housemaid,married,basic.4y,cellular,aug,4,0,nonexistent,0,0,0,0,0,0,0
test_001790,test,0,Did Not Subscribe,0.25322074,2532,25.32%,2593,0.3422989089063689,0,Not Recommended,0.20 to 0.39,20% to 39%,40,blue-collar,single,basic.6y,cellular,apr,1,1,failure,0,0,0,0,0,0,0
test_000609,test,0,Did Not Subscribe,0.25310493,2531,25.31%,2594,0.3420451662014717,0,Not Recommended,0.20 to 0.39,20% to 39%,42,admin.,divorced,university.degree,telephone,jun,4,0,nonexistent,0,0,0,0,0,0,0
test_002270,test,0,Did Not Subscribe,0.25306955,2531,25.31%,2595,0.3417914234965744,0,Not Recommended,0.20 to 0.39,20% to 39%,44,entrepreneur,married,basic.4y,cellular,may,1,1,failure,0,0,0,0,0,0,0
test_000934,test,0,Did Not Subscribe,0.25296515,2530,25.30%,2596,0.3415376807916772,0,Not Recommended,0.20 to 0.39,20% to 39%,54,technician,married,high.school,cellular,nov,2,0,nonexistent,0,0,0,0,0,0,0
test_002150,test,0,Did Not Subscribe,0.2529543,2530,25.30%,2597,0.34128393808678,0,Not Recommended,0.20 to 0.39,20% to 39%,26,technician,married,professional.course,telephone,may,1,0,nonexistent,0,0,0,0,0,0,0
test_002441,test,0,Did Not Subscribe,0.25283954,2528,25.28%,2598,0.3410301953818827,0,Not Recommended,0.20 to 0.39,20% to 39%,45,services,married,university.degree,telephone,jul,8,0,nonexistent,0,0,0,0,0,0,0
test_001125,test,0,Did Not Subscribe,0.25282273,2528,25.28%,2599,0.3407764526769855,0,Not Recommended,0.20 to 0.39,20% to 39%,32,admin.,divorced,university.degree,cellular,nov,1,1,failure,0,0,0,0,0,0,0
test_002740,test,0,Did Not Subscribe,0.25275648,2528,25.28%,2600,0.3405227099720883,0,Not Recommended,0.20 to 0.39,20% to 39%,39,technician,divorced,professional.course,telephone,may,3,0,nonexistent,0,0,0,0,0,0,0
test_000838,test,0,Did Not Subscribe,0.25270993,2527,25.27%,2601,0.340268967267191,0,Not Recommended,0.20 to 0.39,20% to 39%,45,management,married,university.degree,telephone,jun,1,0,nonexistent,0,0,0,0,0,0,0
test_001481,test,0,Did Not Subscribe,0.25262704,2526,25.26%,2602,0.3400152245622938,0,Not Recommended,0.20 to 0.39,20% to 39%,49,blue-collar,married,basic.4y,telephone,jun,1,0,nonexistent,0,0,0,0,0,0,0
test_003776,test,0,Did Not Subscribe,0.25253698,2525,25.25%,2603,0.3397614818573966,0,Not Recommended,0.20 to 0.39,20% to 39%,40,admin.,married,university.degree,telephone,jun,3,0,nonexistent,0,0,0,0,0,0,0
test_001415,test,0,Did Not Subscribe,0.2523365,2523,25.23%,2604,0.3395077391524993,0,Not Recommended,0.20 to 0.39,20% to 39%,37,technician,married,professional.course,telephone,jun,5,0,nonexistent,0,0,0,0,0,0,0
test_003387,test,0,Did Not Subscribe,0.25226828,2523,25.23%,2605,0.3392539964476021,0,Not Recommended,0.20 to 0.39,20% to 39%,44,housemaid,married,basic.4y,cellular,aug,1,0,nonexistent,0,0,0,0,0,0,0
test_001525,test,0,Did Not Subscribe,0.25223762,2522,25.22%,2606,0.3390002537427049,0,Not Recommended,0.20 to 0.39,20% to 39%,33,services,married,high.school,telephone,jun,3,0,nonexistent,0,0,0,0,0,0,0
test_003782,test,0,Did Not Subscribe,0.2521248,2521,25.21%,2607,0.3387465110378076,0,Not Recommended,0.20 to 0.39,20% to 39%,54,admin.,divorced,university.degree,cellular,aug,2,0,nonexistent,0,0,0,0,0,0,0
test_003661,test,0,Did Not Subscribe,0.25211525,2521,25.21%,2608,0.3384927683329104,0,Not Recommended,0.20 to 0.39,20% to 39%,28,services,single,high.school,telephone,may,1,0,nonexistent,0,0,0,0,0,0,0
test_001805,test,0,Did Not Subscribe,0.25209245,2521,25.21%,2609,0.3382390256280132,0,Not Recommended,0.20 to 0.39,20% to 39%,55,admin.,divorced,university.degree,telephone,may,2,0,nonexistent,0,0,0,0,0,0,0
test_002577,test,0,Did Not Subscribe,0.25199917,2520,25.20%,2610,0.3379852829231159,0,Not Recommended,0.20 to 0.39,20% to 39%,55,admin.,single,university.degree,telephone,may,1,0,nonexistent,0,0,0,0,0,0,0
test_001057,test,0,Did Not Subscribe,0.25199825,2520,25.20%,2611,0.3377315402182187,0,Not Recommended,0.20 to 0.39,20% to 39%,45,self-employed,married,professional.course,telephone,jun,1,0,nonexistent,0,0,0,0,0,0,0
test_003717,test,0,Did Not Subscribe,0.25191346,2519,25.19%,2612,0.3374777975133215,0,Not Recommended,0.20 to 0.39,20% to 39%,48,blue-collar,married,basic.6y,telephone,may,1,0,nonexistent,0,0,0,0,0,0,0
test_001255,test,0,Did Not Subscribe,0.25167763,2517,25.17%,2613,0.3372240548084242,0,Not Recommended,0.20 to 0.39,20% to 39%,32,admin.,divorced,university.degree,cellular,aug,1,0,nonexistent,0,0,0,0,0,0,0
test_001610,test,0,Did Not Subscribe,0.2515983,2516,25.16%,2614,0.336970312103527,0,Not Recommended,0.20 to 0.39,20% to 39%,35,blue-collar,married,basic.9y,telephone,jun,1,0,nonexistent,0,0,0,0,0,0,0
test_000449,test,0,Did Not Subscribe,0.2513464,2513,25.13%,2615,0.3367165693986298,0,Not Recommended,0.20 to 0.39,20% to 39%,49,blue-collar,married,basic.4y,telephone,jun,5,0,nonexistent,0,0,0,0,0,0,0
test_001386,test,0,Did Not Subscribe,0.2513135,2513,25.13%,2616,0.3364628266937325,0,Not Recommended,0.20 to 0.39,20% to 39%,33,services,single,high.school,telephone,may,1,0,nonexistent,0,0,0,0,0,0,0
test_003740,test,0,Did Not Subscribe,0.2511999,2512,25.12%,2617,0.3362090839888353,0,Not Recommended,0.20 to 0.39,20% to 39%,46,services,divorced,basic.9y,cellular,may,2,1,failure,0,0,0,0,0,0,0
test_003478,test,0,Did Not Subscribe,0.2511947,2512,25.12%,2618,0.3359553412839381,0,Not Recommended,0.20 to 0.39,20% to 39%,30,self-employed,single,university.degree,telephone,jun,6,0,nonexistent,0,0,0,0,0,0,0
test_003834,test,0,Did Not Subscribe,0.25101575,2510,25.10%,2619,0.3357015985790408,0,Not Recommended,0.20 to 0.39,20% to 39%,34,blue-collar,married,basic.4y,telephone,jun,5,0,nonexistent,0,0,0,0,0,0,0
test_002049,test,0,Did Not Subscribe,0.25096855,2510,25.10%,2620,0.3354478558741436,0,Not Recommended,0.20 to 0.39,20% to 39%,29,admin.,single,basic.9y,telephone,may,2,0,nonexistent,0,0,0,0,0,0,0
test_002701,test,0,Did Not Subscribe,0.25075507,2508,25.08%,2621,0.3351941131692464,0,Not Recommended,0.20 to 0.39,20% to 39%,25,student,single,university.degree,telephone,jul,2,0,nonexistent,0,0,0,0,0,0,0
test_001145,test,0,Did Not Subscribe,0.2506437,2506,25.06%,2622,0.3349403704643491,0,Not Recommended,0.20 to 0.39,20% to 39%,32,admin.,married,high.school,telephone,jun,2,0,nonexistent,0,0,0,0,0,0,0
test_003879,test,0,Did Not Subscribe,0.2501398,2501,25.01%,2623,0.3346866277594519,0,Not Recommended,0.20 to 0.39,20% to 39%,30,admin.,married,university.degree,telephone,may,4,0,nonexistent,0,0,0,0,0,0,0
test_003906,test,0,Did Not Subscribe,0.25010887,2501,25.01%,2624,0.3344328850545547,0,Not Recommended,0.20 to 0.39,20% to 39%,35,services,married,high.school,cellular,may,1,1,failure,0,0,0,0,0,0,0
test_001887,test,0,Did Not Subscribe,0.25010327,2501,25.01%,2625,0.3341791423496574,0,Not Recommended,0.20 to 0.39,20% to 39%,38,services,married,high.school,telephone,jun,5,0,nonexistent,0,0,0,0,0,0,0
test_002323,test,0,Did Not Subscribe,0.25009352,2501,25.01%,2626,0.3339253996447602,0,Not Recommended,0.20 to 0.39,20% to 39%,42,blue-collar,divorced,high.school,telephone,jun,1,0,nonexistent,0,0,0,0,0,0,0
test_000996,test,0,Did Not Subscribe,0.24986471,2499,24.99%,2627,0.333671656939863,0,Not Recommended,0.20 to 0.39,20% to 39%,49,self-employed,divorced,unknown,cellular,apr,1,1,failure,0,0,0,0,0,0,0
test_002467,test,0,Did Not Subscribe,0.2498563,2499,24.99%,2628,0.3334179142349657,0,Not Recommended,0.20 to 0.39,20% to 39%,30,blue-collar,single,unknown,telephone,jun,5,0,nonexistent,0,0,0,0,0,0,0
test_003349,test,0,Did Not Subscribe,0.24977574,2498,24.98%,2629,0.3331641715300685,0,Not Recommended,0.20 to 0.39,20% to 39%,34,housemaid,married,university.degree,cellular,aug,2,0,nonexistent,0,0,0,0,0,0,0
test_001036,test,0,Did Not Subscribe,0.24972641,2497,24.97%,2630,0.3329104288251713,0,Not Recommended,0.20 to 0.39,20% to 39%,27,services,single,high.school,telephone,may,2,0,nonexistent,0,0,0,0,0,0,0
test_000597,test,1,Subscribed,0.24964228,2496,24.96%,2631,0.332656686120274,0,Not Recommended,0.20 to 0.39,20% to 39%,31,admin.,married,high.school,telephone,jun,4,0,nonexistent,0,0,0,0,0,0,0
test_000821,test,0,Did Not Subscribe,0.24943423,2494,24.94%,2632,0.3324029434153768,0,Not Recommended,0.20 to 0.39,20% to 39%,43,self-employed,married,university.degree,cellular,aug,3,0,nonexistent,0,0,0,0,0,0,0
test_003358,test,0,Did Not Subscribe,0.24940234,2494,24.94%,2633,0.3321492007104796,0,Not Recommended,0.20 to 0.39,20% to 39%,40,admin.,married,university.degree,telephone,jun,2,0,nonexistent,0,0,0,0,0,0,0
test_000064,test,0,Did Not Subscribe,0.2493871,2494,24.94%,2634,0.3318954580055823,0,Not Recommended,0.20 to 0.39,20% to 39%,48,blue-collar,married,basic.4y,cellular,aug,2,0,nonexistent,0,0,0,0,0,0,0
test_003058,test,1,Subscribed,0.24931853,2493,24.93%,2635,0.3316417153006851,0,Not Recommended,0.20 to 0.39,20% to 39%,49,blue-collar,married,basic.9y,cellular,aug,3,0,nonexistent,0,0,0,0,0,0,0
test_000527,test,0,Did Not Subscribe,0.24928688,2493,24.93%,2636,0.3313879725957879,0,Not Recommended,0.20 to 0.39,20% to 39%,50,entrepreneur,married,basic.9y,telephone,jun,1,0,nonexistent,0,0,0,0,0,0,0
test_003338,test,0,Did Not Subscribe,0.24927348,2493,24.93%,2637,0.3311342298908906,0,Not Recommended,0.20 to 0.39,20% to 39%,33,technician,married,professional.course,telephone,may,1,0,nonexistent,0,0,0,0,0,0,0
test_002188,test,0,Did Not Subscribe,0.24926032,2493,24.93%,2638,0.3308804871859934,0,Not Recommended,0.20 to 0.39,20% to 39%,38,services,married,high.school,telephone,may,6,0,nonexistent,0,0,0,0,0,0,0
test_000998,test,0,Did Not Subscribe,0.24924551,2492,24.92%,2639,0.3306267444810962,0,Not Recommended,0.20 to 0.39,20% to 39%,33,management,married,high.school,telephone,jul,3,0,nonexistent,0,0,0,0,0,0,0
test_000253,test,0,Did Not Subscribe,0.24918136,2492,24.92%,2640,0.3303730017761989,0,Not Recommended,0.20 to 0.39,20% to 39%,57,management,married,university.degree,cellular,nov,1,0,nonexistent,0,0,0,0,0,0,0
test_003744,test,0,Did Not Subscribe,0.24911788,2491,24.91%,2641,0.3301192590713017,0,Not Recommended,0.20 to 0.39,20% to 39%,53,admin.,married,university.degree,cellular,aug,1,0,nonexistent,0,0,0,0,0,0,0
test_000921,test,0,Did Not Subscribe,0.24908285,2491,24.91%,2642,0.3298655163664045,0,Not Recommended,0.20 to 0.39,20% to 39%,33,blue-collar,single,basic.9y,telephone,may,2,0,nonexistent,0,0,0,0,0,0,0
test_002021,test,0,Did Not Subscribe,0.2490734,2491,24.91%,2643,0.3296117736615072,0,Not Recommended,0.20 to 0.39,20% to 39%,43,admin.,married,university.degree,telephone,may,3,0,nonexistent,0,0,0,0,0,0,0
test_001498,test,0,Did Not Subscribe,0.24901281,2490,24.90%,2644,0.32935803095661,0,Not Recommended,0.20 to 0.39,20% to 39%,44,services,married,high.school,cellular,jul,1,0,nonexistent,0,0,0,0,0,0,0
test_003300,test,0,Did Not Subscribe,0.24877939,2488,24.88%,2645,0.3291042882517128,0,Not Recommended,0.20 to 0.39,20% to 39%,34,technician,single,high.school,telephone,nov,4,0,nonexistent,0,0,0,0,0,0,0
test_002754,test,0,Did Not Subscribe,0.24865098,2487,24.87%,2646,0.3288505455468155,0,Not Recommended,0.20 to 0.39,20% to 39%,51,blue-collar,married,basic.4y,telephone,jul,6,0,nonexistent,0,0,0,0,0,0,0
test_002361,test,0,Did Not Subscribe,0.24849948,2485,24.85%,2647,0.3285968028419183,0,Not Recommended,0.20 to 0.39,20% to 39%,46,blue-collar,married,professional.course,telephone,jun,1,0,nonexistent,0,0,0,0,0,0,0
test_002927,test,0,Did Not Subscribe,0.24848081,2485,24.85%,2648,0.3283430601370211,0,Not Recommended,0.20 to 0.39,20% to 39%,31,technician,single,university.degree,telephone,may,1,0,nonexistent,0,0,0,0,0,0,0
test_001198,test,0,Did Not Subscribe,0.24843098,2484,24.84%,2649,0.3280893174321238,0,Not Recommended,0.20 to 0.39,20% to 39%,58,blue-collar,married,basic.9y,cellular,nov,1,1,failure,0,0,0,0,0,0,0
test_001527,test,0,Did Not Subscribe,0.24841547,2484,24.84%,2650,0.3278355747272266,0,Not Recommended,0.20 to 0.39,20% to 39%,34,technician,divorced,professional.course,cellular,aug,1,0,nonexistent,0,0,0,0,0,0,0
test_002471,test,0,Did Not Subscribe,0.24841185,2484,24.84%,2651,0.3275818320223294,0,Not Recommended,0.20 to 0.39,20% to 39%,34,blue-collar,married,basic.9y,telephone,may,3,0,nonexistent,0,0,0,0,0,0,0
test_003105,test,0,Did Not Subscribe,0.24823014,2482,24.82%,2652,0.327328089317432,0,Not Recommended,0.20 to 0.39,20% to 39%,24,admin.,married,university.degree,cellular,jul,13,0,nonexistent,0,0,0,0,0,0,0
test_001661,test,0,Did Not Subscribe,0.24818337,2482,24.82%,2653,0.3270743466125348,0,Not Recommended,0.20 to 0.39,20% to 39%,39,admin.,married,high.school,telephone,jul,1,0,nonexistent,0,0,0,0,0,0,0
test_000155,test,0,Did Not Subscribe,0.24813804,2481,24.81%,2654,0.3268206039076377,0,Not Recommended,0.20 to 0.39,20% to 39%,35,technician,married,university.degree,cellular,aug,10,0,nonexistent,0,0,0,0,0,0,0
test_003845,test,0,Did Not Subscribe,0.24777614,2478,24.78%,2655,0.3265668612027403,0,Not Recommended,0.20 to 0.39,20% to 39%,28,technician,married,basic.9y,telephone,jul,2,0,nonexistent,0,0,0,0,0,0,0
test_001066,test,0,Did Not Subscribe,0.24765196,2477,24.77%,2656,0.3263131184978431,0,Not Recommended,0.20 to 0.39,20% to 39%,50,admin.,married,high.school,cellular,aug,3,0,nonexistent,0,0,0,0,0,0,0
test_003234,test,1,Subscribed,0.24762775,2476,24.76%,2657,0.3260593757929459,0,Not Recommended,0.20 to 0.39,20% to 39%,56,services,married,basic.4y,cellular,jul,1,0,nonexistent,0,0,0,0,0,0,0
test_000503,test,0,Did Not Subscribe,0.24758384,2476,24.76%,2658,0.3258056330880488,0,Not Recommended,0.20 to 0.39,20% to 39%,41,blue-collar,married,unknown,cellular,jul,1,0,nonexistent,0,0,0,0,0,0,0
test_002048,test,0,Did Not Subscribe,0.24742535,2474,24.74%,2659,0.3255518903831514,0,Not Recommended,0.20 to 0.39,20% to 39%,31,admin.,married,high.school,telephone,may,2,0,nonexistent,0,0,0,0,0,0,0
test_003907,test,0,Did Not Subscribe,0.24737164,2474,24.74%,2660,0.3252981476782542,0,Not Recommended,0.20 to 0.39,20% to 39%,39,management,single,basic.9y,telephone,nov,1,0,nonexistent,0,0,0,0,0,0,0
test_000493,test,0,Did Not Subscribe,0.24734557,2473,24.73%,2661,0.325044404973357,0,Not Recommended,0.20 to 0.39,20% to 39%,42,blue-collar,divorced,basic.9y,telephone,may,1,0,nonexistent,0,0,0,0,0,0,0
test_000353,test,0,Did Not Subscribe,0.24725007,2473,24.73%,2662,0.3247906622684597,0,Not Recommended,0.20 to 0.39,20% to 39%,46,management,married,university.degree,telephone,jun,3,0,nonexistent,0,0,0,0,0,0,0
test_003446,test,0,Did Not Subscribe,0.24721569,2472,24.72%,2663,0.3245369195635625,0,Not Recommended,0.20 to 0.39,20% to 39%,40,blue-collar,divorced,basic.9y,telephone,jun,1,0,nonexistent,0,0,0,0,0,0,0
test_003675,test,0,Did Not Subscribe,0.24717234,2472,24.72%,2664,0.3242831768586653,0,Not Recommended,0.20 to 0.39,20% to 39%,46,blue-collar,married,basic.9y,cellular,aug,1,0,nonexistent,0,0,0,0,0,0,0
test_001034,test,0,Did Not Subscribe,0.24715285,2472,24.72%,2665,0.324029434153768,0,Not Recommended,0.20 to 0.39,20% to 39%,32,admin.,single,university.degree,telephone,jun,1,0,nonexistent,0,0,0,0,0,0,0
test_003246,test,0,Did Not Subscribe,0.24704085,2470,24.70%,2666,0.3237756914488708,0,Not Recommended,0.20 to 0.39,20% to 39%,30,admin.,single,high.school,cellular,nov,2,1,failure,0,0,0,0,0,0,0
test_000661,test,0,Did Not Subscribe,0.24692011,2469,24.69%,2667,0.3235219487439736,0,Not Recommended,0.20 to 0.39,20% to 39%,45,technician,married,professional.course,telephone,may,4,0,nonexistent,0,0,0,0,0,0,0
test_000785,test,0,Did Not Subscribe,0.24689032,2469,24.69%,2668,0.3232682060390763,0,Not Recommended,0.20 to 0.39,20% to 39%,48,blue-collar,married,basic.4y,telephone,jun,2,0,nonexistent,0,0,0,0,0,0,0
test_000457,test,0,Did Not Subscribe,0.2468372,2468,24.68%,2669,0.3230144633341791,0,Not Recommended,0.20 to 0.39,20% to 39%,34,blue-collar,married,basic.6y,telephone,jul,3,0,nonexistent,0,0,0,0,0,0,0
test_001830,test,0,Did Not Subscribe,0.24682577,2468,24.68%,2670,0.3227607206292819,0,Not Recommended,0.20 to 0.39,20% to 39%,43,admin.,married,high.school,telephone,jun,2,0,nonexistent,0,0,0,0,0,0,0
test_003565,test,0,Did Not Subscribe,0.24676801,2468,24.68%,2671,0.3225069779243846,0,Not Recommended,0.20 to 0.39,20% to 39%,41,admin.,divorced,basic.6y,telephone,jul,1,0,nonexistent,0,0,0,0,0,0,0
test_001600,test,0,Did Not Subscribe,0.24673961,2467,24.67%,2672,0.3222532352194874,0,Not Recommended,0.20 to 0.39,20% to 39%,47,blue-collar,married,basic.4y,cellular,may,1,0,nonexistent,0,0,0,0,0,0,0
test_003688,test,0,Did Not Subscribe,0.2466955,2467,24.67%,2673,0.3219994925145902,0,Not Recommended,0.20 to 0.39,20% to 39%,54,unemployed,married,high.school,cellular,jul,1,0,nonexistent,0,0,0,0,0,0,0
test_001306,test,1,Subscribed,0.24663375,2466,24.66%,2674,0.3217457498096929,0,Not Recommended,0.20 to 0.39,20% to 39%,41,blue-collar,married,unknown,cellular,nov,4,0,nonexistent,0,0,0,0,0,0,0
test_001813,test,0,Did Not Subscribe,0.24655263,2466,24.66%,2675,0.3214920071047957,0,Not Recommended,0.20 to 0.39,20% to 39%,40,technician,married,high.school,cellular,aug,1,0,nonexistent,0,0,0,0,0,0,0
test_003174,test,0,Did Not Subscribe,0.24627936,2463,24.63%,2676,0.3212382643998985,0,Not Recommended,0.20 to 0.39,20% to 39%,37,blue-collar,married,basic.6y,telephone,jul,8,0,nonexistent,0,0,0,0,0,0,0
test_003367,test,0,Did Not Subscribe,0.24612403,2461,24.61%,2677,0.3209845216950012,0,Not Recommended,0.20 to 0.39,20% to 39%,55,blue-collar,married,professional.course,telephone,jun,1,0,nonexistent,0,0,0,0,0,0,0
test_000227,test,0,Did Not Subscribe,0.24608472,2461,24.61%,2678,0.320730778990104,0,Not Recommended,0.20 to 0.39,20% to 39%,47,retired,married,basic.9y,cellular,aug,1,0,nonexistent,0,0,0,0,0,0,0
test_002126,test,0,Did Not Subscribe,0.2460765,2461,24.61%,2679,0.3204770362852068,0,Not Recommended,0.20 to 0.39,20% to 39%,40,admin.,married,high.school,cellular,aug,1,0,nonexistent,0,0,0,0,0,0,0
test_001849,test,0,Did Not Subscribe,0.24604324,2460,24.60%,2680,0.3202232935803095,0,Not Recommended,0.20 to 0.39,20% to 39%,47,admin.,single,university.degree,cellular,aug,1,0,nonexistent,0,0,0,0,0,0,0
test_000426,test,0,Did Not Subscribe,0.24598333,2460,24.60%,2681,0.3199695508754123,0,Not Recommended,0.20 to 0.39,20% to 39%,45,services,married,basic.9y,telephone,may,1,0,nonexistent,0,0,0,0,0,0,0
test_000099,test,0,Did Not Subscribe,0.24597616,2460,24.60%,2682,0.3197158081705151,0,Not Recommended,0.20 to 0.39,20% to 39%,28,admin.,single,university.degree,telephone,may,1,0,nonexistent,0,0,0,0,0,0,0
test_002255,test,0,Did Not Subscribe,0.24592088,2459,24.59%,2683,0.3194620654656178,0,Not Recommended,0.20 to 0.39,20% to 39%,35,technician,single,university.degree,telephone,jun,3,0,nonexistent,0,0,0,0,0,0,0
test_003433,test,0,Did Not Subscribe,0.2459023,2459,24.59%,2684,0.3192083227607206,0,Not Recommended,0.20 to 0.39,20% to 39%,40,technician,divorced,professional.course,cellular,aug,1,0,nonexistent,0,0,0,0,0,0,0
test_003017,test,0,Did Not Subscribe,0.24589196,2459,24.59%,2685,0.3189545800558234,0,Not Recommended,0.20 to 0.39,20% to 39%,47,blue-collar,married,high.school,cellular,aug,10,0,nonexistent,0,0,0,0,0,0,0
test_001711,test,0,Did Not Subscribe,0.24580416,2458,24.58%,2686,0.3187008373509261,0,Not Recommended,0.20 to 0.39,20% to 39%,60,technician,divorced,professional.course,telephone,may,6,0,nonexistent,0,0,0,0,0,0,0
test_002337,test,0,Did Not Subscribe,0.24554503,2455,24.55%,2687,0.3184470946460289,0,Not Recommended,0.20 to 0.39,20% to 39%,53,services,married,basic.9y,telephone,jul,2,0,nonexistent,0,0,0,0,0,0,0
test_001148,test,0,Did Not Subscribe,0.24549295,2455,24.55%,2688,0.3181933519411317,0,Not Recommended,0.20 to 0.39,20% to 39%,56,admin.,married,high.school,telephone,jun,2,0,nonexistent,0,0,0,0,0,0,0
test_003485,test,0,Did Not Subscribe,0.24527133,2453,24.53%,2689,0.3179396092362344,0,Not Recommended,0.20 to 0.39,20% to 39%,47,admin.,married,university.degree,cellular,aug,1,0,nonexistent,0,0,0,0,0,0,0
test_001214,test,0,Did Not Subscribe,0.2452297,2452,24.52%,2690,0.3176858665313372,0,Not Recommended,0.20 to 0.39,20% to 39%,30,admin.,married,university.degree,telephone,may,4,0,nonexistent,0,0,0,0,0,0,0
test_003369,test,0,Did Not Subscribe,0.24519892,2452,24.52%,2691,0.31743212382644,0,Not Recommended,0.20 to 0.39,20% to 39%,42,technician,divorced,basic.9y,telephone,may,1,0,nonexistent,0,0,0,0,0,0,0
test_002248,test,0,Did Not Subscribe,0.24517982,2452,24.52%,2692,0.3171783811215427,0,Not Recommended,0.20 to 0.39,20% to 39%,40,blue-collar,married,basic.4y,telephone,jun,2,0,nonexistent,0,0,0,0,0,0,0
test_001505,test,0,Did Not Subscribe,0.24514389,2451,24.51%,2693,0.3169246384166455,0,Not Recommended,0.20 to 0.39,20% to 39%,35,admin.,married,university.degree,telephone,jun,3,0,nonexistent,0,0,0,0,0,0,0
test_002047,test,0,Did Not Subscribe,0.24497676,2450,24.50%,2694,0.3166708957117483,0,Not Recommended,0.20 to 0.39,20% to 39%,36,blue-collar,married,basic.9y,telephone,may,1,0,nonexistent,0,0,0,0,0,0,0
test_002561,test,0,Did Not Subscribe,0.24485812,2449,24.49%,2695,0.316417153006851,0,Not Recommended,0.20 to 0.39,20% to 39%,34,blue-collar,single,basic.9y,cellular,may,2,1,failure,0,0,0,0,0,0,0
test_001440,test,0,Did Not Subscribe,0.24478358,2448,24.48%,2696,0.3161634103019538,0,Not Recommended,0.20 to 0.39,20% to 39%,35,technician,married,professional.course,cellular,aug,1,0,nonexistent,0,0,0,0,0,0,0
test_003754,test,0,Did Not Subscribe,0.24465725,2447,24.47%,2697,0.3159096675970566,0,Not Recommended,0.20 to 0.39,20% to 39%,51,management,divorced,high.school,cellular,nov,2,0,nonexistent,0,0,0,0,0,0,0
test_001852,test,0,Did Not Subscribe,0.24462198,2446,24.46%,2698,0.3156559248921593,0,Not Recommended,0.20 to 0.39,20% to 39%,29,services,divorced,high.school,cellular,may,2,1,failure,0,0,0,0,0,0,0
test_003112,test,0,Did Not Subscribe,0.24453996,2445,24.45%,2699,0.3154021821872621,0,Not Recommended,0.20 to 0.39,20% to 39%,41,housemaid,divorced,basic.9y,cellular,jul,1,0,nonexistent,0,0,0,0,0,0,0
test_001418,test,0,Did Not Subscribe,0.24452041,2445,24.45%,2700,0.3151484394823649,0,Not Recommended,0.20 to 0.39,20% to 39%,33,admin.,single,high.school,telephone,jun,1,0,nonexistent,0,0,0,0,0,0,0
test_000170,test,0,Did Not Subscribe,0.24448925,2445,24.45%,2701,0.3148946967774676,0,Not Recommended,0.20 to 0.39,20% to 39%,56,admin.,married,basic.6y,cellular,aug,1,0,nonexistent,0,0,0,0,0,0,0
test_001243,test,0,Did Not Subscribe,0.24441789,2444,24.44%,2702,0.3146409540725704,0,Not Recommended,0.20 to 0.39,20% to 39%,39,management,married,high.school,cellular,nov,2,0,nonexistent,0,0,0,0,0,0,0
test_001141,test,0,Did Not Subscribe,0.24431707,2443,24.43%,2703,0.3143872113676732,0,Not Recommended,0.20 to 0.39,20% to 39%,54,technician,married,university.degree,cellular,may,7,0,nonexistent,0,0,0,0,0,0,0
test_001352,test,0,Did Not Subscribe,0.24430418,2443,24.43%,2704,0.3141334686627759,0,Not Recommended,0.20 to 0.39,20% to 39%,50,technician,single,university.degree,cellular,jul,2,0,nonexistent,0,0,0,0,0,0,0
test_001391,test,0,Did Not Subscribe,0.24420922,2442,24.42%,2705,0.3138797259578787,0,Not Recommended,0.20 to 0.39,20% to 39%,40,services,divorced,high.school,telephone,may,2,0,nonexistent,0,0,0,0,0,0,0
test_001814,test,0,Did Not Subscribe,0.24418414,2442,24.42%,2706,0.3136259832529815,0,Not Recommended,0.20 to 0.39,20% to 39%,43,admin.,married,university.degree,telephone,jun,6,0,nonexistent,0,0,0,0,0,0,0
test_000068,test,0,Did Not Subscribe,0.2441568,2442,24.42%,2707,0.3133722405480842,0,Not Recommended,0.20 to 0.39,20% to 39%,36,management,divorced,professional.course,cellular,nov,2,0,nonexistent,0,0,0,0,0,0,0
test_003314,test,0,Did Not Subscribe,0.2440833,2441,24.41%,2708,0.313118497843187,0,Not Recommended,0.20 to 0.39,20% to 39%,28,blue-collar,married,basic.9y,telephone,may,1,0,nonexistent,0,0,0,0,0,0,0
test_002688,test,0,Did Not Subscribe,0.24396035,2440,24.40%,2709,0.3128647551382898,0,Not Recommended,0.20 to 0.39,20% to 39%,56,technician,married,professional.course,cellular,nov,5,0,nonexistent,0,0,0,0,0,0,0
test_003432,test,0,Did Not Subscribe,0.2439307,2439,24.39%,2710,0.3126110124333925,0,Not Recommended,0.20 to 0.39,20% to 39%,28,admin.,single,high.school,telephone,may,2,0,nonexistent,0,0,0,0,0,0,0
test_000419,test,0,Did Not Subscribe,0.24378555,2438,24.38%,2711,0.3123572697284953,0,Not Recommended,0.20 to 0.39,20% to 39%,29,blue-collar,married,high.school,telephone,may,3,0,nonexistent,0,0,0,0,0,0,0
test_001128,test,0,Did Not Subscribe,0.2437054,2437,24.37%,2712,0.3121035270235981,0,Not Recommended,0.20 to 0.39,20% to 39%,48,blue-collar,married,unknown,cellular,aug,10,0,nonexistent,0,0,0,0,0,0,0
test_000165,test,0,Did Not Subscribe,0.24335465,2434,24.34%,2713,0.3118497843187008,0,Not Recommended,0.20 to 0.39,20% to 39%,53,technician,married,university.degree,cellular,nov,1,0,nonexistent,0,0,0,0,0,0,0
test_002559,test,0,Did Not Subscribe,0.24331681,2433,24.33%,2714,0.3115960416138036,0,Not Recommended,0.20 to 0.39,20% to 39%,38,blue-collar,married,basic.6y,telephone,jun,12,0,nonexistent,0,0,0,0,0,0,0
test_002110,test,0,Did Not Subscribe,0.24306053,2431,24.31%,2715,0.3113422989089064,0,Not Recommended,0.20 to 0.39,20% to 39%,37,blue-collar,married,professional.course,telephone,jun,7,0,nonexistent,0,0,0,0,0,0,0
test_003727,test,0,Did Not Subscribe,0.24297506,2430,24.30%,2716,0.3110885562040091,0,Not Recommended,0.20 to 0.39,20% to 39%,51,admin.,divorced,university.degree,telephone,aug,1,0,nonexistent,0,0,0,0,0,0,0
test_003821,test,0,Did Not Subscribe,0.24296299,2430,24.30%,2717,0.3108348134991119,0,Not Recommended,0.20 to 0.39,20% to 39%,38,blue-collar,divorced,basic.4y,cellular,nov,2,0,nonexistent,0,0,0,0,0,0,0
test_001085,test,0,Did Not Subscribe,0.24268079,2427,24.27%,2718,0.3105810707942147,0,Not Recommended,0.20 to 0.39,20% to 39%,33,services,divorced,high.school,telephone,may,3,0,nonexistent,0,0,0,0,0,0,0
test_002433,test,0,Did Not Subscribe,0.24265274,2427,24.27%,2719,0.3103273280893174,0,Not Recommended,0.20 to 0.39,20% to 39%,51,blue-collar,married,high.school,telephone,may,1,0,nonexistent,0,0,0,0,0,0,0
test_001760,test,0,Did Not Subscribe,0.24259971,2426,24.26%,2720,0.3100735853844202,0,Not Recommended,0.20 to 0.39,20% to 39%,38,admin.,married,high.school,telephone,jun,2,0,nonexistent,0,0,0,0,0,0,0
test_003610,test,0,Did Not Subscribe,0.24239577,2424,24.24%,2721,0.309819842679523,0,Not Recommended,0.20 to 0.39,20% to 39%,67,retired,single,university.degree,cellular,mar,22,0,nonexistent,0,0,0,0,0,0,0
test_002296,test,0,Did Not Subscribe,0.2423154,2423,24.23%,2722,0.3095660999746257,0,Not Recommended,0.20 to 0.39,20% to 39%,29,housemaid,single,high.school,telephone,may,3,0,nonexistent,0,0,0,0,0,0,0
test_000737,test,0,Did Not Subscribe,0.24213119,2421,24.21%,2723,0.3093123572697285,0,Not Recommended,0.20 to 0.39,20% to 39%,30,admin.,married,high.school,cellular,may,7,0,nonexistent,0,0,0,0,0,0,0
test_003370,test,0,Did Not Subscribe,0.24205425,2421,24.21%,2724,0.3090586145648313,0,Not Recommended,0.20 to 0.39,20% to 39%,32,technician,single,professional.course,cellular,nov,5,0,nonexistent,0,0,0,0,0,0,0
test_001688,test,0,Did Not Subscribe,0.24200289,2420,24.20%,2725,0.308804871859934,0,Not Recommended,0.20 to 0.39,20% to 39%,36,unemployed,single,professional.course,telephone,aug,1,0,nonexistent,0,0,0,0,0,0,0
test_002741,test,0,Did Not Subscribe,0.24181713,2418,24.18%,2726,0.3085511291550368,0,Not Recommended,0.20 to 0.39,20% to 39%,36,blue-collar,married,basic.9y,cellular,may,1,1,failure,0,0,0,0,0,0,0
test_001848,test,0,Did Not Subscribe,0.24175823,2418,24.18%,2727,0.3082973864501396,0,Not Recommended,0.20 to 0.39,20% to 39%,36,blue-collar,single,basic.6y,telephone,may,2,0,nonexistent,0,0,0,0,0,0,0
test_002002,test,0,Did Not Subscribe,0.24173892,2417,24.17%,2728,0.3080436437452423,0,Not Recommended,0.20 to 0.39,20% to 39%,32,admin.,married,university.degree,cellular,nov,1,1,failure,0,0,0,0,0,0,0
test_003419,test,0,Did Not Subscribe,0.24171714,2417,24.17%,2729,0.3077899010403451,0,Not Recommended,0.20 to 0.39,20% to 39%,30,technician,married,university.degree,cellular,nov,6,0,nonexistent,0,0,0,0,0,0,0
test_001573,test,0,Did Not Subscribe,0.24152562,2415,24.15%,2730,0.3075361583354479,0,Not Recommended,0.20 to 0.39,20% to 39%,28,blue-collar,married,basic.6y,telephone,may,1,0,nonexistent,0,0,0,0,0,0,0
test_002389,test,0,Did Not Subscribe,0.24152045,2415,24.15%,2731,0.3072824156305506,0,Not Recommended,0.20 to 0.39,20% to 39%,54,management,married,university.degree,cellular,nov,1,0,nonexistent,0,0,0,0,0,0,0
test_002404,test,0,Did Not Subscribe,0.24146883,2415,24.15%,2732,0.3070286729256534,0,Not Recommended,0.20 to 0.39,20% to 39%,33,admin.,married,university.degree,telephone,may,2,0,nonexistent,0,0,0,0,0,0,0
test_000178,test,0,Did Not Subscribe,0.24136831,2414,24.14%,2733,0.3067749302207562,0,Not Recommended,0.20 to 0.39,20% to 39%,36,blue-collar,married,professional.course,telephone,jun,2,0,nonexistent,0,0,0,0,0,0,0
test_003157,test,0,Did Not Subscribe,0.2411777,2412,24.12%,2734,0.3065211875158589,0,Not Recommended,0.20 to 0.39,20% to 39%,33,admin.,single,university.degree,telephone,jun,2,0,nonexistent,0,0,0,0,0,0,0
test_002436,test,0,Did Not Subscribe,0.24114674,2411,24.11%,2735,0.3062674448109617,0,Not Recommended,0.20 to 0.39,20% to 39%,37,services,married,high.school,telephone,may,1,0,nonexistent,0,0,0,0,0,0,0
test_000381,test,0,Did Not Subscribe,0.24106647,2411,24.11%,2736,0.3060137021060645,0,Not Recommended,0.20 to 0.39,20% to 39%,50,admin.,married,university.degree,telephone,jul,2,0,nonexistent,0,0,0,0,0,0,0
test_002832,test,0,Did Not Subscribe,0.24104619,2410,24.10%,2737,0.3057599594011672,0,Not Recommended,0.20 to 0.39,20% to 39%,40,blue-collar,married,basic.4y,cellular,may,6,0,nonexistent,0,0,0,0,0,0,0
test_003856,test,0,Did Not Subscribe,0.24096496,2410,24.10%,2738,0.30550621669627,0,Not Recommended,0.20 to 0.39,20% to 39%,32,entrepreneur,single,university.degree,cellular,nov,2,1,failure,0,0,0,0,0,0,0
test_001618,test,0,Did Not Subscribe,0.24093829,2409,24.09%,2739,0.3052524739913728,0,Not Recommended,0.20 to 0.39,20% to 39%,44,blue-collar,married,basic.9y,telephone,may,2,0,nonexistent,0,0,0,0,0,0,0
test_000031,test,0,Did Not Subscribe,0.24085824,2409,24.09%,2740,0.3049987312864755,0,Not Recommended,0.20 to 0.39,20% to 39%,26,admin.,married,high.school,telephone,may,2,0,nonexistent,0,0,0,0,0,0,0
test_000692,test,0,Did Not Subscribe,0.24083117,2408,24.08%,2741,0.3047449885815783,0,Not Recommended,0.20 to 0.39,20% to 39%,39,admin.,married,university.degree,telephone,may,1,0,nonexistent,0,0,0,0,0,0,0
test_002584,test,0,Did Not Subscribe,0.24082913,2408,24.08%,2742,0.3044912458766811,0,Not Recommended,0.20 to 0.39,20% to 39%,26,admin.,single,high.school,telephone,may,2,0,nonexistent,0,0,0,0,0,0,0
test_001291,test,0,Did Not Subscribe,0.24082503,2408,24.08%,2743,0.3042375031717838,0,Not Recommended,0.20 to 0.39,20% to 39%,58,management,married,university.degree,cellular,nov,2,1,failure,0,0,0,0,0,0,0
test_003469,test,0,Did Not Subscribe,0.24075574,2408,24.08%,2744,0.3039837604668866,0,Not Recommended,0.20 to 0.39,20% to 39%,37,services,married,high.school,cellular,nov,2,0,nonexistent,0,0,0,0,0,0,0
test_003020,test,0,Did Not Subscribe,0.2407236,2407,24.07%,2745,0.3037300177619894,0,Not Recommended,0.20 to 0.39,20% to 39%,39,admin.,single,professional.course,cellular,may,5,1,failure,0,0,0,0,0,0,0
test_001970,test,0,Did Not Subscribe,0.24051106,2405,24.05%,2746,0.303476275057092,0,Not Recommended,0.20 to 0.39,20% to 39%,38,services,married,high.school,telephone,may,1,0,nonexistent,0,0,0,0,0,0,0
test_001581,test,0,Did Not Subscribe,0.24045064,2405,24.05%,2747,0.3032225323521949,0,Not Recommended,0.20 to 0.39,20% to 39%,47,admin.,married,university.degree,cellular,nov,3,0,nonexistent,0,0,0,0,0,0,0
test_002987,test,0,Did Not Subscribe,0.24041563,2404,24.04%,2748,0.3029687896472977,0,Not Recommended,0.20 to 0.39,20% to 39%,38,technician,married,professional.course,cellular,nov,4,0,nonexistent,0,0,0,0,0,0,0
test_001566,test,0,Did Not Subscribe,0.2404147,2404,24.04%,2749,0.3027150469424003,0,Not Recommended,0.20 to 0.39,20% to 39%,43,entrepreneur,married,basic.4y,cellular,nov,4,0,nonexistent,0,0,0,0,0,0,0
test_001461,test,0,Did Not Subscribe,0.2403047,2403,24.03%,2750,0.3024613042375031,0,Not Recommended,0.20 to 0.39,20% to 39%,31,blue-collar,married,basic.9y,telephone,jun,2,0,nonexistent,0,0,0,0,0,0,0
test_001697,test,0,Did Not Subscribe,0.24022299,2402,24.02%,2751,0.302207561532606,0,Not Recommended,0.20 to 0.39,20% to 39%,39,management,married,university.degree,telephone,may,1,0,nonexistent,0,0,0,0,0,0,0
test_001108,test,1,Subscribed,0.2402067,2402,24.02%,2752,0.3019538188277086,0,Not Recommended,0.20 to 0.39,20% to 39%,42,admin.,married,university.degree,cellular,nov,5,0,nonexistent,0,0,0,0,0,0,0
test_003729,test,0,Did Not Subscribe,0.24018092,2402,24.02%,2753,0.3017000761228114,0,Not Recommended,0.20 to 0.39,20% to 39%,37,blue-collar,married,basic.9y,telephone,jul,2,0,nonexistent,0,0,0,0,0,0,0
test_003084,test,0,Did Not Subscribe,0.24004404,2400,24.00%,2754,0.3014463334179142,0,Not Recommended,0.20 to 0.39,20% to 39%,35,admin.,single,university.degree,telephone,may,3,0,nonexistent,0,0,0,0,0,0,0
test_001751,test,0,Did Not Subscribe,0.24002968,2400,24.00%,2755,0.3011925907130169,0,Not Recommended,0.20 to 0.39,20% to 39%,40,management,married,unknown,cellular,nov,1,1,failure,0,0,0,0,0,0,0
test_003641,test,0,Did Not Subscribe,0.24002519,2400,24.00%,2756,0.3009388480081197,0,Not Recommended,0.20 to 0.39,20% to 39%,27,self-employed,married,university.degree,telephone,jul,3,0,nonexistent,0,0,0,0,0,0,0
test_001488,test,0,Did Not Subscribe,0.23998246,2400,24.00%,2757,0.3006851053032225,0,Not Recommended,0.20 to 0.39,20% to 39%,49,admin.,single,university.degree,telephone,jul,10,0,nonexistent,0,0,0,0,0,0,0
test_002351,test,0,Did Not Subscribe,0.23970005,2397,23.97%,2758,0.3004313625983252,0,Not Recommended,0.20 to 0.39,20% to 39%,37,technician,married,high.school,telephone,jun,3,0,nonexistent,0,0,0,0,0,0,0
test_001539,test,0,Did Not Subscribe,0.23968212,2397,23.97%,2759,0.300177619893428,0,Not Recommended,0.20 to 0.39,20% to 39%,41,technician,married,professional.course,cellular,aug,2,0,nonexistent,0,0,0,0,0,0,0
test_002385,test,0,Did Not Subscribe,0.23965123,2397,23.97%,2760,0.2999238771885308,0,Not Recommended,0.20 to 0.39,20% to 39%,48,blue-collar,married,basic.4y,cellular,aug,3,0,nonexistent,0,0,0,0,0,0,0
test_003673,test,0,Did Not Subscribe,0.23964044,2396,23.96%,2761,0.2996701344836335,0,Not Recommended,0.20 to 0.39,20% to 39%,37,blue-collar,married,basic.9y,telephone,may,2,0,nonexistent,0,0,0,0,0,0,0
test_001276,test,0,Did Not Subscribe,0.23951465,2395,23.95%,2762,0.2994163917787363,0,Not Recommended,0.20 to 0.39,20% to 39%,29,self-employed,married,high.school,telephone,jun,6,0,nonexistent,0,0,0,0,0,0,0
test_000902,test,0,Did Not Subscribe,0.23942381,2394,23.94%,2763,0.2991626490738391,0,Not Recommended,0.20 to 0.39,20% to 39%,41,blue-collar,married,basic.9y,cellular,may,2,1,failure,0,0,0,0,0,0,0
test_001603,test,0,Did Not Subscribe,0.2392971,2393,23.93%,2764,0.2989089063689418,0,Not Recommended,0.20 to 0.39,20% to 39%,32,unemployed,married,basic.9y,telephone,jun,2,0,nonexistent,0,0,0,0,0,0,0
test_000602,test,0,Did Not Subscribe,0.23914534,2391,23.91%,2765,0.2986551636640446,0,Not Recommended,0.20 to 0.39,20% to 39%,57,services,divorced,high.school,telephone,may,2,0,nonexistent,0,0,0,0,0,0,0
test_003851,test,0,Did Not Subscribe,0.23905107,2391,23.91%,2766,0.2984014209591474,0,Not Recommended,0.20 to 0.39,20% to 39%,35,technician,single,professional.course,cellular,aug,1,0,nonexistent,0,0,0,0,0,0,0
test_001408,test,0,Did Not Subscribe,0.23902775,2390,23.90%,2767,0.2981476782542501,0,Not Recommended,0.20 to 0.39,20% to 39%,50,admin.,divorced,basic.4y,cellular,may,11,0,nonexistent,0,0,0,0,0,0,0
test_001077,test,0,Did Not Subscribe,0.23892242,2389,23.89%,2768,0.2978939355493529,0,Not Recommended,0.20 to 0.39,20% to 39%,32,housemaid,married,high.school,telephone,jun,1,0,nonexistent,0,0,0,0,0,0,0
test_002090,test,0,Did Not Subscribe,0.2388085,2388,23.88%,2769,0.2976401928444557,0,Not Recommended,0.20 to 0.39,20% to 39%,39,technician,single,high.school,telephone,jul,7,0,nonexistent,0,0,0,0,0,0,0
test_001588,test,0,Did Not Subscribe,0.23879847,2388,23.88%,2770,0.2973864501395584,0,Not Recommended,0.20 to 0.39,20% to 39%,39,admin.,married,high.school,telephone,jun,6,0,nonexistent,0,0,0,0,0,0,0
test_003008,test,0,Did Not Subscribe,0.23875715,2388,23.88%,2771,0.2971327074346612,0,Not Recommended,0.20 to 0.39,20% to 39%,32,technician,single,professional.course,telephone,may,1,0,nonexistent,0,0,0,0,0,0,0
test_001556,test,0,Did Not Subscribe,0.23870434,2387,23.87%,2772,0.296878964729764,0,Not Recommended,0.20 to 0.39,20% to 39%,33,blue-collar,single,basic.4y,telephone,jun,1,0,nonexistent,0,0,0,0,0,0,0
test_000406,test,0,Did Not Subscribe,0.23862457,2386,23.86%,2773,0.2966252220248667,0,Not Recommended,0.20 to 0.39,20% to 39%,50,management,married,basic.6y,cellular,nov,5,0,nonexistent,0,0,0,0,0,0,0
test_001924,test,0,Did Not Subscribe,0.23856674,2386,23.86%,2774,0.2963714793199695,0,Not Recommended,0.20 to 0.39,20% to 39%,38,self-employed,married,basic.9y,telephone,may,1,2,failure,0,0,0,0,0,0,0
test_002547,test,0,Did Not Subscribe,0.238507,2385,23.85%,2775,0.2961177366150723,0,Not Recommended,0.20 to 0.39,20% to 39%,23,services,single,high.school,telephone,jul,3,0,nonexistent,0,0,0,0,0,0,0
test_001070,test,0,Did Not Subscribe,0.23844896,2384,23.84%,2776,0.295863993910175,0,Not Recommended,0.20 to 0.39,20% to 39%,43,admin.,married,unknown,cellular,jul,1,0,nonexistent,0,0,0,0,0,0,0
test_001266,test,0,Did Not Subscribe,0.23832427,2383,23.83%,2777,0.2956102512052778,0,Not Recommended,0.20 to 0.39,20% to 39%,37,technician,single,professional.course,cellular,nov,1,1,failure,0,0,0,0,0,0,0
test_003023,test,0,Did Not Subscribe,0.23820587,2382,23.82%,2778,0.2953565085003806,0,Not Recommended,0.20 to 0.39,20% to 39%,41,housemaid,married,basic.4y,telephone,aug,1,0,nonexistent,0,0,0,0,0,0,0
test_000347,test,0,Did Not Subscribe,0.23819293,2382,23.82%,2779,0.2951027657954833,0,Not Recommended,0.20 to 0.39,20% to 39%,38,technician,single,university.degree,telephone,jun,2,0,nonexistent,0,0,0,0,0,0,0
test_001383,test,0,Did Not Subscribe,0.23812471,2381,23.81%,2780,0.2948490230905861,0,Not Recommended,0.20 to 0.39,20% to 39%,47,services,married,basic.4y,cellular,aug,1,0,nonexistent,0,0,0,0,0,0,0
test_003086,test,0,Did Not Subscribe,0.23789173,2379,23.79%,2781,0.2945952803856889,0,Not Recommended,0.20 to 0.39,20% to 39%,52,entrepreneur,married,university.degree,telephone,may,1,0,nonexistent,0,0,0,0,0,0,0
test_001100,test,0,Did Not Subscribe,0.23768453,2377,23.77%,2782,0.2943415376807916,0,Not Recommended,0.20 to 0.39,20% to 39%,33,technician,married,basic.9y,telephone,jun,1,0,nonexistent,0,0,0,0,0,0,0
test_000803,test,0,Did Not Subscribe,0.23763697,2376,23.76%,2783,0.2940877949758944,0,Not Recommended,0.20 to 0.39,20% to 39%,43,blue-collar,married,unknown,cellular,may,7,0,nonexistent,0,0,0,0,0,0,0
test_003593,test,0,Did Not Subscribe,0.23756346,2376,23.76%,2784,0.2938340522709972,0,Not Recommended,0.20 to 0.39,20% to 39%,42,admin.,married,university.degree,telephone,jul,12,0,nonexistent,0,0,0,0,0,0,0
test_002968,test,0,Did Not Subscribe,0.23748033,2375,23.75%,2785,0.2935803095660999,0,Not Recommended,0.20 to 0.39,20% to 39%,44,blue-collar,married,unknown,cellular,aug,2,0,nonexistent,0,0,0,0,0,0,0
test_002014,test,0,Did Not Subscribe,0.23745866,2375,23.75%,2786,0.2933265668612027,0,Not Recommended,0.20 to 0.39,20% to 39%,37,blue-collar,married,basic.4y,cellular,jul,1,0,nonexistent,0,0,0,0,0,0,0
test_000177,test,0,Did Not Subscribe,0.23732427,2373,23.73%,2787,0.2930728241563055,0,Not Recommended,0.20 to 0.39,20% to 39%,30,management,divorced,basic.4y,cellular,jul,8,0,nonexistent,0,0,0,0,0,0,0
test_001258,test,0,Did Not Subscribe,0.23727384,2373,23.73%,2788,0.2928190814514082,0,Not Recommended,0.20 to 0.39,20% to 39%,47,technician,single,university.degree,telephone,jun,2,0,nonexistent,0,0,0,0,0,0,0
test_002262,test,0,Did Not Subscribe,0.23719731,2372,23.72%,2789,0.292565338746511,0,Not Recommended,0.20 to 0.39,20% to 39%,29,admin.,married,high.school,telephone,jun,4,0,nonexistent,0,0,0,0,0,0,0
test_000926,test,0,Did Not Subscribe,0.23703982,2370,23.70%,2790,0.2923115960416138,0,Not Recommended,0.20 to 0.39,20% to 39%,35,blue-collar,married,basic.9y,telephone,jun,12,0,nonexistent,0,0,0,0,0,0,0
test_000861,test,0,Did Not Subscribe,0.23678155,2368,23.68%,2791,0.2920578533367165,0,Not Recommended,0.20 to 0.39,20% to 39%,31,housemaid,married,high.school,cellular,jul,8,0,nonexistent,0,0,0,0,0,0,0
test_003537,test,0,Did Not Subscribe,0.23660941,2366,23.66%,2792,0.2918041106318193,0,Not Recommended,0.20 to 0.39,20% to 39%,58,blue-collar,married,basic.6y,telephone,jun,1,0,nonexistent,0,0,0,0,0,0,0
test_001543,test,0,Did Not Subscribe,0.2366078,2366,23.66%,2793,0.2915503679269221,0,Not Recommended,0.20 to 0.39,20% to 39%,36,management,married,unknown,cellular,jul,1,0,nonexistent,0,0,0,0,0,0,0
test_003709,test,0,Did Not Subscribe,0.23656003,2366,23.66%,2794,0.2912966252220248,0,Not Recommended,0.20 to 0.39,20% to 39%,33,admin.,married,high.school,telephone,may,3,0,nonexistent,0,0,0,0,0,0,0
test_001181,test,0,Did Not Subscribe,0.23654886,2365,23.65%,2795,0.2910428825171276,0,Not Recommended,0.20 to 0.39,20% to 39%,46,entrepreneur,married,professional.course,telephone,jun,1,0,nonexistent,0,0,0,0,0,0,0
test_001972,test,0,Did Not Subscribe,0.23654279,2365,23.65%,2796,0.2907891398122304,0,Not Recommended,0.20 to 0.39,20% to 39%,34,services,married,high.school,telephone,jun,1,0,nonexistent,0,0,0,0,0,0,0
test_003351,test,0,Did Not Subscribe,0.23646066,2365,23.65%,2797,0.2905353971073331,0,Not Recommended,0.20 to 0.39,20% to 39%,43,self-employed,married,basic.9y,telephone,may,2,0,nonexistent,0,0,0,0,0,0,0
test_000544,test,0,Did Not Subscribe,0.23642556,2364,23.64%,2798,0.2902816544024359,0,Not Recommended,0.20 to 0.39,20% to 39%,45,blue-collar,married,basic.9y,telephone,may,1,0,nonexistent,0,0,0,0,0,0,0
test_003199,test,0,Did Not Subscribe,0.23639295,2364,23.64%,2799,0.2900279116975387,0,Not Recommended,0.20 to 0.39,20% to 39%,45,technician,divorced,professional.course,cellular,aug,1,0,nonexistent,0,0,0,0,0,0,0
test_000631,test,0,Did Not Subscribe,0.23630244,2363,23.63%,2800,0.2897741689926414,0,Not Recommended,0.20 to 0.39,20% to 39%,39,services,divorced,high.school,telephone,jun,1,0,nonexistent,0,0,0,0,0,0,0
test_003713,test,0,Did Not Subscribe,0.23628958,2363,23.63%,2801,0.2895204262877442,0,Not Recommended,0.20 to 0.39,20% to 39%,29,admin.,single,university.degree,telephone,may,4,0,nonexistent,0,0,0,0,0,0,0
test_003651,test,0,Did Not Subscribe,0.23626626,2363,23.63%,2802,0.289266683582847,0,Not Recommended,0.20 to 0.39,20% to 39%,53,unknown,married,unknown,cellular,aug,9,0,nonexistent,0,0,0,0,0,0,0
test_000481,test,0,Did Not Subscribe,0.23614986,2361,23.61%,2803,0.2890129408779497,0,Not Recommended,0.20 to 0.39,20% to 39%,47,admin.,married,basic.6y,telephone,may,6,0,nonexistent,0,0,0,0,0,0,0
test_001121,test,0,Did Not Subscribe,0.23614864,2361,23.61%,2804,0.2887591981730525,0,Not Recommended,0.20 to 0.39,20% to 39%,33,self-employed,married,university.degree,telephone,jun,1,0,nonexistent,0,0,0,0,0,0,0
test_002955,test,0,Did Not Subscribe,0.23610796,2361,23.61%,2805,0.2885054554681553,0,Not Recommended,0.20 to 0.39,20% to 39%,31,services,married,high.school,cellular,nov,1,1,failure,0,0,0,0,0,0,0
test_002277,test,0,Did Not Subscribe,0.23606454,2361,23.61%,2806,0.288251712763258,0,Not Recommended,0.20 to 0.39,20% to 39%,45,blue-collar,married,basic.6y,telephone,may,3,0,nonexistent,0,0,0,0,0,0,0
test_003815,test,0,Did Not Subscribe,0.23602468,2360,23.60%,2807,0.2879979700583608,0,Not Recommended,0.20 to 0.39,20% to 39%,31,student,single,unknown,telephone,jun,8,0,nonexistent,0,0,0,0,0,0,0
test_003046,test,0,Did Not Subscribe,0.23600075,2360,23.60%,2808,0.2877442273534636,0,Not Recommended,0.20 to 0.39,20% to 39%,57,self-employed,married,university.degree,telephone,jun,3,0,nonexistent,0,0,0,0,0,0,0
test_003716,test,0,Did Not Subscribe,0.23582706,2358,23.58%,2809,0.2874904846485663,0,Not Recommended,0.20 to 0.39,20% to 39%,48,admin.,married,university.degree,cellular,nov,1,1,failure,0,0,0,0,0,0,0
test_000191,test,0,Did Not Subscribe,0.23577933,2358,23.58%,2810,0.2872367419436691,0,Not Recommended,0.20 to 0.39,20% to 39%,29,services,single,high.school,telephone,may,1,0,nonexistent,0,0,0,0,0,0,0
test_001188,test,0,Did Not Subscribe,0.23577355,2358,23.58%,2811,0.2869829992387719,0,Not Recommended,0.20 to 0.39,20% to 39%,26,admin.,married,high.school,telephone,may,3,0,nonexistent,0,0,0,0,0,0,0
test_001587,test,0,Did Not Subscribe,0.23573801,2357,23.57%,2812,0.2867292565338746,0,Not Recommended,0.20 to 0.39,20% to 39%,37,admin.,married,high.school,telephone,jun,1,0,nonexistent,0,0,0,0,0,0,0
test_003712,test,1,Subscribed,0.23571403,2357,23.57%,2813,0.2864755138289774,0,Not Recommended,0.20 to 0.39,20% to 39%,55,retired,divorced,basic.4y,cellular,may,4,1,failure,0,0,0,0,0,0,0
test_002393,test,0,Did Not Subscribe,0.2357092,2357,23.57%,2814,0.2862217711240802,0,Not Recommended,0.20 to 0.39,20% to 39%,58,self-employed,married,university.degree,telephone,jun,4,0,nonexistent,0,0,0,0,0,0,0
test_002842,test,0,Did Not Subscribe,0.2356629,2357,23.57%,2815,0.2859680284191829,0,Not Recommended,0.20 to 0.39,20% to 39%,47,technician,single,professional.course,cellular,jul,1,0,nonexistent,0,0,0,0,0,0,0
test_001909,test,0,Did Not Subscribe,0.23560621,2356,23.56%,2816,0.2857142857142857,0,Not Recommended,0.20 to 0.39,20% to 39%,35,admin.,married,university.degree,telephone,jun,1,0,nonexistent,0,0,0,0,0,0,0
test_002773,test,0,Did Not Subscribe,0.23555318,2356,23.56%,2817,0.2854605430093885,0,Not Recommended,0.20 to 0.39,20% to 39%,36,self-employed,married,professional.course,telephone,jun,3,0,nonexistent,0,0,0,0,0,0,0
test_001169,test,0,Did Not Subscribe,0.2354264,2354,23.54%,2818,0.2852068003044912,0,Not Recommended,0.20 to 0.39,20% to 39%,41,services,married,high.school,telephone,jun,1,0,nonexistent,0,0,0,0,0,0,0
test_000054,test,0,Did Not Subscribe,0.23530145,2353,23.53%,2819,0.284953057599594,0,Not Recommended,0.20 to 0.39,20% to 39%,53,services,married,basic.9y,telephone,jun,4,0,nonexistent,0,0,0,0,0,0,0
test_003586,test,0,Did Not Subscribe,0.23528509,2353,23.53%,2820,0.2846993148946968,0,Not Recommended,0.20 to 0.39,20% to 39%,33,technician,divorced,high.school,cellular,aug,1,0,nonexistent,0,0,0,0,0,0,0
test_001863,test,0,Did Not Subscribe,0.23524165,2352,23.52%,2821,0.2844455721897995,0,Not Recommended,0.20 to 0.39,20% to 39%,28,services,single,basic.9y,telephone,may,1,0,nonexistent,0,0,0,0,0,0,0
test_000291,test,0,Did Not Subscribe,0.23518279,2352,23.52%,2822,0.2841918294849023,0,Not Recommended,0.20 to 0.39,20% to 39%,31,admin.,married,high.school,telephone,may,1,0,nonexistent,0,0,0,0,0,0,0
test_002273,test,0,Did Not Subscribe,0.23511031,2351,23.51%,2823,0.2839380867800051,0,Not Recommended,0.20 to 0.39,20% to 39%,30,technician,single,professional.course,cellular,nov,2,1,failure,0,0,0,0,0,0,0
test_001854,test,0,Did Not Subscribe,0.23510689,2351,23.51%,2824,0.2836843440751078,0,Not Recommended,0.20 to 0.39,20% to 39%,53,management,single,professional.course,cellular,jul,5,0,nonexistent,0,0,0,0,0,0,0
test_000607,test,0,Did Not Subscribe,0.2349647,2350,23.50%,2825,0.2834306013702106,0,Not Recommended,0.20 to 0.39,20% to 39%,53,blue-collar,married,basic.4y,cellular,nov,2,0,nonexistent,0,0,0,0,0,0,0
test_003323,test,0,Did Not Subscribe,0.23493159,2349,23.49%,2826,0.2831768586653134,0,Not Recommended,0.20 to 0.39,20% to 39%,43,admin.,divorced,high.school,telephone,jun,1,0,nonexistent,0,0,0,0,0,0,0
test_000441,test,0,Did Not Subscribe,0.23476952,2348,23.48%,2827,0.2829231159604161,0,Not Recommended,0.20 to 0.39,20% to 39%,44,technician,married,professional.course,cellular,aug,1,0,nonexistent,0,0,0,0,0,0,0
test_001295,test,0,Did Not Subscribe,0.23467185,2347,23.47%,2828,0.2826693732555189,0,Not Recommended,0.20 to 0.39,20% to 39%,46,blue-collar,married,basic.4y,cellular,jul,1,0,nonexistent,0,0,0,0,0,0,0
test_002452,test,0,Did Not Subscribe,0.23453756,2345,23.45%,2829,0.2824156305506217,0,Not Recommended,0.20 to 0.39,20% to 39%,39,management,divorced,basic.9y,cellular,jul,1,0,nonexistent,0,0,0,0,0,0,0
test_002415,test,0,Did Not Subscribe,0.23430358,2343,23.43%,2830,0.2821618878457245,0,Not Recommended,0.20 to 0.39,20% to 39%,35,housemaid,married,high.school,telephone,jun,1,0,nonexistent,0,0,0,0,0,0,0
test_000724,test,0,Did Not Subscribe,0.23423298,2342,23.42%,2831,0.2819081451408272,0,Not Recommended,0.20 to 0.39,20% to 39%,33,technician,married,basic.9y,telephone,may,1,0,nonexistent,0,0,0,0,0,0,0
test_002529,test,0,Did Not Subscribe,0.23422879,2342,23.42%,2832,0.28165440243593,0,Not Recommended,0.20 to 0.39,20% to 39%,47,admin.,married,high.school,cellular,nov,3,0,nonexistent,0,0,0,0,0,0,0
test_003301,test,0,Did Not Subscribe,0.23409638,2341,23.41%,2833,0.2814006597310328,0,Not Recommended,0.20 to 0.39,20% to 39%,25,blue-collar,single,basic.9y,telephone,may,1,0,nonexistent,0,0,0,0,0,0,0
test_003679,test,0,Did Not Subscribe,0.23392022,2339,23.39%,2834,0.2811469170261355,0,Not Recommended,0.20 to 0.39,20% to 39%,40,management,married,high.school,cellular,nov,4,0,nonexistent,0,0,0,0,0,0,0
test_000494,test,0,Did Not Subscribe,0.23388293,2339,23.39%,2835,0.2808931743212383,0,Not Recommended,0.20 to 0.39,20% to 39%,37,admin.,married,university.degree,cellular,may,2,1,failure,0,0,0,0,0,0,0
test_003154,test,0,Did Not Subscribe,0.23383433,2338,23.38%,2836,0.2806394316163411,0,Not Recommended,0.20 to 0.39,20% to 39%,31,services,married,high.school,telephone,jun,2,0,nonexistent,0,0,0,0,0,0,0
test_002114,test,0,Did Not Subscribe,0.2337356,2337,23.37%,2837,0.2803856889114438,0,Not Recommended,0.20 to 0.39,20% to 39%,40,management,married,basic.9y,telephone,jun,1,0,nonexistent,0,0,0,0,0,0,0
test_002931,test,0,Did Not Subscribe,0.2336326,2336,23.36%,2838,0.2801319462065466,0,Not Recommended,0.20 to 0.39,20% to 39%,39,self-employed,married,university.degree,telephone,jun,5,0,nonexistent,0,0,0,0,0,0,0
test_003757,test,0,Did Not Subscribe,0.23363045,2336,23.36%,2839,0.2798782035016494,0,Not Recommended,0.20 to 0.39,20% to 39%,37,entrepreneur,married,basic.9y,cellular,may,2,1,failure,0,0,0,0,0,0,0
test_000126,test,0,Did Not Subscribe,0.23361057,2336,23.36%,2840,0.2796244607967521,0,Not Recommended,0.20 to 0.39,20% to 39%,57,retired,married,unknown,telephone,may,4,0,nonexistent,0,0,0,0,0,0,0
test_001004,test,0,Did Not Subscribe,0.2336049,2336,23.36%,2841,0.2793707180918549,0,Not Recommended,0.20 to 0.39,20% to 39%,54,technician,married,professional.course,cellular,aug,1,0,nonexistent,0,0,0,0,0,0,0
test_002311,test,0,Did Not Subscribe,0.23357272,2336,23.36%,2842,0.2791169753869577,0,Not Recommended,0.20 to 0.39,20% to 39%,35,admin.,married,high.school,telephone,jun,2,0,nonexistent,0,0,0,0,0,0,0
test_000679,test,0,Did Not Subscribe,0.23345824,2335,23.35%,2843,0.2788632326820603,0,Not Recommended,0.20 to 0.39,20% to 39%,32,technician,single,university.degree,telephone,jun,2,0,nonexistent,0,0,0,0,0,0,0
test_002958,test,0,Did Not Subscribe,0.23340091,2334,23.34%,2844,0.2786094899771631,0,Not Recommended,0.20 to 0.39,20% to 39%,49,blue-collar,married,basic.9y,telephone,may,1,0,nonexistent,0,0,0,0,0,0,0
test_000339,test,0,Did Not Subscribe,0.23335183,2334,23.34%,2845,0.278355747272266,0,Not Recommended,0.20 to 0.39,20% to 39%,40,management,married,university.degree,telephone,jun,2,0,nonexistent,0,0,0,0,0,0,0
test_002705,test,0,Did Not Subscribe,0.23335022,2334,23.34%,2846,0.2781020045673686,0,Not Recommended,0.20 to 0.39,20% to 39%,51,technician,married,high.school,telephone,jun,6,0,nonexistent,0,0,0,0,0,0,0
test_002162,test,0,Did Not Subscribe,0.23332545,2333,23.33%,2847,0.2778482618624714,0,Not Recommended,0.20 to 0.39,20% to 39%,32,blue-collar,married,basic.6y,telephone,may,1,0,nonexistent,0,0,0,0,0,0,0
test_002542,test,0,Did Not Subscribe,0.23327994,2333,23.33%,2848,0.2775945191575742,0,Not Recommended,0.20 to 0.39,20% to 39%,52,unemployed,divorced,high.school,cellular,aug,1,0,nonexistent,0,0,0,0,0,0,0
test_002479,test,0,Did Not Subscribe,0.23319039,2332,23.32%,2849,0.2773407764526769,0,Not Recommended,0.20 to 0.39,20% to 39%,47,admin.,married,university.degree,telephone,jun,4,0,nonexistent,0,0,0,0,0,0,0
test_002877,test,0,Did Not Subscribe,0.2331769,2332,23.32%,2850,0.2770870337477797,0,Not Recommended,0.20 to 0.39,20% to 39%,33,admin.,married,high.school,telephone,jun,2,0,nonexistent,0,0,0,0,0,0,0
test_001560,test,0,Did Not Subscribe,0.23305894,2331,23.31%,2851,0.2768332910428825,0,Not Recommended,0.20 to 0.39,20% to 39%,41,admin.,divorced,professional.course,cellular,may,10,0,nonexistent,0,0,0,0,0,0,0
test_002996,test,0,Did Not Subscribe,0.2329189,2329,23.29%,2852,0.2765795483379852,0,Not Recommended,0.20 to 0.39,20% to 39%,56,unknown,married,basic.4y,cellular,aug,1,0,nonexistent,0,0,0,0,0,0,0
test_003819,test,0,Did Not Subscribe,0.23288588,2329,23.29%,2853,0.276325805633088,0,Not Recommended,0.20 to 0.39,20% to 39%,35,retired,married,professional.course,telephone,may,2,0,nonexistent,0,0,0,0,0,0,0
test_001086,test,0,Did Not Subscribe,0.23265338,2327,23.27%,2854,0.2760720629281908,0,Not Recommended,0.20 to 0.39,20% to 39%,42,services,single,unknown,telephone,jul,7,0,nonexistent,0,0,0,0,0,0,0
test_000343,test,0,Did Not Subscribe,0.23261465,2326,23.26%,2855,0.2758183202232935,0,Not Recommended,0.20 to 0.39,20% to 39%,39,services,married,high.school,telephone,jul,1,0,nonexistent,0,0,0,0,0,0,0
test_001467,test,0,Did Not Subscribe,0.23259883,2326,23.26%,2856,0.2755645775183963,0,Not Recommended,0.20 to 0.39,20% to 39%,43,management,married,high.school,telephone,jun,1,0,nonexistent,0,0,0,0,0,0,0
test_001281,test,0,Did Not Subscribe,0.23259476,2326,23.26%,2857,0.2753108348134991,0,Not Recommended,0.20 to 0.39,20% to 39%,32,blue-collar,single,basic.9y,telephone,may,1,1,failure,0,0,0,0,0,0,0
test_003574,test,0,Did Not Subscribe,0.23249662,2325,23.25%,2858,0.2750570921086018,0,Not Recommended,0.20 to 0.39,20% to 39%,45,technician,married,university.degree,telephone,jun,1,0,nonexistent,0,0,0,0,0,0,0
test_002469,test,0,Did Not Subscribe,0.23242982,2324,23.24%,2859,0.2748033494037046,0,Not Recommended,0.20 to 0.39,20% to 39%,57,retired,single,high.school,telephone,may,4,0,nonexistent,0,0,0,0,0,0,0
test_002691,test,0,Did Not Subscribe,0.23242426,2324,23.24%,2860,0.2745496066988074,0,Not Recommended,0.20 to 0.39,20% to 39%,28,blue-collar,married,basic.9y,telephone,may,1,0,nonexistent,0,0,0,0,0,0,0
test_003229,test,0,Did Not Subscribe,0.23229007,2323,23.23%,2861,0.2742958639939101,0,Not Recommended,0.20 to 0.39,20% to 39%,31,technician,single,professional.course,cellular,aug,10,0,nonexistent,0,0,0,0,0,0,0
test_003685,test,1,Subscribed,0.2322854,2323,23.23%,2862,0.2740421212890129,0,Not Recommended,0.20 to 0.39,20% to 39%,43,technician,married,university.degree,cellular,may,1,1,failure,0,0,0,0,0,0,0
test_003670,test,0,Did Not Subscribe,0.23215641,2322,23.22%,2863,0.2737883785841157,0,Not Recommended,0.20 to 0.39,20% to 39%,41,services,married,basic.9y,telephone,jun,2,0,nonexistent,0,0,0,0,0,0,0
test_000258,test,0,Did Not Subscribe,0.23206249,2321,23.21%,2864,0.2735346358792184,0,Not Recommended,0.20 to 0.39,20% to 39%,51,blue-collar,married,basic.9y,telephone,may,2,0,nonexistent,0,0,0,0,0,0,0
test_003603,test,0,Did Not Subscribe,0.23200922,2320,23.20%,2865,0.2732808931743212,0,Not Recommended,0.20 to 0.39,20% to 39%,44,self-employed,divorced,professional.course,cellular,may,2,2,failure,0,0,0,0,0,0,0
test_001324,test,1,Subscribed,0.23186068,2319,23.19%,2866,0.273027150469424,0,Not Recommended,0.20 to 0.39,20% to 39%,50,technician,married,professional.course,telephone,may,2,0,nonexistent,0,0,0,0,0,0,0
test_001084,test,0,Did Not Subscribe,0.2315055,2315,23.15%,2867,0.2727734077645267,0,Not Recommended,0.20 to 0.39,20% to 39%,51,technician,divorced,professional.course,telephone,jun,3,0,nonexistent,0,0,0,0,0,0,0
test_000439,test,0,Did Not Subscribe,0.23142329,2314,23.14%,2868,0.2725196650596295,0,Not Recommended,0.20 to 0.39,20% to 39%,35,technician,married,basic.6y,telephone,may,2,0,nonexistent,0,0,0,0,0,0,0
test_003548,test,1,Subscribed,0.23141044,2314,23.14%,2869,0.2722659223547323,0,Not Recommended,0.20 to 0.39,20% to 39%,41,management,married,basic.6y,telephone,may,1,0,nonexistent,0,0,0,0,0,0,0
test_001362,test,0,Did Not Subscribe,0.23137477,2314,23.14%,2870,0.272012179649835,0,Not Recommended,0.20 to 0.39,20% to 39%,34,technician,single,professional.course,telephone,jul,1,0,nonexistent,0,0,0,0,0,0,0
test_001303,test,0,Did Not Subscribe,0.23120458,2312,23.12%,2871,0.2717584369449378,0,Not Recommended,0.20 to 0.39,20% to 39%,45,blue-collar,married,basic.4y,telephone,jun,1,0,nonexistent,0,0,0,0,0,0,0
test_001712,test,0,Did Not Subscribe,0.23110949,2311,23.11%,2872,0.2715046942400406,0,Not Recommended,0.20 to 0.39,20% to 39%,32,blue-collar,single,basic.4y,cellular,may,2,1,failure,0,0,0,0,0,0,0
test_001421,test,1,Subscribed,0.23107772,2311,23.11%,2873,0.2712509515351433,0,Not Recommended,0.20 to 0.39,20% to 39%,35,student,single,university.degree,telephone,jun,1,0,nonexistent,0,0,0,0,0,0,0
test_002218,test,0,Did Not Subscribe,0.23080409,2308,23.08%,2874,0.2709972088302461,0,Not Recommended,0.20 to 0.39,20% to 39%,40,services,divorced,high.school,telephone,may,1,0,nonexistent,0,0,0,0,0,0,0
test_002395,test,0,Did Not Subscribe,0.23076716,2308,23.08%,2875,0.2707434661253489,0,Not Recommended,0.20 to 0.39,20% to 39%,29,self-employed,married,basic.6y,telephone,jun,11,0,nonexistent,0,0,0,0,0,0,0
test_003019,test,0,Did Not Subscribe,0.23074168,2307,23.07%,2876,0.2704897234204516,0,Not Recommended,0.20 to 0.39,20% to 39%,36,technician,single,unknown,telephone,jun,6,0,nonexistent,0,0,0,0,0,0,0
test_001706,test,0,Did Not Subscribe,0.23073365,2307,23.07%,2877,0.2702359807155544,0,Not Recommended,0.20 to 0.39,20% to 39%,42,admin.,divorced,university.degree,telephone,jun,1,0,nonexistent,0,0,0,0,0,0,0
test_000112,test,0,Did Not Subscribe,0.23061293,2306,23.06%,2878,0.2699822380106572,0,Not Recommended,0.20 to 0.39,20% to 39%,57,management,divorced,university.degree,telephone,may,1,0,nonexistent,0,0,0,0,0,0,0
test_000302,test,0,Did Not Subscribe,0.23061064,2306,23.06%,2879,0.2697284953057599,0,Not Recommended,0.20 to 0.39,20% to 39%,50,services,single,high.school,cellular,nov,2,0,nonexistent,0,0,0,0,0,0,0
test_003545,test,0,Did Not Subscribe,0.23057213,2306,23.06%,2880,0.2694747526008627,0,Not Recommended,0.20 to 0.39,20% to 39%,49,admin.,married,university.degree,cellular,aug,2,0,nonexistent,0,0,0,0,0,0,0
test_003342,test,0,Did Not Subscribe,0.23050672,2305,23.05%,2881,0.2692210098959655,0,Not Recommended,0.20 to 0.39,20% to 39%,36,self-employed,single,university.degree,cellular,nov,1,0,nonexistent,0,0,0,0,0,0,0
test_002461,test,0,Did Not Subscribe,0.23048691,2305,23.05%,2882,0.2689672671910682,0,Not Recommended,0.20 to 0.39,20% to 39%,54,admin.,married,basic.9y,cellular,nov,1,0,nonexistent,0,0,0,0,0,0,0
test_002850,test,0,Did Not Subscribe,0.23038234,2304,23.04%,2883,0.268713524486171,0,Not Recommended,0.20 to 0.39,20% to 39%,41,housemaid,married,university.degree,telephone,may,3,0,nonexistent,0,0,0,0,0,0,0
test_003612,test,0,Did Not Subscribe,0.23030682,2303,23.03%,2884,0.2684597817812738,0,Not Recommended,0.20 to 0.39,20% to 39%,33,admin.,married,high.school,telephone,may,1,0,nonexistent,0,0,0,0,0,0,0
test_002301,test,0,Did Not Subscribe,0.23028272,2303,23.03%,2885,0.2682060390763765,0,Not Recommended,0.20 to 0.39,20% to 39%,22,technician,single,basic.9y,telephone,jul,1,0,nonexistent,0,0,0,0,0,0,0
test_000250,test,0,Did Not Subscribe,0.23003219,2300,23.00%,2886,0.2679522963714793,0,Not Recommended,0.20 to 0.39,20% to 39%,50,technician,single,basic.4y,cellular,jul,5,0,nonexistent,0,0,0,0,0,0,0
test_002170,test,0,Did Not Subscribe,0.22999153,2300,23.00%,2887,0.2676985536665821,0,Not Recommended,0.20 to 0.39,20% to 39%,57,housemaid,married,professional.course,telephone,jun,3,0,nonexistent,0,0,0,0,0,0,0
test_001719,test,0,Did Not Subscribe,0.22991876,2299,22.99%,2888,0.2674448109616848,0,Not Recommended,0.20 to 0.39,20% to 39%,48,technician,divorced,professional.course,cellular,nov,1,1,failure,0,0,0,0,0,0,0
test_002307,test,0,Did Not Subscribe,0.2298281,2298,22.98%,2889,0.2671910682567876,0,Not Recommended,0.20 to 0.39,20% to 39%,36,services,married,high.school,telephone,jun,1,0,nonexistent,0,0,0,0,0,0,0
test_002172,test,0,Did Not Subscribe,0.22982438,2298,22.98%,2890,0.2669373255518904,0,Not Recommended,0.20 to 0.39,20% to 39%,46,technician,married,university.degree,cellular,aug,1,0,nonexistent,0,0,0,0,0,0,0
test_003932,test,0,Did Not Subscribe,0.22980599,2298,22.98%,2891,0.2666835828469931,0,Not Recommended,0.20 to 0.39,20% to 39%,34,admin.,single,high.school,telephone,jun,3,0,nonexistent,0,0,0,0,0,0,0
test_003259,test,0,Did Not Subscribe,0.22973534,2297,22.97%,2892,0.2664298401420959,0,Not Recommended,0.20 to 0.39,20% to 39%,48,blue-collar,married,professional.course,cellular,jul,5,0,nonexistent,0,0,0,0,0,0,0
test_003755,test,0,Did Not Subscribe,0.22969954,2297,22.97%,2893,0.2661760974371987,0,Not Recommended,0.20 to 0.39,20% to 39%,48,blue-collar,married,basic.6y,telephone,jun,1,0,nonexistent,0,0,0,0,0,0,0
test_003896,test,0,Did Not Subscribe,0.22969846,2297,22.97%,2894,0.2659223547323014,0,Not Recommended,0.20 to 0.39,20% to 39%,54,admin.,married,university.degree,cellular,nov,1,0,nonexistent,0,0,0,0,0,0,0
test_003677,test,0,Did Not Subscribe,0.22965318,2297,22.97%,2895,0.2656686120274042,0,Not Recommended,0.20 to 0.39,20% to 39%,30,services,divorced,high.school,telephone,jun,2,0,nonexistent,0,0,0,0,0,0,0
test_000358,test,0,Did Not Subscribe,0.22938517,2294,22.94%,2896,0.265414869322507,0,Not Recommended,0.20 to 0.39,20% to 39%,36,housemaid,divorced,basic.4y,cellular,nov,1,0,nonexistent,0,0,0,0,0,0,0
test_002574,test,0,Did Not Subscribe,0.22937517,2294,22.94%,2897,0.2651611266176097,0,Not Recommended,0.20 to 0.39,20% to 39%,31,admin.,single,university.degree,telephone,jun,1,0,nonexistent,0,0,0,0,0,0,0
test_003132,test,0,Did Not Subscribe,0.2293698,2294,22.94%,2898,0.2649073839127125,0,Not Recommended,0.20 to 0.39,20% to 39%,42,admin.,married,university.degree,telephone,may,1,0,nonexistent,0,0,0,0,0,0,0
test_001585,test,0,Did Not Subscribe,0.2291742,2292,22.92%,2899,0.2646536412078153,0,Not Recommended,0.20 to 0.39,20% to 39%,35,admin.,single,high.school,telephone,may,1,0,nonexistent,0,0,0,0,0,0,0
test_001366,test,0,Did Not Subscribe,0.22903654,2290,22.90%,2900,0.264399898502918,0,Not Recommended,0.20 to 0.39,20% to 39%,37,admin.,married,high.school,telephone,jun,3,0,nonexistent,0,0,0,0,0,0,0
test_002111,test,0,Did Not Subscribe,0.22901693,2290,22.90%,2901,0.2641461557980208,0,Not Recommended,0.20 to 0.39,20% to 39%,49,admin.,married,unknown,cellular,nov,1,1,failure,0,0,0,0,0,0,0
test_001349,test,0,Did Not Subscribe,0.2288198,2288,22.88%,2902,0.2638924130931236,0,Not Recommended,0.20 to 0.39,20% to 39%,48,blue-collar,married,basic.4y,cellular,nov,2,0,nonexistent,0,0,0,0,0,0,0
test_000909,test,0,Did Not Subscribe,0.22868867,2287,22.87%,2903,0.2636386703882263,0,Not Recommended,0.20 to 0.39,20% to 39%,52,blue-collar,single,basic.9y,cellular,nov,1,0,nonexistent,0,0,0,0,0,0,0
test_003471,test,0,Did Not Subscribe,0.2286456,2286,22.86%,2904,0.2633849276833291,0,Not Recommended,0.20 to 0.39,20% to 39%,41,housemaid,married,high.school,telephone,jun,1,0,nonexistent,0,0,0,0,0,0,0
test_003540,test,0,Did Not Subscribe,0.22861299,2286,22.86%,2905,0.2631311849784319,0,Not Recommended,0.20 to 0.39,20% to 39%,39,entrepreneur,married,basic.9y,telephone,jun,1,0,nonexistent,0,0,0,0,0,0,0
test_001735,test,0,Did Not Subscribe,0.22851679,2285,22.85%,2906,0.2628774422735346,0,Not Recommended,0.20 to 0.39,20% to 39%,33,services,single,basic.6y,telephone,may,2,0,nonexistent,0,0,0,0,0,0,0
test_001766,test,0,Did Not Subscribe,0.22834058,2283,22.83%,2907,0.2626236995686374,0,Not Recommended,0.20 to 0.39,20% to 39%,47,services,married,high.school,cellular,aug,1,0,nonexistent,0,0,0,0,0,0,0
test_001931,test,1,Subscribed,0.22814895,2281,22.81%,2908,0.2623699568637402,0,Not Recommended,0.20 to 0.39,20% to 39%,56,services,married,high.school,telephone,nov,3,0,nonexistent,0,0,0,0,0,0,0
test_001147,test,0,Did Not Subscribe,0.22809617,2281,22.81%,2909,0.2621162141588429,0,Not Recommended,0.20 to 0.39,20% to 39%,32,admin.,married,university.degree,telephone,may,2,0,nonexistent,0,0,0,0,0,0,0
test_002384,test,0,Did Not Subscribe,0.22795473,2280,22.80%,2910,0.2618624714539457,0,Not Recommended,0.20 to 0.39,20% to 39%,47,admin.,married,high.school,cellular,aug,1,0,nonexistent,0,0,0,0,0,0,0
test_001563,test,0,Did Not Subscribe,0.22770882,2277,22.77%,2911,0.2616087287490485,0,Not Recommended,0.20 to 0.39,20% to 39%,41,blue-collar,married,basic.4y,telephone,jun,3,0,nonexistent,0,0,0,0,0,0,0
test_002971,test,0,Did Not Subscribe,0.22759902,2276,22.76%,2912,0.2613549860441512,0,Not Recommended,0.20 to 0.39,20% to 39%,28,services,married,basic.9y,cellular,may,3,1,failure,0,0,0,0,0,0,0
test_000355,test,0,Did Not Subscribe,0.22754845,2275,22.75%,2913,0.261101243339254,0,Not Recommended,0.20 to 0.39,20% to 39%,44,blue-collar,married,basic.9y,telephone,jul,3,0,nonexistent,0,0,0,0,0,0,0
test_000192,test,0,Did Not Subscribe,0.22731902,2273,22.73%,2914,0.2608475006343568,0,Not Recommended,0.20 to 0.39,20% to 39%,36,management,married,university.degree,telephone,may,2,0,nonexistent,0,0,0,0,0,0,0
test_003129,test,0,Did Not Subscribe,0.22731748,2273,22.73%,2915,0.2605937579294595,0,Not Recommended,0.20 to 0.39,20% to 39%,34,admin.,single,high.school,telephone,may,1,0,nonexistent,0,0,0,0,0,0,0
test_001642,test,0,Did Not Subscribe,0.22717325,2272,22.72%,2916,0.2603400152245623,0,Not Recommended,0.20 to 0.39,20% to 39%,52,admin.,married,basic.4y,cellular,nov,1,0,nonexistent,0,0,0,0,0,0,0
test_003723,test,0,Did Not Subscribe,0.22711296,2271,22.71%,2917,0.2600862725196651,0,Not Recommended,0.20 to 0.39,20% to 39%,51,services,married,unknown,cellular,aug,3,0,nonexistent,0,0,0,0,0,0,0
test_001489,test,1,Subscribed,0.22710234,2271,22.71%,2918,0.2598325298147678,0,Not Recommended,0.20 to 0.39,20% to 39%,39,admin.,married,university.degree,telephone,may,1,0,nonexistent,0,0,0,0,0,0,0
test_001312,test,0,Did Not Subscribe,0.22707951,2271,22.71%,2919,0.2595787871098706,0,Not Recommended,0.20 to 0.39,20% to 39%,30,self-employed,single,high.school,telephone,may,1,0,nonexistent,0,0,0,0,0,0,0
test_000021,test,0,Did Not Subscribe,0.22703576,2270,22.70%,2920,0.2593250444049734,0,Not Recommended,0.20 to 0.39,20% to 39%,23,blue-collar,single,basic.9y,telephone,jun,2,0,nonexistent,0,0,0,0,0,0,0
test_002617,test,0,Did Not Subscribe,0.22690566,2269,22.69%,2921,0.2590713017000761,0,Not Recommended,0.20 to 0.39,20% to 39%,43,blue-collar,married,basic.4y,telephone,jun,3,0,nonexistent,0,0,0,0,0,0,0
test_001065,test,0,Did Not Subscribe,0.2268792,2269,22.69%,2922,0.2588175589951789,0,Not Recommended,0.20 to 0.39,20% to 39%,33,admin.,single,university.degree,telephone,jun,2,0,nonexistent,0,0,0,0,0,0,0
test_001824,test,1,Subscribed,0.22672462,2267,22.67%,2923,0.2585638162902817,0,Not Recommended,0.20 to 0.39,20% to 39%,30,self-employed,single,university.degree,telephone,jun,3,0,nonexistent,0,0,0,0,0,0,0
test_002592,test,1,Subscribed,0.22669508,2267,22.67%,2924,0.2583100735853844,0,Not Recommended,0.20 to 0.39,20% to 39%,36,unknown,single,basic.6y,telephone,jun,3,0,nonexistent,0,0,0,0,0,0,0
test_000226,test,0,Did Not Subscribe,0.22666702,2267,22.67%,2925,0.2580563308804872,0,Not Recommended,0.20 to 0.39,20% to 39%,39,technician,married,professional.course,telephone,jun,2,0,nonexistent,0,0,0,0,0,0,0
test_000715,test,0,Did Not Subscribe,0.22661105,2266,22.66%,2926,0.25780258817559,0,Not Recommended,0.20 to 0.39,20% to 39%,49,management,married,university.degree,telephone,jul,4,0,nonexistent,0,0,0,0,0,0,0
test_000524,test,0,Did Not Subscribe,0.22659719,2266,22.66%,2927,0.2575488454706927,0,Not Recommended,0.20 to 0.39,20% to 39%,39,blue-collar,married,basic.9y,telephone,jun,4,0,nonexistent,0,0,0,0,0,0,0
test_001203,test,0,Did Not Subscribe,0.22647269,2265,22.65%,2928,0.2572951027657955,0,Not Recommended,0.20 to 0.39,20% to 39%,44,unknown,single,basic.9y,cellular,jul,2,0,nonexistent,0,0,0,0,0,0,0
test_003742,test,0,Did Not Subscribe,0.22644535,2264,22.64%,2929,0.2570413600608983,0,Not Recommended,0.20 to 0.39,20% to 39%,40,technician,divorced,high.school,cellular,nov,2,1,failure,0,0,0,0,0,0,0
test_003547,test,0,Did Not Subscribe,0.22644447,2264,22.64%,2930,0.256787617356001,0,Not Recommended,0.20 to 0.39,20% to 39%,46,admin.,married,high.school,telephone,may,3,0,nonexistent,0,0,0,0,0,0,0
test_002392,test,0,Did Not Subscribe,0.2263705,2264,22.64%,2931,0.2565338746511038,0,Not Recommended,0.20 to 0.39,20% to 39%,25,blue-collar,married,basic.9y,telephone,may,2,0,nonexistent,0,0,0,0,0,0,0
test_001455,test,0,Did Not Subscribe,0.22636442,2264,22.64%,2932,0.2562801319462066,0,Not Recommended,0.20 to 0.39,20% to 39%,29,technician,married,professional.course,telephone,jun,1,0,nonexistent,0,0,0,0,0,0,0
test_000075,test,0,Did Not Subscribe,0.22633673,2263,22.63%,2933,0.2560263892413092,0,Not Recommended,0.20 to 0.39,20% to 39%,38,management,married,professional.course,cellular,nov,3,0,nonexistent,0,0,0,0,0,0,0
test_003927,test,0,Did Not Subscribe,0.22632916,2263,22.63%,2934,0.2557726465364121,0,Not Recommended,0.20 to 0.39,20% to 39%,35,admin.,married,university.degree,telephone,may,2,0,nonexistent,0,0,0,0,0,0,0
test_002460,test,0,Did Not Subscribe,0.22632873,2263,22.63%,2935,0.2555189038315149,0,Not Recommended,0.20 to 0.39,20% to 39%,54,retired,married,basic.4y,telephone,may,2,0,nonexistent,0,0,0,0,0,0,0
test_001818,test,0,Did Not Subscribe,0.22632189,2263,22.63%,2936,0.2552651611266175,0,Not Recommended,0.20 to 0.39,20% to 39%,30,admin.,single,university.degree,telephone,jul,2,0,nonexistent,0,0,0,0,0,0,0
test_003825,test,0,Did Not Subscribe,0.22626498,2263,22.63%,2937,0.2550114184217203,0,Not Recommended,0.20 to 0.39,20% to 39%,36,admin.,married,high.school,telephone,may,2,0,nonexistent,0,0,0,0,0,0,0
test_003137,test,0,Did Not Subscribe,0.22619036,2262,22.62%,2938,0.2547576757168232,0,Not Recommended,0.20 to 0.39,20% to 39%,40,entrepreneur,married,basic.9y,telephone,may,2,0,nonexistent,0,0,0,0,0,0,0
test_002903,test,0,Did Not Subscribe,0.22615159,2262,22.62%,2939,0.2545039330119258,0,Not Recommended,0.20 to 0.39,20% to 39%,57,blue-collar,married,basic.4y,telephone,jun,5,0,nonexistent,0,0,0,0,0,0,0
test_001189,test,0,Did Not Subscribe,0.2261476,2261,22.61%,2940,0.2542501903070286,0,Not Recommended,0.20 to 0.39,20% to 39%,36,admin.,divorced,university.degree,telephone,jun,3,0,nonexistent,0,0,0,0,0,0,0
test_000444,test,0,Did Not Subscribe,0.22611181,2261,22.61%,2941,0.2539964476021314,0,Not Recommended,0.20 to 0.39,20% to 39%,34,admin.,married,university.degree,telephone,may,1,0,nonexistent,0,0,0,0,0,0,0
test_001027,test,0,Did Not Subscribe,0.22605991,2261,22.61%,2942,0.2537427048972341,0,Not Recommended,0.20 to 0.39,20% to 39%,55,blue-collar,married,basic.4y,telephone,may,2,0,nonexistent,0,0,0,0,0,0,0
test_003915,test,0,Did Not Subscribe,0.22593167,2259,22.59%,2943,0.2534889621923369,0,Not Recommended,0.20 to 0.39,20% to 39%,29,technician,married,professional.course,telephone,may,2,0,nonexistent,0,0,0,0,0,0,0
test_000617,test,0,Did Not Subscribe,0.22584116,2258,22.58%,2944,0.2532352194874397,0,Not Recommended,0.20 to 0.39,20% to 39%,33,admin.,married,professional.course,telephone,may,1,0,nonexistent,0,0,0,0,0,0,0
test_003238,test,0,Did Not Subscribe,0.2257416,2257,22.57%,2945,0.2529814767825424,0,Not Recommended,0.20 to 0.39,20% to 39%,36,admin.,married,university.degree,telephone,may,2,0,nonexistent,0,0,0,0,0,0,0
test_002909,test,0,Did Not Subscribe,0.22571452,2257,22.57%,2946,0.2527277340776452,0,Not Recommended,0.20 to 0.39,20% to 39%,41,blue-collar,divorced,professional.course,telephone,jun,10,0,nonexistent,0,0,0,0,0,0,0
test_003660,test,0,Did Not Subscribe,0.22556841,2256,22.56%,2947,0.252473991372748,0,Not Recommended,0.20 to 0.39,20% to 39%,32,admin.,single,university.degree,cellular,aug,2,0,nonexistent,0,0,0,0,0,0,0
test_000817,test,0,Did Not Subscribe,0.22540472,2254,22.54%,2948,0.2522202486678507,0,Not Recommended,0.20 to 0.39,20% to 39%,28,blue-collar,single,basic.4y,telephone,jul,3,0,nonexistent,0,0,0,0,0,0,0
test_001716,test,0,Did Not Subscribe,0.22520505,2252,22.52%,2949,0.2519665059629535,0,Not Recommended,0.20 to 0.39,20% to 39%,44,admin.,married,high.school,telephone,may,1,0,nonexistent,0,0,0,0,0,0,0
test_002356,test,0,Did Not Subscribe,0.22515713,2252,22.52%,2950,0.2517127632580563,0,Not Recommended,0.20 to 0.39,20% to 39%,41,admin.,divorced,high.school,cellular,may,8,0,nonexistent,0,0,0,0,0,0,0
test_000850,test,1,Subscribed,0.2250137,2250,22.50%,2951,0.251459020553159,0,Not Recommended,0.20 to 0.39,20% to 39%,38,admin.,single,university.degree,telephone,jun,1,0,nonexistent,0,0,0,0,0,0,0
test_001434,test,0,Did Not Subscribe,0.22493923,2249,22.49%,2952,0.2512052778482618,0,Not Recommended,0.20 to 0.39,20% to 39%,56,services,married,high.school,cellular,jul,1,0,nonexistent,0,0,0,0,0,0,0
test_003011,test,0,Did Not Subscribe,0.22489901,2249,22.49%,2953,0.2509515351433646,0,Not Recommended,0.20 to 0.39,20% to 39%,55,housemaid,divorced,university.degree,telephone,jun,1,0,nonexistent,0,0,0,0,0,0,0
test_002662,test,0,Did Not Subscribe,0.22481164,2248,22.48%,2954,0.2506977924384673,0,Not Recommended,0.20 to 0.39,20% to 39%,47,technician,single,unknown,telephone,jun,4,0,nonexistent,0,0,0,0,0,0,0
test_000549,test,0,Did Not Subscribe,0.22480491,2248,22.48%,2955,0.2504440497335701,0,Not Recommended,0.20 to 0.39,20% to 39%,41,blue-collar,single,basic.9y,telephone,jun,2,0,nonexistent,0,0,0,0,0,0,0
test_001462,test,0,Did Not Subscribe,0.22474314,2247,22.47%,2956,0.2501903070286729,0,Not Recommended,0.20 to 0.39,20% to 39%,49,blue-collar,married,basic.4y,cellular,aug,1,0,nonexistent,0,0,0,0,0,0,0
test_002951,test,0,Did Not Subscribe,0.2246753,2247,22.47%,2957,0.2499365643237756,0,Not Recommended,0.20 to 0.39,20% to 39%,33,self-employed,single,university.degree,telephone,jun,5,0,nonexistent,0,0,0,0,0,0,0
test_002123,test,0,Did Not Subscribe,0.2246443,2246,22.46%,2958,0.2496828216188784,0,Not Recommended,0.20 to 0.39,20% to 39%,46,blue-collar,married,basic.4y,telephone,jun,2,0,nonexistent,0,0,0,0,0,0,0
test_001733,test,0,Did Not Subscribe,0.22431861,2243,22.43%,2959,0.2494290789139812,0,Not Recommended,0.20 to 0.39,20% to 39%,30,blue-collar,married,basic.9y,telephone,may,1,0,nonexistent,0,0,0,0,0,0,0
test_002765,test,0,Did Not Subscribe,0.2242873,2243,22.43%,2960,0.2491753362090839,0,Not Recommended,0.20 to 0.39,20% to 39%,34,entrepreneur,single,professional.course,telephone,may,1,0,nonexistent,0,0,0,0,0,0,0
test_002808,test,0,Did Not Subscribe,0.22428635,2243,22.43%,2961,0.2489215935041867,0,Not Recommended,0.20 to 0.39,20% to 39%,49,technician,divorced,basic.9y,cellular,nov,5,0,nonexistent,0,0,0,0,0,0,0
test_002541,test,0,Did Not Subscribe,0.22428095,2243,22.43%,2962,0.2486678507992895,0,Not Recommended,0.20 to 0.39,20% to 39%,41,admin.,divorced,university.degree,cellular,nov,1,0,nonexistent,0,0,0,0,0,0,0
test_000445,test,1,Subscribed,0.22396478,2240,22.40%,2963,0.2484141080943922,0,Not Recommended,0.20 to 0.39,20% to 39%,29,admin.,single,high.school,cellular,may,7,1,failure,0,0,0,0,0,0,0
test_000874,test,0,Did Not Subscribe,0.22390601,2239,22.39%,2964,0.248160365389495,0,Not Recommended,0.20 to 0.39,20% to 39%,33,management,married,university.degree,telephone,jun,1,0,nonexistent,0,0,0,0,0,0,0
test_002982,test,0,Did Not Subscribe,0.22375774,2238,22.38%,2965,0.2479066226845978,0,Not Recommended,0.20 to 0.39,20% to 39%,38,services,married,high.school,telephone,jul,1,0,nonexistent,0,0,0,0,0,0,0
test_002228,test,0,Did Not Subscribe,0.22370107,2237,22.37%,2966,0.2476528799797005,0,Not Recommended,0.20 to 0.39,20% to 39%,49,admin.,married,high.school,cellular,aug,4,0,nonexistent,0,0,0,0,0,0,0
test_000875,test,0,Did Not Subscribe,0.22368935,2237,22.37%,2967,0.2473991372748033,0,Not Recommended,0.20 to 0.39,20% to 39%,37,technician,married,professional.course,telephone,jun,3,0,nonexistent,0,0,0,0,0,0,0
test_003891,test,0,Did Not Subscribe,0.2236008,2236,22.36%,2968,0.2471453945699061,0,Not Recommended,0.20 to 0.39,20% to 39%,41,blue-collar,married,basic.4y,telephone,jul,1,0,nonexistent,0,0,0,0,0,0,0
test_001893,test,0,Did Not Subscribe,0.22359693,2236,22.36%,2969,0.2468916518650088,0,Not Recommended,0.20 to 0.39,20% to 39%,47,blue-collar,married,basic.9y,telephone,may,2,0,nonexistent,0,0,0,0,0,0,0
test_002948,test,0,Did Not Subscribe,0.22358848,2236,22.36%,2970,0.2466379091601116,0,Not Recommended,0.20 to 0.39,20% to 39%,29,services,single,high.school,cellular,nov,3,1,failure,0,0,0,0,0,0,0
test_000202,test,0,Did Not Subscribe,0.22346443,2235,22.35%,2971,0.2463841664552144,0,Not Recommended,0.20 to 0.39,20% to 39%,24,admin.,single,basic.9y,telephone,may,6,0,nonexistent,0,0,0,0,0,0,0
test_000293,test,0,Did Not Subscribe,0.22323617,2232,22.32%,2972,0.2461304237503171,0,Not Recommended,0.20 to 0.39,20% to 39%,36,admin.,married,university.degree,cellular,aug,1,0,nonexistent,0,0,0,0,0,0,0
test_001273,test,0,Did Not Subscribe,0.2232083,2232,22.32%,2973,0.2458766810454199,0,Not Recommended,0.20 to 0.39,20% to 39%,38,blue-collar,married,basic.9y,telephone,may,2,0,nonexistent,0,0,0,0,0,0,0
test_003525,test,0,Did Not Subscribe,0.22317642,2232,22.32%,2974,0.2456229383405227,0,Not Recommended,0.20 to 0.39,20% to 39%,38,entrepreneur,married,basic.9y,cellular,nov,1,0,nonexistent,0,0,0,0,0,0,0
test_002401,test,0,Did Not Subscribe,0.22306322,2231,22.31%,2975,0.2453691956356254,0,Not Recommended,0.20 to 0.39,20% to 39%,51,management,married,basic.4y,cellular,jul,2,0,nonexistent,0,0,0,0,0,0,0
test_001468,test,0,Did Not Subscribe,0.22301343,2230,22.30%,2976,0.2451154529307282,0,Not Recommended,0.20 to 0.39,20% to 39%,52,technician,married,professional.course,cellular,aug,1,0,nonexistent,0,0,0,0,0,0,0
test_001119,test,0,Did Not Subscribe,0.2228692,2229,22.29%,2977,0.244861710225831,0,Not Recommended,0.20 to 0.39,20% to 39%,46,blue-collar,married,basic.9y,telephone,may,4,0,nonexistent,0,0,0,0,0,0,0
test_002438,test,0,Did Not Subscribe,0.22276467,2228,22.28%,2978,0.2446079675209337,0,Not Recommended,0.20 to 0.39,20% to 39%,40,blue-collar,married,basic.9y,telephone,may,2,0,nonexistent,0,0,0,0,0,0,0
test_002332,test,0,Did Not Subscribe,0.22273614,2227,22.27%,2979,0.2443542248160365,0,Not Recommended,0.20 to 0.39,20% to 39%,29,services,married,unknown,telephone,may,3,0,nonexistent,0,0,0,0,0,0,0
test_001152,test,0,Did Not Subscribe,0.22273414,2227,22.27%,2980,0.2441004821111393,0,Not Recommended,0.20 to 0.39,20% to 39%,50,technician,married,professional.course,cellular,nov,1,0,nonexistent,0,0,0,0,0,0,0
test_003930,test,0,Did Not Subscribe,0.2227104,2227,22.27%,2981,0.243846739406242,0,Not Recommended,0.20 to 0.39,20% to 39%,54,blue-collar,divorced,basic.4y,telephone,jun,1,0,nonexistent,0,0,0,0,0,0,0
test_000181,test,1,Subscribed,0.22268708,2227,22.27%,2982,0.2435929967013448,0,Not Recommended,0.20 to 0.39,20% to 39%,36,admin.,single,university.degree,telephone,may,3,0,nonexistent,0,0,0,0,0,0,0
test_002747,test,1,Subscribed,0.22268538,2227,22.27%,2983,0.2433392539964476,0,Not Recommended,0.20 to 0.39,20% to 39%,28,services,married,high.school,telephone,may,4,0,nonexistent,0,0,0,0,0,0,0
test_001667,test,0,Did Not Subscribe,0.22266774,2227,22.27%,2984,0.2430855112915503,0,Not Recommended,0.20 to 0.39,20% to 39%,34,blue-collar,married,basic.9y,cellular,may,1,1,failure,0,0,0,0,0,0,0
test_000773,test,0,Did Not Subscribe,0.22260047,2226,22.26%,2985,0.2428317685866531,0,Not Recommended,0.20 to 0.39,20% to 39%,57,blue-collar,married,basic.4y,telephone,may,2,0,nonexistent,0,0,0,0,0,0,0
test_001441,test,0,Did Not Subscribe,0.22246191,2225,22.25%,2986,0.2425780258817559,0,Not Recommended,0.20 to 0.39,20% to 39%,48,technician,married,professional.course,telephone,may,1,0,nonexistent,0,0,0,0,0,0,0
test_003179,test,0,Did Not Subscribe,0.22213833,2221,22.21%,2987,0.2423242831768586,0,Not Recommended,0.20 to 0.39,20% to 39%,38,blue-collar,married,high.school,telephone,jul,1,0,nonexistent,0,0,0,0,0,0,0
test_001250,test,0,Did Not Subscribe,0.22203568,2220,22.20%,2988,0.2420705404719614,0,Not Recommended,0.20 to 0.39,20% to 39%,39,services,divorced,basic.9y,telephone,may,1,0,nonexistent,0,0,0,0,0,0,0
test_000086,test,0,Did Not Subscribe,0.22201708,2220,22.20%,2989,0.2418167977670642,0,Not Recommended,0.20 to 0.39,20% to 39%,43,services,divorced,professional.course,telephone,may,4,0,nonexistent,0,0,0,0,0,0,0
test_003475,test,0,Did Not Subscribe,0.22195913,2220,22.20%,2990,0.2415630550621669,0,Not Recommended,0.20 to 0.39,20% to 39%,35,services,single,professional.course,cellular,nov,2,0,nonexistent,0,0,0,0,0,0,0
test_001381,test,0,Did Not Subscribe,0.22183484,2218,22.18%,2991,0.2413093123572697,0,Not Recommended,0.20 to 0.39,20% to 39%,54,retired,divorced,basic.4y,telephone,may,3,0,nonexistent,0,0,0,0,0,0,0
test_001743,test,0,Did Not Subscribe,0.22180966,2218,22.18%,2992,0.2410555696523725,0,Not Recommended,0.20 to 0.39,20% to 39%,35,technician,divorced,professional.course,cellular,aug,3,0,nonexistent,0,0,0,0,0,0,0
test_001384,test,1,Subscribed,0.2217806,2218,22.18%,2993,0.2408018269474752,0,Not Recommended,0.20 to 0.39,20% to 39%,30,admin.,married,university.degree,telephone,may,2,0,nonexistent,0,0,0,0,0,0,0
test_003303,test,0,Did Not Subscribe,0.2217733,2218,22.18%,2994,0.240548084242578,0,Not Recommended,0.20 to 0.39,20% to 39%,32,blue-collar,married,basic.9y,cellular,may,1,1,failure,0,0,0,0,0,0,0
test_001018,test,0,Did Not Subscribe,0.22175673,2218,22.18%,2995,0.2402943415376808,0,Not Recommended,0.20 to 0.39,20% to 39%,43,services,single,high.school,cellular,nov,2,0,nonexistent,0,0,0,0,0,0,0
test_003839,test,0,Did Not Subscribe,0.22164273,2216,22.16%,2996,0.2400405988327835,0,Not Recommended,0.20 to 0.39,20% to 39%,24,blue-collar,married,basic.9y,telephone,may,1,0,nonexistent,0,0,0,0,0,0,0
test_000014,test,1,Subscribed,0.2216192,2216,22.16%,2997,0.2397868561278863,0,Not Recommended,0.20 to 0.39,20% to 39%,55,blue-collar,married,basic.9y,cellular,nov,1,0,nonexistent,0,0,0,0,0,0,0
test_001635,test,0,Did Not Subscribe,0.22161345,2216,22.16%,2998,0.2395331134229891,0,Not Recommended,0.20 to 0.39,20% to 39%,41,admin.,married,university.degree,cellular,nov,1,0,nonexistent,0,0,0,0,0,0,0
test_003844,test,0,Did Not Subscribe,0.22159177,2216,22.16%,2999,0.2392793707180918,0,Not Recommended,0.20 to 0.39,20% to 39%,49,entrepreneur,married,university.degree,telephone,may,1,0,nonexistent,0,0,0,0,0,0,0
test_003534,test,1,Subscribed,0.22143108,2214,22.14%,3000,0.2390256280131946,0,Not Recommended,0.20 to 0.39,20% to 39%,40,blue-collar,married,basic.4y,cellular,nov,1,0,nonexistent,0,0,0,0,0,0,0
test_002256,test,0,Did Not Subscribe,0.22126082,2213,22.13%,3001,0.2387718853082974,0,Not Recommended,0.20 to 0.39,20% to 39%,26,admin.,married,high.school,telephone,may,1,0,nonexistent,0,0,0,0,0,0,0
test_002905,test,0,Did Not Subscribe,0.22124442,2212,22.12%,3002,0.2385181426034002,0,Not Recommended,0.20 to 0.39,20% to 39%,32,technician,single,high.school,telephone,jun,1,0,nonexistent,0,0,0,0,0,0,0
test_002221,test,0,Did Not Subscribe,0.22113366,2211,22.11%,3003,0.2382643998985029,0,Not Recommended,0.20 to 0.39,20% to 39%,42,management,married,basic.6y,telephone,may,4,0,nonexistent,0,0,0,0,0,0,0
test_003524,test,0,Did Not Subscribe,0.2211248,2211,22.11%,3004,0.2380106571936057,0,Not Recommended,0.20 to 0.39,20% to 39%,45,technician,married,university.degree,telephone,may,1,0,nonexistent,0,0,0,0,0,0,0
test_002379,test,0,Did Not Subscribe,0.22111732,2211,22.11%,3005,0.2377569144887085,0,Not Recommended,0.20 to 0.39,20% to 39%,43,technician,single,basic.9y,telephone,jun,2,0,nonexistent,0,0,0,0,0,0,0
test_001535,test,0,Did Not Subscribe,0.22110704,2211,22.11%,3006,0.2375031717838112,0,Not Recommended,0.20 to 0.39,20% to 39%,60,retired,married,university.degree,telephone,may,1,0,nonexistent,0,0,0,0,0,0,0
test_003877,test,0,Did Not Subscribe,0.22100842,2210,22.10%,3007,0.237249429078914,0,Not Recommended,0.20 to 0.39,20% to 39%,34,services,married,high.school,telephone,may,4,0,nonexistent,0,0,0,0,0,0,0
test_003050,test,0,Did Not Subscribe,0.22099507,2210,22.10%,3008,0.2369956863740168,0,Not Recommended,0.20 to 0.39,20% to 39%,34,services,married,high.school,telephone,may,1,0,nonexistent,0,0,0,0,0,0,0
test_003683,test,0,Did Not Subscribe,0.22081235,2208,22.08%,3009,0.2367419436691195,0,Not Recommended,0.20 to 0.39,20% to 39%,38,admin.,married,university.degree,telephone,may,2,0,nonexistent,0,0,0,0,0,0,0
test_002629,test,0,Did Not Subscribe,0.2207389,2207,22.07%,3010,0.2364882009642223,0,Not Recommended,0.20 to 0.39,20% to 39%,47,admin.,married,university.degree,telephone,may,3,0,nonexistent,0,0,0,0,0,0,0
test_001962,test,0,Did Not Subscribe,0.22072673,2207,22.07%,3011,0.2362344582593251,0,Not Recommended,0.20 to 0.39,20% to 39%,44,retired,single,basic.9y,cellular,nov,1,1,failure,0,0,0,0,0,0,0
test_002815,test,0,Did Not Subscribe,0.22066887,2207,22.07%,3012,0.2359807155544278,0,Not Recommended,0.20 to 0.39,20% to 39%,46,blue-collar,married,basic.4y,cellular,aug,8,0,nonexistent,0,0,0,0,0,0,0
test_002408,test,0,Did Not Subscribe,0.22057678,2206,22.06%,3013,0.2357269728495306,0,Not Recommended,0.20 to 0.39,20% to 39%,45,admin.,married,basic.6y,telephone,may,4,0,nonexistent,0,0,0,0,0,0,0
test_003847,test,0,Did Not Subscribe,0.22056946,2206,22.06%,3014,0.2354732301446334,0,Not Recommended,0.20 to 0.39,20% to 39%,52,blue-collar,married,basic.4y,telephone,jun,1,0,nonexistent,0,0,0,0,0,0,0
test_002778,test,0,Did Not Subscribe,0.22047634,2205,22.05%,3015,0.235219487439736,0,Not Recommended,0.20 to 0.39,20% to 39%,48,housemaid,single,high.school,cellular,nov,2,0,nonexistent,0,0,0,0,0,0,0
test_003873,test,0,Did Not Subscribe,0.22043745,2204,22.04%,3016,0.2349657447348389,0,Not Recommended,0.20 to 0.39,20% to 39%,41,admin.,single,high.school,telephone,jun,4,0,nonexistent,0,0,0,0,0,0,0
test_002974,test,0,Did Not Subscribe,0.22041936,2204,22.04%,3017,0.2347120020299417,0,Not Recommended,0.20 to 0.39,20% to 39%,33,services,divorced,high.school,telephone,jun,4,0,nonexistent,0,0,0,0,0,0,0
test_001769,test,0,Did Not Subscribe,0.22032847,2203,22.03%,3018,0.2344582593250443,0,Not Recommended,0.20 to 0.39,20% to 39%,55,blue-collar,married,basic.9y,telephone,may,4,0,nonexistent,0,0,0,0,0,0,0
test_002916,test,0,Did Not Subscribe,0.22031745,2203,22.03%,3019,0.2342045166201471,0,Not Recommended,0.20 to 0.39,20% to 39%,36,services,married,high.school,telephone,jun,2,0,nonexistent,0,0,0,0,0,0,0
test_001580,test,0,Did Not Subscribe,0.22030444,2203,22.03%,3020,0.23395077391525,0,Not Recommended,0.20 to 0.39,20% to 39%,34,technician,married,university.degree,telephone,may,3,0,nonexistent,0,0,0,0,0,0,0
test_003085,test,0,Did Not Subscribe,0.22018282,2202,22.02%,3021,0.2336970312103526,0,Not Recommended,0.20 to 0.39,20% to 39%,37,admin.,married,high.school,telephone,jun,1,0,nonexistent,0,0,0,0,0,0,0
test_002622,test,0,Did Not Subscribe,0.21998401,2200,22.00%,3022,0.2334432885054554,0,Not Recommended,0.20 to 0.39,20% to 39%,32,blue-collar,married,basic.6y,telephone,may,11,0,nonexistent,0,0,0,0,0,0,0
test_002670,test,0,Did Not Subscribe,0.21984947,2198,21.98%,3023,0.2331895458005582,0,Not Recommended,0.20 to 0.39,20% to 39%,49,entrepreneur,married,university.degree,telephone,jun,2,0,nonexistent,0,0,0,0,0,0,0
test_003653,test,0,Did Not Subscribe,0.21983445,2198,21.98%,3024,0.2329358030956609,0,Not Recommended,0.20 to 0.39,20% to 39%,40,blue-collar,single,basic.4y,cellular,apr,2,1,failure,0,0,0,0,0,0,0
test_003221,test,0,Did Not Subscribe,0.21967316,2197,21.97%,3025,0.2326820603907637,0,Not Recommended,0.20 to 0.39,20% to 39%,39,admin.,single,high.school,telephone,may,2,0,nonexistent,0,0,0,0,0,0,0
test_002036,test,0,Did Not Subscribe,0.21955675,2196,21.96%,3026,0.2324283176858665,0,Not Recommended,0.20 to 0.39,20% to 39%,45,admin.,single,university.degree,telephone,may,1,0,nonexistent,0,0,0,0,0,0,0
test_002305,test,0,Did Not Subscribe,0.21954635,2195,21.95%,3027,0.2321745749809692,0,Not Recommended,0.20 to 0.39,20% to 39%,44,technician,divorced,professional.course,cellular,aug,1,0,nonexistent,0,0,0,0,0,0,0
test_003074,test,0,Did Not Subscribe,0.21950214,2195,21.95%,3028,0.231920832276072,0,Not Recommended,0.20 to 0.39,20% to 39%,30,blue-collar,married,basic.9y,telephone,may,2,0,nonexistent,0,0,0,0,0,0,0
test_002012,test,1,Subscribed,0.21949215,2195,21.95%,3029,0.2316670895711748,0,Not Recommended,0.20 to 0.39,20% to 39%,31,services,married,basic.6y,telephone,may,2,0,nonexistent,0,0,0,0,0,0,0
test_002856,test,0,Did Not Subscribe,0.21940799,2194,21.94%,3030,0.2314133468662775,0,Not Recommended,0.20 to 0.39,20% to 39%,43,entrepreneur,married,high.school,cellular,nov,2,0,nonexistent,0,0,0,0,0,0,0
test_002937,test,0,Did Not Subscribe,0.2193184,2193,21.93%,3031,0.2311596041613803,0,Not Recommended,0.20 to 0.39,20% to 39%,25,self-employed,single,university.degree,telephone,may,1,0,nonexistent,0,0,0,0,0,0,0
test_002510,test,0,Did Not Subscribe,0.21923074,2192,21.92%,3032,0.2309058614564831,0,Not Recommended,0.20 to 0.39,20% to 39%,29,admin.,single,university.degree,telephone,may,1,0,nonexistent,0,0,0,0,0,0,0
test_001598,test,0,Did Not Subscribe,0.2188579,2189,21.89%,3033,0.2306521187515858,0,Not Recommended,0.20 to 0.39,20% to 39%,33,self-employed,single,university.degree,telephone,may,2,0,nonexistent,0,0,0,0,0,0,0
test_000518,test,0,Did Not Subscribe,0.21884781,2188,21.88%,3034,0.2303983760466886,0,Not Recommended,0.20 to 0.39,20% to 39%,33,services,married,university.degree,telephone,may,1,0,nonexistent,0,0,0,0,0,0,0
test_002926,test,0,Did Not Subscribe,0.21882123,2188,21.88%,3035,0.2301446333417914,0,Not Recommended,0.20 to 0.39,20% to 39%,35,admin.,single,university.degree,cellular,nov,2,1,failure,0,0,0,0,0,0,0
test_003937,test,0,Did Not Subscribe,0.21881858,2188,21.88%,3036,0.2298908906368941,0,Not Recommended,0.20 to 0.39,20% to 39%,57,self-employed,married,university.degree,telephone,jul,1,0,nonexistent,0,0,0,0,0,0,0
test_000332,test,0,Did Not Subscribe,0.21872921,2187,21.87%,3037,0.2296371479319969,0,Not Recommended,0.20 to 0.39,20% to 39%,45,admin.,married,university.degree,telephone,jun,5,0,nonexistent,0,0,0,0,0,0,0
test_000904,test,0,Did Not Subscribe,0.2186665,2187,21.87%,3038,0.2293834052270997,0,Not Recommended,0.20 to 0.39,20% to 39%,27,blue-collar,married,basic.9y,telephone,may,1,0,nonexistent,0,0,0,0,0,0,0
test_001135,test,0,Did Not Subscribe,0.2185998,2186,21.86%,3039,0.2291296625222024,0,Not Recommended,0.20 to 0.39,20% to 39%,44,blue-collar,divorced,unknown,telephone,may,1,0,nonexistent,0,0,0,0,0,0,0
test_002350,test,0,Did Not Subscribe,0.21849704,2185,21.85%,3040,0.2288759198173052,0,Not Recommended,0.20 to 0.39,20% to 39%,37,blue-collar,married,basic.9y,telephone,may,1,0,nonexistent,0,0,0,0,0,0,0
test_003405,test,0,Did Not Subscribe,0.2184857,2185,21.85%,3041,0.228622177112408,0,Not Recommended,0.20 to 0.39,20% to 39%,56,blue-collar,married,basic.4y,telephone,may,2,0,nonexistent,0,0,0,0,0,0,0
test_000085,test,0,Did Not Subscribe,0.21842794,2184,21.84%,3042,0.2283684344075107,0,Not Recommended,0.20 to 0.39,20% to 39%,33,admin.,married,high.school,telephone,may,2,1,failure,0,0,0,0,0,0,0
test_003591,test,0,Did Not Subscribe,0.21841513,2184,21.84%,3043,0.2281146917026135,0,Not Recommended,0.20 to 0.39,20% to 39%,36,admin.,single,university.degree,cellular,nov,2,1,failure,0,0,0,0,0,0,0
test_002563,test,0,Did Not Subscribe,0.21829164,2183,21.83%,3044,0.2278609489977163,0,Not Recommended,0.20 to 0.39,20% to 39%,38,unemployed,married,basic.9y,telephone,jun,3,0,nonexistent,0,0,0,0,0,0,0
test_000452,test,0,Did Not Subscribe,0.21825318,2183,21.83%,3045,0.227607206292819,0,Not Recommended,0.20 to 0.39,20% to 39%,35,admin.,single,high.school,telephone,jun,1,0,nonexistent,0,0,0,0,0,0,0
test_001674,test,0,Did Not Subscribe,0.21818686,2182,21.82%,3046,0.2273534635879218,0,Not Recommended,0.20 to 0.39,20% to 39%,53,self-employed,divorced,basic.9y,telephone,jun,1,0,nonexistent,0,0,0,0,0,0,0
test_002682,test,0,Did Not Subscribe,0.21817985,2182,21.82%,3047,0.2270997208830246,0,Not Recommended,0.20 to 0.39,20% to 39%,47,admin.,married,university.degree,telephone,may,1,0,nonexistent,0,0,0,0,0,0,0
test_001014,test,0,Did Not Subscribe,0.21809267,2181,21.81%,3048,0.2268459781781273,0,Not Recommended,0.20 to 0.39,20% to 39%,32,blue-collar,married,high.school,telephone,may,1,0,nonexistent,0,0,0,0,0,0,0
test_003689,test,0,Did Not Subscribe,0.21809258,2181,21.81%,3049,0.2265922354732301,0,Not Recommended,0.20 to 0.39,20% to 39%,30,admin.,single,university.degree,telephone,may,1,0,nonexistent,0,0,0,0,0,0,0
test_003410,test,0,Did Not Subscribe,0.21807656,2181,21.81%,3050,0.2263384927683329,0,Not Recommended,0.20 to 0.39,20% to 39%,40,blue-collar,married,basic.4y,telephone,may,1,0,nonexistent,0,0,0,0,0,0,0
test_002146,test,0,Did Not Subscribe,0.21806572,2181,21.81%,3051,0.2260847500634356,0,Not Recommended,0.20 to 0.39,20% to 39%,34,services,married,high.school,telephone,jul,1,0,nonexistent,0,0,0,0,0,0,0
test_000647,test,0,Did Not Subscribe,0.21801965,2180,21.80%,3052,0.2258310073585384,0,Not Recommended,0.20 to 0.39,20% to 39%,41,admin.,married,high.school,telephone,may,1,0,nonexistent,0,0,0,0,0,0,0
test_000782,test,0,Did Not Subscribe,0.2178259,2178,21.78%,3053,0.2255772646536412,0,Not Recommended,0.20 to 0.39,20% to 39%,47,admin.,married,university.degree,cellular,aug,2,0,nonexistent,0,0,0,0,0,0,0
test_002798,test,0,Did Not Subscribe,0.21775803,2178,21.78%,3054,0.2253235219487439,0,Not Recommended,0.20 to 0.39,20% to 39%,37,services,married,high.school,telephone,may,3,0,nonexistent,0,0,0,0,0,0,0
test_000209,test,0,Did Not Subscribe,0.21768239,2177,21.77%,3055,0.2250697792438467,0,Not Recommended,0.20 to 0.39,20% to 39%,27,admin.,single,high.school,cellular,may,7,1,failure,0,0,0,0,0,0,0
test_000393,test,0,Did Not Subscribe,0.21763176,2176,21.76%,3056,0.2248160365389495,0,Not Recommended,0.20 to 0.39,20% to 39%,46,admin.,married,high.school,telephone,jun,3,0,nonexistent,0,0,0,0,0,0,0
test_000119,test,0,Did Not Subscribe,0.21762258,2176,21.76%,3057,0.2245622938340522,0,Not Recommended,0.20 to 0.39,20% to 39%,31,admin.,single,university.degree,telephone,jun,1,0,nonexistent,0,0,0,0,0,0,0
test_002602,test,0,Did Not Subscribe,0.21761999,2176,21.76%,3058,0.224308551129155,0,Not Recommended,0.20 to 0.39,20% to 39%,34,admin.,married,university.degree,telephone,may,2,0,nonexistent,0,0,0,0,0,0,0
test_002373,test,0,Did Not Subscribe,0.21761246,2176,21.76%,3059,0.2240548084242578,0,Not Recommended,0.20 to 0.39,20% to 39%,47,services,divorced,high.school,telephone,may,2,0,nonexistent,0,0,0,0,0,0,0
test_001695,test,0,Did Not Subscribe,0.21745239,2175,21.75%,3060,0.2238010657193605,0,Not Recommended,0.20 to 0.39,20% to 39%,42,admin.,single,high.school,telephone,jun,3,0,nonexistent,0,0,0,0,0,0,0
test_002018,test,0,Did Not Subscribe,0.21743947,2174,21.74%,3061,0.2235473230144633,0,Not Recommended,0.20 to 0.39,20% to 39%,55,admin.,divorced,university.degree,cellular,jul,1,0,nonexistent,0,0,0,0,0,0,0
test_003330,test,0,Did Not Subscribe,0.21743146,2174,21.74%,3062,0.2232935803095661,0,Not Recommended,0.20 to 0.39,20% to 39%,27,blue-collar,single,basic.9y,telephone,jul,2,0,nonexistent,0,0,0,0,0,0,0
test_001878,test,0,Did Not Subscribe,0.21738763,2174,21.74%,3063,0.2230398376046688,0,Not Recommended,0.20 to 0.39,20% to 39%,55,blue-collar,married,basic.4y,cellular,aug,13,0,nonexistent,0,0,0,0,0,0,0
test_000476,test,0,Did Not Subscribe,0.21715808,2172,21.72%,3064,0.2227860948997716,0,Not Recommended,0.20 to 0.39,20% to 39%,32,housemaid,married,basic.4y,cellular,aug,4,0,nonexistent,0,0,0,0,0,0,0
test_000949,test,0,Did Not Subscribe,0.21712667,2171,21.71%,3065,0.2225323521948744,0,Not Recommended,0.20 to 0.39,20% to 39%,59,entrepreneur,married,high.school,telephone,may,1,0,nonexistent,0,0,0,0,0,0,0
test_003133,test,0,Did Not Subscribe,0.217101,2171,21.71%,3066,0.2222786094899771,0,Not Recommended,0.20 to 0.39,20% to 39%,45,blue-collar,married,basic.9y,telephone,jun,1,0,nonexistent,0,0,0,0,0,0,0
test_000350,test,0,Did Not Subscribe,0.21708322,2171,21.71%,3067,0.2220248667850799,0,Not Recommended,0.20 to 0.39,20% to 39%,34,services,married,high.school,telephone,may,1,0,nonexistent,0,0,0,0,0,0,0
test_003429,test,0,Did Not Subscribe,0.2170517,2171,21.71%,3068,0.2217711240801827,0,Not Recommended,0.20 to 0.39,20% to 39%,33,technician,married,university.degree,telephone,may,3,1,failure,0,0,0,0,0,0,0
test_000684,test,0,Did Not Subscribe,0.21704395,2170,21.70%,3069,0.2215173813752854,0,Not Recommended,0.20 to 0.39,20% to 39%,54,technician,married,university.degree,telephone,may,4,0,nonexistent,0,0,0,0,0,0,0
test_000694,test,0,Did Not Subscribe,0.2168666,2169,21.69%,3070,0.2212636386703882,0,Not Recommended,0.20 to 0.39,20% to 39%,47,management,divorced,university.degree,telephone,jun,3,0,nonexistent,0,0,0,0,0,0,0
test_001413,test,0,Did Not Subscribe,0.21673116,2167,21.67%,3071,0.221009895965491,0,Not Recommended,0.20 to 0.39,20% to 39%,26,technician,married,professional.course,telephone,may,3,0,nonexistent,0,0,0,0,0,0,0
test_003054,test,0,Did Not Subscribe,0.21666624,2167,21.67%,3072,0.2207561532605937,0,Not Recommended,0.20 to 0.39,20% to 39%,32,admin.,single,university.degree,telephone,may,8,0,nonexistent,0,0,0,0,0,0,0
test_003650,test,0,Did Not Subscribe,0.21657464,2166,21.66%,3073,0.2205024105556965,0,Not Recommended,0.20 to 0.39,20% to 39%,48,admin.,married,high.school,telephone,jun,1,0,nonexistent,0,0,0,0,0,0,0
test_001896,test,0,Did Not Subscribe,0.21651103,2165,21.65%,3074,0.2202486678507993,0,Not Recommended,0.20 to 0.39,20% to 39%,37,admin.,married,high.school,telephone,may,2,0,nonexistent,0,0,0,0,0,0,0
test_002215,test,0,Did Not Subscribe,0.21650958,2165,21.65%,3075,0.219994925145902,0,Not Recommended,0.20 to 0.39,20% to 39%,45,technician,married,professional.course,telephone,jun,3,0,nonexistent,0,0,0,0,0,0,0
test_000182,test,0,Did Not Subscribe,0.21647583,2165,21.65%,3076,0.2197411824410048,0,Not Recommended,0.20 to 0.39,20% to 39%,25,blue-collar,married,basic.9y,telephone,may,1,0,nonexistent,0,0,0,0,0,0,0
test_000640,test,0,Did Not Subscribe,0.21646841,2165,21.65%,3077,0.2194874397361076,0,Not Recommended,0.20 to 0.39,20% to 39%,32,management,single,university.degree,cellular,nov,2,0,nonexistent,0,0,0,0,0,0,0
test_003441,test,0,Did Not Subscribe,0.21641985,2164,21.64%,3078,0.2192336970312103,0,Not Recommended,0.20 to 0.39,20% to 39%,48,admin.,single,university.degree,telephone,may,1,0,nonexistent,0,0,0,0,0,0,0
test_000858,test,0,Did Not Subscribe,0.21632066,2163,21.63%,3079,0.2189799543263131,0,Not Recommended,0.20 to 0.39,20% to 39%,32,blue-collar,married,basic.4y,telephone,jun,2,0,nonexistent,0,0,0,0,0,0,0
test_001619,test,0,Did Not Subscribe,0.2162837,2163,21.63%,3080,0.2187262116214159,0,Not Recommended,0.20 to 0.39,20% to 39%,55,management,married,university.degree,telephone,may,3,0,nonexistent,0,0,0,0,0,0,0
test_003435,test,0,Did Not Subscribe,0.2160454,2160,21.60%,3081,0.2184724689165186,0,Not Recommended,0.20 to 0.39,20% to 39%,36,admin.,divorced,university.degree,telephone,jul,1,0,nonexistent,0,0,0,0,0,0,0
test_003615,test,0,Did Not Subscribe,0.21591094,2159,21.59%,3082,0.2182187262116214,0,Not Recommended,0.20 to 0.39,20% to 39%,36,blue-collar,married,basic.9y,telephone,may,2,0,nonexistent,0,0,0,0,0,0,0
test_002284,test,0,Did Not Subscribe,0.21586035,2159,21.59%,3083,0.2179649835067242,0,Not Recommended,0.20 to 0.39,20% to 39%,58,blue-collar,married,basic.4y,cellular,may,2,2,failure,0,0,0,0,0,0,0
test_000279,test,0,Did Not Subscribe,0.21578301,2158,21.58%,3084,0.2177112408018269,0,Not Recommended,0.20 to 0.39,20% to 39%,48,blue-collar,married,basic.9y,cellular,aug,1,0,nonexistent,0,0,0,0,0,0,0
test_003144,test,0,Did Not Subscribe,0.21569833,2157,21.57%,3085,0.2174574980969297,0,Not Recommended,0.20 to 0.39,20% to 39%,55,blue-collar,married,basic.9y,cellular,nov,2,0,nonexistent,0,0,0,0,0,0,0
test_002631,test,0,Did Not Subscribe,0.21555829,2156,21.56%,3086,0.2172037553920325,0,Not Recommended,0.20 to 0.39,20% to 39%,33,services,married,basic.4y,telephone,may,1,0,nonexistent,0,0,0,0,0,0,0
test_003497,test,0,Did Not Subscribe,0.21548024,2155,21.55%,3087,0.2169500126871352,0,Not Recommended,0.20 to 0.39,20% to 39%,48,blue-collar,married,unknown,telephone,aug,1,0,nonexistent,0,0,0,0,0,0,0
test_003309,test,0,Did Not Subscribe,0.21535484,2154,21.54%,3088,0.216696269982238,0,Not Recommended,0.20 to 0.39,20% to 39%,53,technician,married,high.school,telephone,may,2,0,nonexistent,0,0,0,0,0,0,0
test_000035,test,0,Did Not Subscribe,0.21530177,2153,21.53%,3089,0.2164425272773408,0,Not Recommended,0.20 to 0.39,20% to 39%,45,admin.,married,high.school,telephone,jun,5,0,nonexistent,0,0,0,0,0,0,0
test_001616,test,0,Did Not Subscribe,0.2152906,2153,21.53%,3090,0.2161887845724435,0,Not Recommended,0.20 to 0.39,20% to 39%,26,blue-collar,married,basic.4y,telephone,may,2,0,nonexistent,0,0,0,0,0,0,0
test_002828,test,0,Did Not Subscribe,0.21526751,2153,21.53%,3091,0.2159350418675463,0,Not Recommended,0.20 to 0.39,20% to 39%,44,management,married,high.school,telephone,may,3,0,nonexistent,0,0,0,0,0,0,0
test_000710,test,0,Did Not Subscribe,0.21524522,2152,21.52%,3092,0.2156812991626491,0,Not Recommended,0.20 to 0.39,20% to 39%,35,blue-collar,married,basic.9y,telephone,jun,2,0,nonexistent,0,0,0,0,0,0,0
test_000448,test,0,Did Not Subscribe,0.21521251,2152,21.52%,3093,0.2154275564577518,0,Not Recommended,0.20 to 0.39,20% to 39%,46,admin.,married,high.school,telephone,may,4,0,nonexistent,0,0,0,0,0,0,0
test_000793,test,0,Did Not Subscribe,0.21515529,2152,21.52%,3094,0.2151738137528546,0,Not Recommended,0.20 to 0.39,20% to 39%,53,technician,married,high.school,telephone,may,1,0,nonexistent,0,0,0,0,0,0,0
test_000275,test,0,Did Not Subscribe,0.21508713,2151,21.51%,3095,0.2149200710479574,0,Not Recommended,0.20 to 0.39,20% to 39%,29,admin.,single,high.school,telephone,may,2,0,nonexistent,0,0,0,0,0,0,0
test_001015,test,0,Did Not Subscribe,0.21492995,2149,21.49%,3096,0.2146663283430601,0,Not Recommended,0.20 to 0.39,20% to 39%,35,services,married,high.school,cellular,may,4,1,failure,0,0,0,0,0,0,0
test_002625,test,0,Did Not Subscribe,0.21488827,2149,21.49%,3097,0.2144125856381629,0,Not Recommended,0.20 to 0.39,20% to 39%,29,services,married,basic.9y,telephone,may,3,0,nonexistent,0,0,0,0,0,0,0
test_003010,test,0,Did Not Subscribe,0.21482837,2148,21.48%,3098,0.2141588429332657,0,Not Recommended,0.20 to 0.39,20% to 39%,40,technician,married,professional.course,telephone,jun,1,0,nonexistent,0,0,0,0,0,0,0
test_000073,test,0,Did Not Subscribe,0.21470103,2147,21.47%,3099,0.2139051002283684,0,Not Recommended,0.20 to 0.39,20% to 39%,54,blue-collar,married,high.school,telephone,jul,1,0,nonexistent,0,0,0,0,0,0,0
test_000993,test,0,Did Not Subscribe,0.21466394,2147,21.47%,3100,0.2136513575234712,0,Not Recommended,0.20 to 0.39,20% to 39%,37,technician,single,professional.course,telephone,may,1,0,nonexistent,0,0,0,0,0,0,0
test_003324,test,0,Did Not Subscribe,0.21465269,2147,21.47%,3101,0.213397614818574,0,Not Recommended,0.20 to 0.39,20% to 39%,46,services,married,unknown,cellular,aug,2,0,nonexistent,0,0,0,0,0,0,0
test_000396,test,1,Subscribed,0.2145225,2145,21.45%,3102,0.2131438721136767,0,Not Recommended,0.20 to 0.39,20% to 39%,37,entrepreneur,married,university.degree,cellular,nov,1,0,nonexistent,0,0,0,0,0,0,0
test_002586,test,0,Did Not Subscribe,0.21447864,2145,21.45%,3103,0.2128901294087795,0,Not Recommended,0.20 to 0.39,20% to 39%,53,technician,married,high.school,telephone,may,2,0,nonexistent,0,0,0,0,0,0,0
test_001630,test,0,Did Not Subscribe,0.21444546,2144,21.44%,3104,0.2126363867038823,0,Not Recommended,0.20 to 0.39,20% to 39%,36,blue-collar,married,basic.4y,telephone,jun,1,0,nonexistent,0,0,0,0,0,0,0
test_002428,test,0,Did Not Subscribe,0.21440274,2144,21.44%,3105,0.212382643998985,0,Not Recommended,0.20 to 0.39,20% to 39%,42,admin.,married,high.school,telephone,may,1,0,nonexistent,0,0,0,0,0,0,0
test_001553,test,0,Did Not Subscribe,0.21427527,2143,21.43%,3106,0.2121289012940878,0,Not Recommended,0.20 to 0.39,20% to 39%,36,housemaid,married,basic.4y,cellular,aug,2,0,nonexistent,0,0,0,0,0,0,0
test_003616,test,0,Did Not Subscribe,0.21426027,2143,21.43%,3107,0.2118751585891906,0,Not Recommended,0.20 to 0.39,20% to 39%,34,admin.,married,university.degree,telephone,nov,5,0,nonexistent,0,0,0,0,0,0,0
test_000968,test,0,Did Not Subscribe,0.21418017,2142,21.42%,3108,0.2116214158842932,0,Not Recommended,0.20 to 0.39,20% to 39%,47,admin.,married,university.degree,telephone,jun,2,0,nonexistent,0,0,0,0,0,0,0
test_003588,test,0,Did Not Subscribe,0.21401161,2140,21.40%,3109,0.2113676731793961,0,Not Recommended,0.20 to 0.39,20% to 39%,30,blue-collar,married,basic.4y,cellular,nov,5,0,nonexistent,0,0,0,0,0,0,0
test_000672,test,0,Did Not Subscribe,0.21392313,2139,21.39%,3110,0.2111139304744989,0,Not Recommended,0.20 to 0.39,20% to 39%,52,technician,married,professional.course,telephone,may,2,0,nonexistent,0,0,0,0,0,0,0
test_001124,test,0,Did Not Subscribe,0.21381319,2138,21.38%,3111,0.2108601877696015,0,Not Recommended,0.20 to 0.39,20% to 39%,38,blue-collar,married,basic.4y,telephone,jun,2,0,nonexistent,0,0,0,0,0,0,0
test_000467,test,0,Did Not Subscribe,0.21378948,2138,21.38%,3112,0.2106064450647043,0,Not Recommended,0.20 to 0.39,20% to 39%,27,services,single,professional.course,telephone,may,1,0,nonexistent,0,0,0,0,0,0,0
test_000510,test,0,Did Not Subscribe,0.21366487,2137,21.37%,3113,0.2103527023598072,0,Not Recommended,0.20 to 0.39,20% to 39%,45,services,married,basic.9y,telephone,jun,2,0,nonexistent,0,0,0,0,0,0,0
test_001112,test,0,Did Not Subscribe,0.21364172,2136,21.36%,3114,0.2100989596549098,0,Not Recommended,0.20 to 0.39,20% to 39%,49,management,married,university.degree,telephone,jun,1,0,nonexistent,0,0,0,0,0,0,0
test_001226,test,0,Did Not Subscribe,0.21358255,2136,21.36%,3115,0.2098452169500126,0,Not Recommended,0.20 to 0.39,20% to 39%,42,admin.,divorced,high.school,telephone,jul,3,0,nonexistent,0,0,0,0,0,0,0
test_002837,test,0,Did Not Subscribe,0.21348944,2135,21.35%,3116,0.2095914742451154,0,Not Recommended,0.20 to 0.39,20% to 39%,31,blue-collar,married,basic.9y,telephone,may,1,0,nonexistent,0,0,0,0,0,0,0
test_001249,test,0,Did Not Subscribe,0.2134802,2135,21.35%,3117,0.2093377315402181,0,Not Recommended,0.20 to 0.39,20% to 39%,39,blue-collar,divorced,basic.9y,telephone,may,1,0,nonexistent,0,0,0,0,0,0,0
test_001533,test,0,Did Not Subscribe,0.2133592,2134,21.34%,3118,0.2090839888353209,0,Not Recommended,0.20 to 0.39,20% to 39%,53,retired,divorced,high.school,telephone,may,5,0,nonexistent,0,0,0,0,0,0,0
test_003061,test,0,Did Not Subscribe,0.21321686,2132,21.32%,3119,0.2088302461304237,0,Not Recommended,0.20 to 0.39,20% to 39%,34,admin.,married,university.degree,telephone,jun,2,0,nonexistent,0,0,0,0,0,0,0
test_000289,test,0,Did Not Subscribe,0.2131608,2132,21.32%,3120,0.2085765034255264,0,Not Recommended,0.20 to 0.39,20% to 39%,56,blue-collar,married,basic.4y,telephone,may,3,0,nonexistent,0,0,0,0,0,0,0
test_000333,test,0,Did Not Subscribe,0.21295367,2130,21.30%,3121,0.2083227607206292,0,Not Recommended,0.20 to 0.39,20% to 39%,47,admin.,single,university.degree,telephone,may,1,0,nonexistent,0,0,0,0,0,0,0
test_002944,test,0,Did Not Subscribe,0.21292643,2129,21.29%,3122,0.208069018015732,0,Not Recommended,0.20 to 0.39,20% to 39%,51,admin.,married,basic.9y,telephone,may,5,0,nonexistent,0,0,0,0,0,0,0
test_002604,test,0,Did Not Subscribe,0.21269333,2127,21.27%,3123,0.2078152753108347,0,Not Recommended,0.20 to 0.39,20% to 39%,30,technician,single,professional.course,telephone,may,3,0,nonexistent,0,0,0,0,0,0,0
test_003557,test,0,Did Not Subscribe,0.21256436,2126,21.26%,3124,0.2075615326059375,0,Not Recommended,0.20 to 0.39,20% to 39%,35,admin.,divorced,university.degree,telephone,jul,1,0,nonexistent,0,0,0,0,0,0,0
test_001154,test,0,Did Not Subscribe,0.21242905,2124,21.24%,3125,0.2073077899010403,0,Not Recommended,0.20 to 0.39,20% to 39%,39,blue-collar,married,basic.4y,telephone,may,1,0,nonexistent,0,0,0,0,0,0,0
test_000138,test,0,Did Not Subscribe,0.21223359,2122,21.22%,3126,0.207054047196143,0,Not Recommended,0.20 to 0.39,20% to 39%,52,blue-collar,married,basic.4y,telephone,may,2,0,nonexistent,0,0,0,0,0,0,0
test_002246,test,0,Did Not Subscribe,0.21212867,2121,21.21%,3127,0.2068003044912458,0,Not Recommended,0.20 to 0.39,20% to 39%,44,admin.,divorced,unknown,telephone,jul,2,0,nonexistent,0,0,0,0,0,0,0
test_000167,test,0,Did Not Subscribe,0.21208699,2121,21.21%,3128,0.2065465617863486,0,Not Recommended,0.20 to 0.39,20% to 39%,30,student,single,unknown,telephone,may,1,0,nonexistent,0,0,0,0,0,0,0
test_001286,test,0,Did Not Subscribe,0.2119922,2120,21.20%,3129,0.2062928190814513,0,Not Recommended,0.20 to 0.39,20% to 39%,42,housemaid,married,university.degree,cellular,nov,1,0,nonexistent,0,0,0,0,0,0,0
test_000890,test,0,Did Not Subscribe,0.21194561,2119,21.19%,3130,0.2060390763765541,0,Not Recommended,0.20 to 0.39,20% to 39%,36,services,married,high.school,cellular,apr,1,1,failure,0,0,0,0,0,0,0
test_003805,test,0,Did Not Subscribe,0.21188302,2119,21.19%,3131,0.2057853336716569,0,Not Recommended,0.20 to 0.39,20% to 39%,29,admin.,single,university.degree,telephone,jun,2,0,nonexistent,0,0,0,0,0,0,0
test_000979,test,0,Did Not Subscribe,0.21186769,2119,21.19%,3132,0.2055315909667596,0,Not Recommended,0.20 to 0.39,20% to 39%,58,management,married,unknown,cellular,nov,2,1,failure,0,0,0,0,0,0,0
test_001494,test,0,Did Not Subscribe,0.21180624,2118,21.18%,3133,0.2052778482618624,0,Not Recommended,0.20 to 0.39,20% to 39%,46,blue-collar,married,basic.4y,telephone,jun,3,0,nonexistent,0,0,0,0,0,0,0
test_001288,test,0,Did Not Subscribe,0.2116033,2116,21.16%,3134,0.2050241055569652,0,Not Recommended,0.20 to 0.39,20% to 39%,26,technician,married,professional.course,telephone,may,2,0,nonexistent,0,0,0,0,0,0,0
test_001256,test,0,Did Not Subscribe,0.21159078,2116,21.16%,3135,0.2047703628520679,0,Not Recommended,0.20 to 0.39,20% to 39%,47,management,divorced,university.degree,telephone,jun,1,0,nonexistent,0,0,0,0,0,0,0
test_002477,test,0,Did Not Subscribe,0.21158841,2116,21.16%,3136,0.2045166201471707,0,Not Recommended,0.20 to 0.39,20% to 39%,48,blue-collar,divorced,basic.4y,telephone,jun,3,0,nonexistent,0,0,0,0,0,0,0
test_002912,test,0,Did Not Subscribe,0.21124864,2112,21.12%,3137,0.2042628774422735,0,Not Recommended,0.20 to 0.39,20% to 39%,51,retired,married,basic.9y,telephone,may,1,0,nonexistent,0,0,0,0,0,0,0
test_001996,test,0,Did Not Subscribe,0.2111383,2111,21.11%,3138,0.2040091347373762,0,Not Recommended,0.20 to 0.39,20% to 39%,38,technician,married,professional.course,telephone,may,2,0,nonexistent,0,0,0,0,0,0,0
test_001979,test,0,Did Not Subscribe,0.2110348,2110,21.10%,3139,0.203755392032479,0,Not Recommended,0.20 to 0.39,20% to 39%,49,services,married,high.school,telephone,may,1,0,nonexistent,0,0,0,0,0,0,0
test_000027,test,0,Did Not Subscribe,0.2109837,2110,21.10%,3140,0.2035016493275818,0,Not Recommended,0.20 to 0.39,20% to 39%,54,technician,married,professional.course,telephone,jun,3,0,nonexistent,0,0,0,0,0,0,0
test_002132,test,0,Did Not Subscribe,0.21097344,2110,21.10%,3141,0.2032479066226845,0,Not Recommended,0.20 to 0.39,20% to 39%,53,blue-collar,single,basic.9y,telephone,jun,3,0,nonexistent,0,0,0,0,0,0,0
test_001764,test,0,Did Not Subscribe,0.21089312,2109,21.09%,3142,0.2029941639177873,0,Not Recommended,0.20 to 0.39,20% to 39%,51,retired,married,university.degree,telephone,may,5,0,nonexistent,0,0,0,0,0,0,0
test_002025,test,0,Did Not Subscribe,0.21074982,2107,21.07%,3143,0.2027404212128901,0,Not Recommended,0.20 to 0.39,20% to 39%,35,blue-collar,married,basic.4y,telephone,jul,1,0,nonexistent,0,0,0,0,0,0,0
test_000308,test,0,Did Not Subscribe,0.21066254,2107,21.07%,3144,0.2024866785079928,0,Not Recommended,0.20 to 0.39,20% to 39%,37,admin.,single,university.degree,telephone,may,3,0,nonexistent,0,0,0,0,0,0,0
test_003681,test,0,Did Not Subscribe,0.21063639,2106,21.06%,3145,0.2022329358030956,0,Not Recommended,0.20 to 0.39,20% to 39%,41,services,married,basic.9y,telephone,may,3,0,nonexistent,0,0,0,0,0,0,0
test_000158,test,0,Did Not Subscribe,0.21052949,2105,21.05%,3146,0.2019791930981984,0,Not Recommended,0.20 to 0.39,20% to 39%,30,technician,married,university.degree,telephone,may,2,0,nonexistent,0,0,0,0,0,0,0
test_002022,test,0,Did Not Subscribe,0.21049458,2105,21.05%,3147,0.2017254503933011,0,Not Recommended,0.20 to 0.39,20% to 39%,37,admin.,married,university.degree,telephone,may,6,0,nonexistent,0,0,0,0,0,0,0
test_001950,test,0,Did Not Subscribe,0.21049187,2105,21.05%,3148,0.2014717076884039,0,Not Recommended,0.20 to 0.39,20% to 39%,32,retired,married,high.school,telephone,may,3,0,nonexistent,0,0,0,0,0,0,0
test_001778,test,0,Did Not Subscribe,0.21046455,2105,21.05%,3149,0.2012179649835067,0,Not Recommended,0.20 to 0.39,20% to 39%,40,admin.,married,university.degree,telephone,nov,1,0,nonexistent,0,0,0,0,0,0,0
test_000852,test,0,Did Not Subscribe,0.21045038,2105,21.05%,3150,0.2009642222786094,0,Not Recommended,0.20 to 0.39,20% to 39%,38,admin.,divorced,high.school,telephone,may,1,0,nonexistent,0,0,0,0,0,0,0
test_001868,test,0,Did Not Subscribe,0.2104417,2104,21.04%,3151,0.2007104795737122,0,Not Recommended,0.20 to 0.39,20% to 39%,36,services,married,high.school,telephone,may,1,0,nonexistent,0,0,0,0,0,0,0
test_002135,test,0,Did Not Subscribe,0.21024612,2102,21.02%,3152,0.200456736868815,0,Not Recommended,0.20 to 0.39,20% to 39%,36,admin.,married,university.degree,telephone,jun,3,0,nonexistent,0,0,0,0,0,0,0
test_001637,test,0,Did Not Subscribe,0.21019396,2102,21.02%,3153,0.2002029941639177,0,Not Recommended,0.20 to 0.39,20% to 39%,59,admin.,married,high.school,telephone,may,1,0,nonexistent,0,0,0,0,0,0,0
test_002512,test,0,Did Not Subscribe,0.21016742,2102,21.02%,3154,0.1999492514590205,0,Not Recommended,0.20 to 0.39,20% to 39%,41,unemployed,divorced,high.school,telephone,jun,1,0,nonexistent,0,0,0,0,0,0,0
test_002095,test,0,Did Not Subscribe,0.20997389,2100,21.00%,3155,0.1996955087541233,0,Not Recommended,0.20 to 0.39,20% to 39%,46,technician,married,professional.course,cellular,nov,1,0,nonexistent,0,0,0,0,0,0,0
test_000509,test,0,Did Not Subscribe,0.20996472,2100,21.00%,3156,0.199441766049226,0,Not Recommended,0.20 to 0.39,20% to 39%,52,retired,married,basic.9y,telephone,may,7,0,nonexistent,0,0,0,0,0,0,0
test_002416,test,0,Did Not Subscribe,0.2098771,2099,20.99%,3157,0.1991880233443288,0,Not Recommended,0.20 to 0.39,20% to 39%,43,blue-collar,married,basic.9y,cellular,may,6,0,nonexistent,0,0,0,0,0,0,0
test_000880,test,0,Did Not Subscribe,0.20971867,2097,20.97%,3158,0.1989342806394316,0,Not Recommended,0.20 to 0.39,20% to 39%,38,blue-collar,married,unknown,cellular,nov,1,0,nonexistent,0,0,0,0,0,0,0
test_001679,test,0,Did Not Subscribe,0.20970304,2097,20.97%,3159,0.1986805379345343,0,Not Recommended,0.20 to 0.39,20% to 39%,37,technician,married,university.degree,telephone,may,2,0,nonexistent,0,0,0,0,0,0,0
test_002165,test,0,Did Not Subscribe,0.20919342,2092,20.92%,3160,0.1984267952296371,0,Not Recommended,0.20 to 0.39,20% to 39%,39,blue-collar,married,basic.6y,telephone,may,1,0,nonexistent,0,0,0,0,0,0,0
test_000688,test,0,Did Not Subscribe,0.20909223,2091,20.91%,3161,0.1981730525247399,0,Not Recommended,0.20 to 0.39,20% to 39%,32,technician,single,professional.course,telephone,jun,2,0,nonexistent,0,0,0,0,0,0,0
test_003730,test,0,Did Not Subscribe,0.20907268,2091,20.91%,3162,0.1979193098198426,0,Not Recommended,0.20 to 0.39,20% to 39%,42,blue-collar,married,unknown,telephone,jun,3,0,nonexistent,0,0,0,0,0,0,0
test_002330,test,0,Did Not Subscribe,0.20904975,2090,20.90%,3163,0.1976655671149454,0,Not Recommended,0.20 to 0.39,20% to 39%,27,blue-collar,married,basic.9y,telephone,may,1,0,nonexistent,0,0,0,0,0,0,0
test_000895,test,0,Did Not Subscribe,0.20887758,2089,20.89%,3164,0.1974118244100482,0,Not Recommended,0.20 to 0.39,20% to 39%,35,self-employed,married,professional.course,telephone,jun,1,0,nonexistent,0,0,0,0,0,0,0
test_001839,test,0,Did Not Subscribe,0.20884684,2088,20.88%,3165,0.1971580817051509,0,Not Recommended,0.20 to 0.39,20% to 39%,36,admin.,married,unknown,cellular,nov,3,0,nonexistent,0,0,0,0,0,0,0
test_000954,test,0,Did Not Subscribe,0.2086931,2087,20.87%,3166,0.1969043390002537,0,Not Recommended,0.20 to 0.39,20% to 39%,44,services,single,high.school,telephone,jun,3,0,nonexistent,0,0,0,0,0,0,0
test_000698,test,0,Did Not Subscribe,0.20866458,2087,20.87%,3167,0.1966505962953565,0,Not Recommended,0.20 to 0.39,20% to 39%,34,technician,married,professional.course,telephone,jun,1,0,nonexistent,0,0,0,0,0,0,0
test_000719,test,0,Did Not Subscribe,0.20853446,2085,20.85%,3168,0.1963968535904592,0,Not Recommended,0.20 to 0.39,20% to 39%,47,services,married,high.school,telephone,jun,6,0,nonexistent,0,0,0,0,0,0,0
test_000236,test,0,Did Not Subscribe,0.2084333,2084,20.84%,3169,0.196143110885562,0,Not Recommended,0.20 to 0.39,20% to 39%,36,blue-collar,married,unknown,telephone,jun,6,0,nonexistent,0,0,0,0,0,0,0
test_000662,test,0,Did Not Subscribe,0.20841295,2084,20.84%,3170,0.1958893681806648,0,Not Recommended,0.20 to 0.39,20% to 39%,49,self-employed,married,professional.course,cellular,aug,9,0,nonexistent,0,0,0,0,0,0,0
test_001885,test,0,Did Not Subscribe,0.20804326,2080,20.80%,3171,0.1956356254757676,0,Not Recommended,0.20 to 0.39,20% to 39%,33,blue-collar,married,basic.4y,telephone,may,11,0,nonexistent,0,0,0,0,0,0,0
test_002925,test,0,Did Not Subscribe,0.20803207,2080,20.80%,3172,0.1953818827708703,0,Not Recommended,0.20 to 0.39,20% to 39%,43,blue-collar,married,basic.4y,cellular,nov,5,0,nonexistent,0,0,0,0,0,0,0
test_001039,test,0,Did Not Subscribe,0.20800155,2080,20.80%,3173,0.1951281400659731,0,Not Recommended,0.20 to 0.39,20% to 39%,47,admin.,divorced,high.school,telephone,jun,2,0,nonexistent,0,0,0,0,0,0,0
test_003561,test,0,Did Not Subscribe,0.2079185,2079,20.79%,3174,0.1948743973610759,0,Not Recommended,0.20 to 0.39,20% to 39%,44,blue-collar,divorced,basic.9y,telephone,may,1,0,nonexistent,0,0,0,0,0,0,0
test_000680,test,1,Subscribed,0.20790125,2079,20.79%,3175,0.1946206546561786,0,Not Recommended,0.20 to 0.39,20% to 39%,43,blue-collar,divorced,basic.4y,telephone,may,2,0,nonexistent,0,0,0,0,0,0,0
test_002023,test,0,Did Not Subscribe,0.20787542,2079,20.79%,3176,0.1943669119512814,0,Not Recommended,0.20 to 0.39,20% to 39%,51,technician,married,unknown,telephone,jun,3,0,nonexistent,0,0,0,0,0,0,0
test_002380,test,0,Did Not Subscribe,0.20784645,2078,20.78%,3177,0.1941131692463842,0,Not Recommended,0.20 to 0.39,20% to 39%,60,admin.,single,high.school,telephone,jun,1,0,nonexistent,0,0,0,0,0,0,0
test_003360,test,0,Did Not Subscribe,0.2078146,2078,20.78%,3178,0.1938594265414869,0,Not Recommended,0.20 to 0.39,20% to 39%,34,technician,married,professional.course,telephone,jun,1,0,nonexistent,0,0,0,0,0,0,0
test_002896,test,0,Did Not Subscribe,0.20776092,2078,20.78%,3179,0.1936056838365897,0,Not Recommended,0.20 to 0.39,20% to 39%,29,admin.,single,university.degree,telephone,jul,1,0,nonexistent,0,0,0,0,0,0,0
test_003288,test,0,Did Not Subscribe,0.20769587,2077,20.77%,3180,0.1933519411316925,0,Not Recommended,0.20 to 0.39,20% to 39%,49,technician,divorced,unknown,telephone,jun,1,0,nonexistent,0,0,0,0,0,0,0
test_001875,test,0,Did Not Subscribe,0.20761424,2076,20.76%,3181,0.1930981984267952,0,Not Recommended,0.20 to 0.39,20% to 39%,39,entrepreneur,divorced,high.school,telephone,may,2,0,nonexistent,0,0,0,0,0,0,0
test_001049,test,0,Did Not Subscribe,0.20761053,2076,20.76%,3182,0.192844455721898,0,Not Recommended,0.20 to 0.39,20% to 39%,28,technician,divorced,professional.course,telephone,may,1,0,nonexistent,0,0,0,0,0,0,0
test_002488,test,0,Did Not Subscribe,0.20760329,2076,20.76%,3183,0.1925907130170008,0,Not Recommended,0.20 to 0.39,20% to 39%,39,unemployed,married,university.degree,telephone,jun,4,0,nonexistent,0,0,0,0,0,0,0
test_003535,test,0,Did Not Subscribe,0.20754269,2075,20.75%,3184,0.1923369703121035,0,Not Recommended,0.20 to 0.39,20% to 39%,31,blue-collar,married,basic.6y,telephone,jun,12,0,nonexistent,0,0,0,0,0,0,0
test_001842,test,0,Did Not Subscribe,0.20745687,2075,20.75%,3185,0.1920832276072063,0,Not Recommended,0.20 to 0.39,20% to 39%,32,services,married,high.school,telephone,may,2,0,nonexistent,0,0,0,0,0,0,0
test_002664,test,0,Did Not Subscribe,0.20722252,2072,20.72%,3186,0.1918294849023091,0,Not Recommended,0.20 to 0.39,20% to 39%,50,entrepreneur,divorced,university.degree,telephone,may,2,0,nonexistent,0,0,0,0,0,0,0
test_000833,test,0,Did Not Subscribe,0.20720302,2072,20.72%,3187,0.1915757421974118,0,Not Recommended,0.20 to 0.39,20% to 39%,46,technician,married,professional.course,telephone,jun,2,0,nonexistent,0,0,0,0,0,0,0
test_000634,test,0,Did Not Subscribe,0.20720112,2072,20.72%,3188,0.1913219994925146,0,Not Recommended,0.20 to 0.39,20% to 39%,42,admin.,divorced,high.school,telephone,may,1,0,nonexistent,0,0,0,0,0,0,0
test_002238,test,0,Did Not Subscribe,0.20712359,2071,20.71%,3189,0.1910682567876174,0,Not Recommended,0.20 to 0.39,20% to 39%,46,unemployed,married,basic.6y,telephone,jun,1,0,nonexistent,0,0,0,0,0,0,0
test_000240,test,1,Subscribed,0.20701028,2070,20.70%,3190,0.1908145140827201,0,Not Recommended,0.20 to 0.39,20% to 39%,37,admin.,single,university.degree,telephone,may,2,0,nonexistent,0,0,0,0,0,0,0
test_003307,test,0,Did Not Subscribe,0.20698613,2070,20.70%,3191,0.1905607713778229,0,Not Recommended,0.20 to 0.39,20% to 39%,31,blue-collar,married,basic.6y,telephone,may,2,0,nonexistent,0,0,0,0,0,0,0
test_001900,test,0,Did Not Subscribe,0.20687538,2069,20.69%,3192,0.1903070286729257,0,Not Recommended,0.20 to 0.39,20% to 39%,33,admin.,married,high.school,telephone,may,2,0,nonexistent,0,0,0,0,0,0,0
test_001174,test,0,Did Not Subscribe,0.2068429,2068,20.68%,3193,0.1900532859680284,0,Not Recommended,0.20 to 0.39,20% to 39%,24,admin.,single,high.school,telephone,jul,1,0,nonexistent,0,0,0,0,0,0,0
test_000830,test,0,Did Not Subscribe,0.20681198,2068,20.68%,3194,0.1897995432631312,0,Not Recommended,0.20 to 0.39,20% to 39%,58,retired,divorced,professional.course,telephone,jun,2,0,nonexistent,0,0,0,0,0,0,0
test_002450,test,0,Did Not Subscribe,0.20680578,2068,20.68%,3195,0.189545800558234,0,Not Recommended,0.20 to 0.39,20% to 39%,42,technician,married,professional.course,telephone,nov,1,0,nonexistent,0,0,0,0,0,0,0
test_003130,test,0,Did Not Subscribe,0.20676088,2068,20.68%,3196,0.1892920578533367,0,Not Recommended,0.20 to 0.39,20% to 39%,44,blue-collar,married,basic.4y,cellular,aug,1,0,nonexistent,0,0,0,0,0,0,0
test_003830,test,0,Did Not Subscribe,0.20643122,2064,20.64%,3197,0.1890383151484395,0,Not Recommended,0.20 to 0.39,20% to 39%,36,management,married,university.degree,telephone,jun,1,0,nonexistent,0,0,0,0,0,0,0
test_002696,test,0,Did Not Subscribe,0.20640263,2064,20.64%,3198,0.1887845724435423,0,Not Recommended,0.20 to 0.39,20% to 39%,48,services,married,high.school,telephone,may,4,0,nonexistent,0,0,0,0,0,0,0
test_000194,test,0,Did Not Subscribe,0.2063119,2063,20.63%,3199,0.188530829738645,0,Not Recommended,0.20 to 0.39,20% to 39%,57,retired,single,professional.course,telephone,jun,1,0,nonexistent,0,0,0,0,0,0,0
test_003148,test,0,Did Not Subscribe,0.20609611,2061,20.61%,3200,0.1882770870337478,0,Not Recommended,0.20 to 0.39,20% to 39%,49,blue-collar,married,basic.9y,cellular,nov,5,0,nonexistent,0,0,0,0,0,0,0
test_001843,test,0,Did Not Subscribe,0.20607994,2061,20.61%,3201,0.1880233443288506,0,Not Recommended,0.20 to 0.39,20% to 39%,37,blue-collar,single,basic.9y,telephone,may,1,0,nonexistent,0,0,0,0,0,0,0
test_001879,test,0,Did Not Subscribe,0.20594695,2059,20.59%,3202,0.1877696016239533,0,Not Recommended,0.20 to 0.39,20% to 39%,44,technician,married,professional.course,telephone,may,2,0,nonexistent,0,0,0,0,0,0,0
test_003829,test,0,Did Not Subscribe,0.205923,2059,20.59%,3203,0.1875158589190561,0,Not Recommended,0.20 to 0.39,20% to 39%,53,blue-collar,married,professional.course,cellular,may,4,1,failure,0,0,0,0,0,0,0
test_001183,test,0,Did Not Subscribe,0.2058778,2059,20.59%,3204,0.1872621162141589,0,Not Recommended,0.20 to 0.39,20% to 39%,38,blue-collar,married,basic.9y,cellular,may,1,1,failure,0,0,0,0,0,0,0
test_003852,test,0,Did Not Subscribe,0.20569187,2057,20.57%,3205,0.1870083735092615,0,Not Recommended,0.20 to 0.39,20% to 39%,28,technician,divorced,high.school,telephone,may,1,0,nonexistent,0,0,0,0,0,0,0
test_000430,test,0,Did Not Subscribe,0.20566009,2057,20.57%,3206,0.1867546308043643,0,Not Recommended,0.20 to 0.39,20% to 39%,26,blue-collar,single,basic.9y,telephone,may,2,0,nonexistent,0,0,0,0,0,0,0
test_000570,test,0,Did Not Subscribe,0.2056548,2057,20.57%,3207,0.1865008880994672,0,Not Recommended,0.20 to 0.39,20% to 39%,58,technician,married,basic.4y,telephone,jun,1,0,nonexistent,0,0,0,0,0,0,0
test_001746,test,0,Did Not Subscribe,0.20562857,2056,20.56%,3208,0.1862471453945698,0,Not Recommended,0.20 to 0.39,20% to 39%,45,blue-collar,married,basic.9y,telephone,may,1,0,nonexistent,0,0,0,0,0,0,0
test_003263,test,0,Did Not Subscribe,0.2056093,2056,20.56%,3209,0.1859934026896726,0,Not Recommended,0.20 to 0.39,20% to 39%,49,admin.,married,high.school,telephone,may,1,0,nonexistent,0,0,0,0,0,0,0
test_003793,test,0,Did Not Subscribe,0.20526062,2053,20.53%,3210,0.1857396599847754,0,Not Recommended,0.20 to 0.39,20% to 39%,57,management,divorced,university.degree,telephone,may,2,0,nonexistent,0,0,0,0,0,0,0
test_000608,test,0,Did Not Subscribe,0.20521776,2052,20.52%,3211,0.1854859172798781,0,Not Recommended,0.20 to 0.39,20% to 39%,42,blue-collar,married,basic.9y,telephone,may,1,0,nonexistent,0,0,0,0,0,0,0
test_003406,test,0,Did Not Subscribe,0.205203,2052,20.52%,3212,0.1852321745749809,0,Not Recommended,0.20 to 0.39,20% to 39%,39,technician,single,professional.course,telephone,jun,1,0,nonexistent,0,0,0,0,0,0,0
test_002724,test,0,Did Not Subscribe,0.20470129,2047,20.47%,3213,0.1849784318700837,0,Not Recommended,0.20 to 0.39,20% to 39%,30,blue-collar,married,basic.9y,telephone,may,5,0,nonexistent,0,0,0,0,0,0,0
test_001926,test,0,Did Not Subscribe,0.2046736,2047,20.47%,3214,0.1847246891651864,0,Not Recommended,0.20 to 0.39,20% to 39%,38,admin.,single,high.school,cellular,may,6,1,failure,0,0,0,0,0,0,0
test_002598,test,0,Did Not Subscribe,0.20460886,2046,20.46%,3215,0.1844709464602892,0,Not Recommended,0.20 to 0.39,20% to 39%,45,blue-collar,single,basic.9y,telephone,may,3,0,nonexistent,0,0,0,0,0,0,0
test_001508,test,0,Did Not Subscribe,0.2044711,2045,20.45%,3216,0.184217203755392,0,Not Recommended,0.20 to 0.39,20% to 39%,30,management,married,university.degree,telephone,may,4,0,nonexistent,0,0,0,0,0,0,0
test_000723,test,0,Did Not Subscribe,0.2044707,2045,20.45%,3217,0.1839634610504947,0,Not Recommended,0.20 to 0.39,20% to 39%,39,admin.,single,unknown,telephone,may,1,0,nonexistent,0,0,0,0,0,0,0
test_002400,test,0,Did Not Subscribe,0.20444433,2044,20.44%,3218,0.1837097183455975,0,Not Recommended,0.20 to 0.39,20% to 39%,34,management,married,university.degree,cellular,nov,6,0,nonexistent,0,0,0,0,0,0,0
test_003814,test,0,Did Not Subscribe,0.20439352,2044,20.44%,3219,0.1834559756407003,0,Not Recommended,0.20 to 0.39,20% to 39%,54,services,married,high.school,telephone,jul,1,0,nonexistent,0,0,0,0,0,0,0
test_000470,test,0,Did Not Subscribe,0.20438665,2044,20.44%,3220,0.183202232935803,0,Not Recommended,0.20 to 0.39,20% to 39%,38,services,married,high.school,telephone,may,1,0,nonexistent,0,0,0,0,0,0,0
test_000738,test,0,Did Not Subscribe,0.20429425,2043,20.43%,3221,0.1829484902309058,0,Not Recommended,0.20 to 0.39,20% to 39%,36,technician,married,university.degree,telephone,may,2,0,nonexistent,0,0,0,0,0,0,0
test_003333,test,0,Did Not Subscribe,0.20428924,2043,20.43%,3222,0.1826947475260086,0,Not Recommended,0.20 to 0.39,20% to 39%,41,blue-collar,married,professional.course,cellular,nov,2,0,nonexistent,0,0,0,0,0,0,0
test_001428,test,0,Did Not Subscribe,0.20428836,2043,20.43%,3223,0.1824410048211113,0,Not Recommended,0.20 to 0.39,20% to 39%,50,technician,married,professional.course,telephone,jun,5,0,nonexistent,0,0,0,0,0,0,0
test_003678,test,0,Did Not Subscribe,0.20416859,2042,20.42%,3224,0.1821872621162141,0,Not Recommended,0.20 to 0.39,20% to 39%,51,management,married,high.school,cellular,nov,3,0,nonexistent,0,0,0,0,0,0,0
test_003794,test,0,Did Not Subscribe,0.20406458,2041,20.41%,3225,0.1819335194113169,0,Not Recommended,0.20 to 0.39,20% to 39%,50,services,married,basic.6y,telephone,may,1,0,nonexistent,0,0,0,0,0,0,0
test_000808,test,0,Did Not Subscribe,0.20403162,2040,20.40%,3226,0.1816797767064196,0,Not Recommended,0.20 to 0.39,20% to 39%,46,blue-collar,married,basic.9y,telephone,may,6,0,nonexistent,0,0,0,0,0,0,0
test_001253,test,0,Did Not Subscribe,0.20401165,2040,20.40%,3227,0.1814260340015224,0,Not Recommended,0.20 to 0.39,20% to 39%,34,admin.,married,university.degree,telephone,jun,2,0,nonexistent,0,0,0,0,0,0,0
test_001877,test,0,Did Not Subscribe,0.20396446,2040,20.40%,3228,0.1811722912966252,0,Not Recommended,0.20 to 0.39,20% to 39%,27,admin.,single,university.degree,telephone,may,1,0,nonexistent,0,0,0,0,0,0,0
test_001686,test,0,Did Not Subscribe,0.20377459,2038,20.38%,3229,0.1809185485917279,0,Not Recommended,0.20 to 0.39,20% to 39%,30,admin.,single,high.school,telephone,may,3,0,nonexistent,0,0,0,0,0,0,0
test_001328,test,0,Did Not Subscribe,0.20374411,2037,20.37%,3230,0.1806648058868307,0,Not Recommended,0.20 to 0.39,20% to 39%,35,unemployed,single,basic.6y,cellular,nov,1,1,failure,0,0,0,0,0,0,0
test_000584,test,0,Did Not Subscribe,0.20363785,2036,20.36%,3231,0.1804110631819335,0,Not Recommended,0.20 to 0.39,20% to 39%,41,blue-collar,single,basic.9y,telephone,may,1,0,nonexistent,0,0,0,0,0,0,0
test_003572,test,0,Did Not Subscribe,0.20362905,2036,20.36%,3232,0.1801573204770362,0,Not Recommended,0.20 to 0.39,20% to 39%,42,technician,married,basic.9y,telephone,may,1,0,nonexistent,0,0,0,0,0,0,0
test_000213,test,0,Did Not Subscribe,0.20362443,2036,20.36%,3233,0.179903577772139,0,Not Recommended,0.20 to 0.39,20% to 39%,31,blue-collar,single,high.school,telephone,may,1,0,nonexistent,0,0,0,0,0,0,0
test_003033,test,0,Did Not Subscribe,0.20357537,2036,20.36%,3234,0.1796498350672418,0,Not Recommended,0.20 to 0.39,20% to 39%,37,blue-collar,married,basic.9y,telephone,jul,7,0,nonexistent,0,0,0,0,0,0,0
test_001792,test,0,Did Not Subscribe,0.20350984,2035,20.35%,3235,0.1793960923623445,0,Not Recommended,0.20 to 0.39,20% to 39%,25,technician,single,university.degree,telephone,may,1,0,nonexistent,0,0,0,0,0,0,0
test_003803,test,1,Subscribed,0.20340686,2034,20.34%,3236,0.1791423496574473,0,Not Recommended,0.20 to 0.39,20% to 39%,34,admin.,divorced,university.degree,telephone,jul,1,0,nonexistent,0,0,0,0,0,0,0
test_003702,test,0,Did Not Subscribe,0.20317958,2032,20.32%,3237,0.1788886069525501,0,Not Recommended,0.20 to 0.39,20% to 39%,47,unknown,married,unknown,cellular,aug,3,0,nonexistent,0,0,0,0,0,0,0
test_000337,test,0,Did Not Subscribe,0.20313367,2031,20.31%,3238,0.1786348642476528,0,Not Recommended,0.20 to 0.39,20% to 39%,50,technician,married,basic.9y,telephone,nov,2,0,nonexistent,0,0,0,0,0,0,0
test_000152,test,0,Did Not Subscribe,0.20299725,2030,20.30%,3239,0.1783811215427556,0,Not Recommended,0.20 to 0.39,20% to 39%,41,admin.,married,high.school,telephone,jun,2,0,nonexistent,0,0,0,0,0,0,0
test_000748,test,0,Did Not Subscribe,0.2028036,2028,20.28%,3240,0.1781273788378584,0,Not Recommended,0.20 to 0.39,20% to 39%,56,retired,married,high.school,telephone,may,1,0,nonexistent,0,0,0,0,0,0,0
test_000504,test,0,Did Not Subscribe,0.2026992,2027,20.27%,3241,0.1778736361329611,0,Not Recommended,0.20 to 0.39,20% to 39%,53,technician,married,professional.course,telephone,may,1,0,nonexistent,0,0,0,0,0,0,0
test_000731,test,0,Did Not Subscribe,0.20263362,2026,20.26%,3242,0.1776198934280639,0,Not Recommended,0.20 to 0.39,20% to 39%,49,management,married,university.degree,cellular,nov,1,1,failure,0,0,0,0,0,0,0
test_002839,test,0,Did Not Subscribe,0.2025912,2026,20.26%,3243,0.1773661507231667,0,Not Recommended,0.20 to 0.39,20% to 39%,36,services,married,basic.9y,cellular,nov,2,0,nonexistent,0,0,0,0,0,0,0
test_001816,test,0,Did Not Subscribe,0.20256682,2026,20.26%,3244,0.1771124080182694,0,Not Recommended,0.20 to 0.39,20% to 39%,33,blue-collar,married,high.school,cellular,may,5,1,failure,0,0,0,0,0,0,0
test_002885,test,0,Did Not Subscribe,0.20254318,2025,20.25%,3245,0.1768586653133722,0,Not Recommended,0.20 to 0.39,20% to 39%,39,admin.,married,high.school,telephone,jun,5,0,nonexistent,0,0,0,0,0,0,0
test_003542,test,0,Did Not Subscribe,0.20240662,2024,20.24%,3246,0.176604922608475,0,Not Recommended,0.20 to 0.39,20% to 39%,48,management,divorced,university.degree,telephone,may,2,0,nonexistent,0,0,0,0,0,0,0
test_001937,test,0,Did Not Subscribe,0.2022441,2022,20.22%,3247,0.1763511799035777,0,Not Recommended,0.20 to 0.39,20% to 39%,32,admin.,single,university.degree,telephone,may,1,0,nonexistent,0,0,0,0,0,0,0
test_001331,test,0,Did Not Subscribe,0.20218217,2022,20.22%,3248,0.1760974371986805,0,Not Recommended,0.20 to 0.39,20% to 39%,40,blue-collar,married,basic.6y,telephone,may,3,0,nonexistent,0,0,0,0,0,0,0
test_002175,test,0,Did Not Subscribe,0.20211822,2021,20.21%,3249,0.1758436944937833,0,Not Recommended,0.20 to 0.39,20% to 39%,30,admin.,single,high.school,telephone,jun,1,0,nonexistent,0,0,0,0,0,0,0
test_003762,test,0,Did Not Subscribe,0.20205283,2021,20.21%,3250,0.175589951788886,0,Not Recommended,0.20 to 0.39,20% to 39%,33,technician,married,professional.course,telephone,may,1,0,nonexistent,0,0,0,0,0,0,0
test_003921,test,0,Did Not Subscribe,0.20192778,2019,20.19%,3251,0.1753362090839888,0,Not Recommended,0.20 to 0.39,20% to 39%,55,blue-collar,married,basic.9y,telephone,may,1,0,nonexistent,0,0,0,0,0,0,0
test_000346,test,0,Did Not Subscribe,0.20191191,2019,20.19%,3252,0.1750824663790916,0,Not Recommended,0.20 to 0.39,20% to 39%,43,technician,married,professional.course,telephone,may,1,0,nonexistent,0,0,0,0,0,0,0
test_003004,test,0,Did Not Subscribe,0.20181033,2018,20.18%,3253,0.1748287236741943,0,Not Recommended,0.20 to 0.39,20% to 39%,50,services,divorced,basic.4y,telephone,may,1,0,nonexistent,0,0,0,0,0,0,0
test_001995,test,0,Did Not Subscribe,0.20175938,2018,20.18%,3254,0.1745749809692971,0,Not Recommended,0.20 to 0.39,20% to 39%,50,management,married,university.degree,cellular,jul,1,0,nonexistent,0,0,0,0,0,0,0
test_000485,test,0,Did Not Subscribe,0.2017036,2017,20.17%,3255,0.1743212382643999,0,Not Recommended,0.20 to 0.39,20% to 39%,53,admin.,single,university.degree,telephone,may,2,0,nonexistent,0,0,0,0,0,0,0
test_000671,test,0,Did Not Subscribe,0.20156401,2016,20.16%,3256,0.1740674955595026,0,Not Recommended,0.20 to 0.39,20% to 39%,41,admin.,divorced,high.school,telephone,may,6,0,nonexistent,0,0,0,0,0,0,0
test_002084,test,0,Did Not Subscribe,0.20150703,2015,20.15%,3257,0.1738137528546054,0,Not Recommended,0.20 to 0.39,20% to 39%,29,admin.,married,high.school,telephone,may,1,0,nonexistent,0,0,0,0,0,0,0
test_000750,test,0,Did Not Subscribe,0.20140688,2014,20.14%,3258,0.1735600101497082,0,Not Recommended,0.20 to 0.39,20% to 39%,30,admin.,divorced,university.degree,telephone,may,3,0,nonexistent,0,0,0,0,0,0,0
test_003049,test,0,Did Not Subscribe,0.20138054,2014,20.14%,3259,0.1733062674448109,0,Not Recommended,0.20 to 0.39,20% to 39%,53,blue-collar,married,basic.9y,telephone,may,1,0,nonexistent,0,0,0,0,0,0,0
test_002354,test,0,Did Not Subscribe,0.2013684,2014,20.14%,3260,0.1730525247399137,0,Not Recommended,0.20 to 0.39,20% to 39%,43,admin.,married,university.degree,telephone,may,1,0,nonexistent,0,0,0,0,0,0,0
test_000313,test,0,Did Not Subscribe,0.20133534,2013,20.13%,3261,0.1727987820350165,0,Not Recommended,0.20 to 0.39,20% to 39%,58,blue-collar,married,basic.4y,telephone,may,1,0,nonexistent,0,0,0,0,0,0,0
test_003528,test,0,Did Not Subscribe,0.20129608,2013,20.13%,3262,0.1725450393301192,0,Not Recommended,0.20 to 0.39,20% to 39%,30,admin.,married,university.degree,telephone,may,2,0,nonexistent,0,0,0,0,0,0,0
test_001325,test,0,Did Not Subscribe,0.2011342,2011,20.11%,3263,0.172291296625222,0,Not Recommended,0.20 to 0.39,20% to 39%,42,services,married,professional.course,telephone,may,2,0,nonexistent,0,0,0,0,0,0,0
test_001514,test,1,Subscribed,0.20108087,2011,20.11%,3264,0.1720375539203248,0,Not Recommended,0.20 to 0.39,20% to 39%,31,unemployed,divorced,basic.4y,telephone,jun,1,0,nonexistent,0,0,0,0,0,0,0
test_003417,test,0,Did Not Subscribe,0.20106679,2011,20.11%,3265,0.1717838112154275,0,Not Recommended,0.20 to 0.39,20% to 39%,38,housemaid,married,high.school,telephone,jul,1,0,nonexistent,0,0,0,0,0,0,0
test_001829,test,0,Did Not Subscribe,0.2009459,2009,20.09%,3266,0.1715300685105303,0,Not Recommended,0.20 to 0.39,20% to 39%,29,services,married,high.school,telephone,may,6,0,nonexistent,0,0,0,0,0,0,0
test_000433,test,0,Did Not Subscribe,0.20073189,2007,20.07%,3267,0.1712763258056331,0,Not Recommended,0.20 to 0.39,20% to 39%,43,blue-collar,married,basic.9y,telephone,may,1,0,nonexistent,0,0,0,0,0,0,0
test_000249,test,0,Did Not Subscribe,0.2003749,2004,20.04%,3268,0.1710225831007358,0,Not Recommended,0.20 to 0.39,20% to 39%,36,blue-collar,married,basic.6y,telephone,may,2,0,nonexistent,0,0,0,0,0,0,0
test_000980,test,1,Subscribed,0.2003477,2003,20.03%,3269,0.1707688403958386,0,Not Recommended,0.20 to 0.39,20% to 39%,34,blue-collar,married,basic.6y,telephone,may,2,0,nonexistent,0,0,0,0,0,0,0
test_002143,test,0,Did Not Subscribe,0.2002708,2003,20.03%,3270,0.1705150976909414,0,Not Recommended,0.20 to 0.39,20% to 39%,38,blue-collar,single,university.degree,telephone,may,1,0,nonexistent,0,0,0,0,0,0,0
test_003759,test,0,Did Not Subscribe,0.20023072,2002,20.02%,3271,0.1702613549860441,0,Not Recommended,0.20 to 0.39,20% to 39%,38,admin.,single,university.degree,telephone,may,4,0,nonexistent,0,0,0,0,0,0,0
test_003280,test,0,Did Not Subscribe,0.20022343,2002,20.02%,3272,0.1700076122811469,0,Not Recommended,0.20 to 0.39,20% to 39%,40,admin.,married,university.degree,telephone,jun,6,0,nonexistent,0,0,0,0,0,0,0
test_002481,test,0,Did Not Subscribe,0.20020875,2002,20.02%,3273,0.1697538695762497,0,Not Recommended,0.20 to 0.39,20% to 39%,30,technician,single,university.degree,cellular,aug,13,0,nonexistent,0,0,0,0,0,0,0
test_003487,test,0,Did Not Subscribe,0.20008557,2001,20.01%,3274,0.1695001268713524,0,Not Recommended,0.20 to 0.39,20% to 39%,42,blue-collar,married,basic.6y,telephone,may,3,0,nonexistent,0,0,0,0,0,0,0
test_001955,test,0,Did Not Subscribe,0.20006396,2001,20.01%,3275,0.1692463841664552,0,Not Recommended,0.20 to 0.39,20% to 39%,41,blue-collar,married,basic.4y,telephone,jun,2,0,nonexistent,0,0,0,0,0,0,0
test_001934,test,0,Did Not Subscribe,0.20001039,2000,20.00%,3276,0.168992641461558,0,Not Recommended,0.20 to 0.39,20% to 39%,37,technician,married,professional.course,telephone,may,1,0,nonexistent,0,0,0,0,0,0,0
test_002125,test,0,Did Not Subscribe,0.19998705,2000,20.00%,3277,0.1687388987566607,0,Not Recommended,0.00 to 0.19,0% to 19%,33,self-employed,single,university.degree,telephone,may,1,0,nonexistent,0,0,0,0,0,0,0
test_000983,test,0,Did Not Subscribe,0.1996238,1996,19.96%,3278,0.1684851560517635,0,Not Recommended,0.00 to 0.19,0% to 19%,54,management,divorced,university.degree,telephone,jun,1,0,nonexistent,0,0,0,0,0,0,0
test_002882,test,0,Did Not Subscribe,0.19941662,1994,19.94%,3279,0.1682314133468663,0,Not Recommended,0.00 to 0.19,0% to 19%,56,technician,divorced,professional.course,telephone,jul,4,0,nonexistent,0,0,0,0,0,0,0
test_000216,test,0,Did Not Subscribe,0.19940145,1994,19.94%,3280,0.167977670641969,0,Not Recommended,0.00 to 0.19,0% to 19%,32,management,single,university.degree,telephone,may,2,0,nonexistent,0,0,0,0,0,0,0
test_003521,test,0,Did Not Subscribe,0.1993397,1993,19.93%,3281,0.1677239279370718,0,Not Recommended,0.00 to 0.19,0% to 19%,46,self-employed,married,basic.9y,telephone,jun,1,0,nonexistent,0,0,0,0,0,0,0
test_000096,test,0,Did Not Subscribe,0.19923547,1992,19.92%,3282,0.1674701852321746,0,Not Recommended,0.00 to 0.19,0% to 19%,33,management,married,high.school,telephone,may,1,0,nonexistent,0,0,0,0,0,0,0
test_001882,test,0,Did Not Subscribe,0.19911698,1991,19.91%,3283,0.1672164425272773,0,Not Recommended,0.00 to 0.19,0% to 19%,40,blue-collar,married,basic.6y,telephone,may,5,0,nonexistent,0,0,0,0,0,0,0
test_003786,test,0,Did Not Subscribe,0.19892527,1989,19.89%,3284,0.1669626998223801,0,Not Recommended,0.00 to 0.19,0% to 19%,41,admin.,single,university.degree,telephone,may,2,0,nonexistent,0,0,0,0,0,0,0
test_002085,test,0,Did Not Subscribe,0.19891837,1989,19.89%,3285,0.1667089571174829,0,Not Recommended,0.00 to 0.19,0% to 19%,50,admin.,single,university.degree,cellular,nov,2,1,failure,0,0,0,0,0,0,0
test_001114,test,0,Did Not Subscribe,0.19884692,1988,19.88%,3286,0.1664552144125856,0,Not Recommended,0.00 to 0.19,0% to 19%,49,management,divorced,university.degree,telephone,jun,2,0,nonexistent,0,0,0,0,0,0,0
test_000810,test,0,Did Not Subscribe,0.19856551,1986,19.86%,3287,0.1662014717076884,0,Not Recommended,0.00 to 0.19,0% to 19%,57,services,married,high.school,telephone,jun,1,0,nonexistent,0,0,0,0,0,0,0
test_000528,test,0,Did Not Subscribe,0.19855638,1986,19.86%,3288,0.1659477290027912,0,Not Recommended,0.00 to 0.19,0% to 19%,57,management,married,university.degree,telephone,may,1,0,nonexistent,0,0,0,0,0,0,0
test_000154,test,0,Did Not Subscribe,0.19855368,1986,19.86%,3289,0.1656939862978939,0,Not Recommended,0.00 to 0.19,0% to 19%,38,blue-collar,married,basic.9y,telephone,may,2,0,nonexistent,0,0,0,0,0,0,0
test_000301,test,0,Did Not Subscribe,0.19832787,1983,19.83%,3290,0.1654402435929967,0,Not Recommended,0.00 to 0.19,0% to 19%,53,admin.,married,university.degree,telephone,may,1,0,nonexistent,0,0,0,0,0,0,0
test_000894,test,0,Did Not Subscribe,0.19830236,1983,19.83%,3291,0.1651865008880995,0,Not Recommended,0.00 to 0.19,0% to 19%,36,management,single,university.degree,telephone,may,3,0,nonexistent,0,0,0,0,0,0,0
test_002269,test,0,Did Not Subscribe,0.19814003,1981,19.81%,3292,0.1649327581832022,0,Not Recommended,0.00 to 0.19,0% to 19%,52,entrepreneur,married,university.degree,telephone,may,1,0,nonexistent,0,0,0,0,0,0,0
test_001728,test,0,Did Not Subscribe,0.19810958,1981,19.81%,3293,0.164679015478305,0,Not Recommended,0.00 to 0.19,0% to 19%,40,management,married,university.degree,telephone,may,1,0,nonexistent,0,0,0,0,0,0,0
test_003894,test,0,Did Not Subscribe,0.19797277,1980,19.80%,3294,0.1644252727734078,0,Not Recommended,0.00 to 0.19,0% to 19%,31,admin.,married,high.school,telephone,may,1,0,nonexistent,0,0,0,0,0,0,0
test_002639,test,0,Did Not Subscribe,0.19793618,1979,19.79%,3295,0.1641715300685104,0,Not Recommended,0.00 to 0.19,0% to 19%,50,entrepreneur,married,basic.9y,telephone,may,6,0,nonexistent,0,0,0,0,0,0,0
test_001510,test,0,Did Not Subscribe,0.19793366,1979,19.79%,3296,0.1639177873636133,0,Not Recommended,0.00 to 0.19,0% to 19%,37,blue-collar,married,high.school,telephone,jun,4,0,nonexistent,0,0,0,0,0,0,0
test_002553,test,0,Did Not Subscribe,0.19784273,1978,19.78%,3297,0.1636640446587161,0,Not Recommended,0.00 to 0.19,0% to 19%,47,management,married,university.degree,telephone,may,3,0,nonexistent,0,0,0,0,0,0,0
test_003070,test,0,Did Not Subscribe,0.19763616,1976,19.76%,3298,0.1634103019538187,0,Not Recommended,0.00 to 0.19,0% to 19%,32,admin.,divorced,university.degree,telephone,may,2,0,nonexistent,0,0,0,0,0,0,0
test_003559,test,0,Did Not Subscribe,0.19755057,1976,19.76%,3299,0.1631565592489215,0,Not Recommended,0.00 to 0.19,0% to 19%,40,technician,married,basic.9y,telephone,may,2,0,nonexistent,0,0,0,0,0,0,0
test_000583,test,0,Did Not Subscribe,0.19754972,1975,19.75%,3300,0.1629028165440244,0,Not Recommended,0.00 to 0.19,0% to 19%,35,self-employed,married,university.degree,telephone,may,4,0,nonexistent,0,0,0,0,0,0,0
test_003253,test,0,Did Not Subscribe,0.19742803,1974,19.74%,3301,0.162649073839127,0,Not Recommended,0.00 to 0.19,0% to 19%,54,retired,married,high.school,telephone,may,1,0,nonexistent,0,0,0,0,0,0,0
test_003265,test,0,Did Not Subscribe,0.19742534,1974,19.74%,3302,0.1623953311342298,0,Not Recommended,0.00 to 0.19,0% to 19%,46,housemaid,single,university.degree,cellular,jul,3,0,nonexistent,0,0,0,0,0,0,0
test_001629,test,0,Did Not Subscribe,0.19737877,1974,19.74%,3303,0.1621415884293326,0,Not Recommended,0.00 to 0.19,0% to 19%,49,technician,married,professional.course,telephone,nov,1,0,nonexistent,0,0,0,0,0,0,0
test_003570,test,0,Did Not Subscribe,0.19729203,1973,19.73%,3304,0.1618878457244353,0,Not Recommended,0.00 to 0.19,0% to 19%,35,entrepreneur,single,basic.9y,cellular,nov,2,0,nonexistent,0,0,0,0,0,0,0
test_000650,test,0,Did Not Subscribe,0.19722329,1972,19.72%,3305,0.1616341030195381,0,Not Recommended,0.00 to 0.19,0% to 19%,51,blue-collar,married,basic.9y,telephone,may,5,0,nonexistent,0,0,0,0,0,0,0
test_001405,test,0,Did Not Subscribe,0.19719858,1972,19.72%,3306,0.1613803603146409,0,Not Recommended,0.00 to 0.19,0% to 19%,33,blue-collar,married,high.school,telephone,may,1,0,nonexistent,0,0,0,0,0,0,0
test_002727,test,0,Did Not Subscribe,0.1971856,1972,19.72%,3307,0.1611266176097436,0,Not Recommended,0.00 to 0.19,0% to 19%,35,services,single,high.school,telephone,may,1,0,nonexistent,0,0,0,0,0,0,0
test_003383,test,0,Did Not Subscribe,0.19704548,1970,19.70%,3308,0.1608728749048464,0,Not Recommended,0.00 to 0.19,0% to 19%,35,admin.,married,basic.9y,telephone,jun,3,0,nonexistent,0,0,0,0,0,0,0
test_003064,test,0,Did Not Subscribe,0.19699433,1970,19.70%,3309,0.1606191321999492,0,Not Recommended,0.00 to 0.19,0% to 19%,41,admin.,married,basic.6y,telephone,may,2,0,nonexistent,0,0,0,0,0,0,0
test_002247,test,0,Did Not Subscribe,0.19686873,1969,19.69%,3310,0.1603653894950519,0,Not Recommended,0.00 to 0.19,0% to 19%,36,blue-collar,married,basic.9y,telephone,jun,1,0,nonexistent,0,0,0,0,0,0,0
test_001796,test,0,Did Not Subscribe,0.19680229,1968,19.68%,3311,0.1601116467901547,0,Not Recommended,0.00 to 0.19,0% to 19%,55,housemaid,married,professional.course,telephone,jun,2,0,nonexistent,0,0,0,0,0,0,0
test_003483,test,0,Did Not Subscribe,0.19677229,1968,19.68%,3312,0.1598579040852575,0,Not Recommended,0.00 to 0.19,0% to 19%,42,technician,married,high.school,telephone,may,6,0,nonexistent,0,0,0,0,0,0,0
test_003021,test,1,Subscribed,0.19676232,1968,19.68%,3313,0.1596041613803602,0,Not Recommended,0.00 to 0.19,0% to 19%,46,admin.,divorced,university.degree,telephone,may,1,0,nonexistent,0,0,0,0,0,0,0
test_001453,test,0,Did Not Subscribe,0.19675623,1968,19.68%,3314,0.159350418675463,0,Not Recommended,0.00 to 0.19,0% to 19%,32,services,married,high.school,telephone,may,1,0,nonexistent,0,0,0,0,0,0,0
test_002207,test,0,Did Not Subscribe,0.19675589,1968,19.68%,3315,0.1590966759705658,0,Not Recommended,0.00 to 0.19,0% to 19%,54,blue-collar,married,unknown,telephone,may,2,0,nonexistent,0,0,0,0,0,0,0
test_002253,test,0,Did Not Subscribe,0.19670767,1967,19.67%,3316,0.1588429332656685,0,Not Recommended,0.00 to 0.19,0% to 19%,30,technician,married,basic.9y,telephone,may,7,0,nonexistent,0,0,0,0,0,0,0
test_003621,test,0,Did Not Subscribe,0.19656985,1966,19.66%,3317,0.1585891905607713,0,Not Recommended,0.00 to 0.19,0% to 19%,45,management,married,basic.9y,telephone,may,4,0,nonexistent,0,0,0,0,0,0,0
test_000780,test,0,Did Not Subscribe,0.1965629,1966,19.66%,3318,0.1583354478558741,0,Not Recommended,0.00 to 0.19,0% to 19%,44,management,divorced,university.degree,telephone,may,1,0,nonexistent,0,0,0,0,0,0,0
test_003306,test,0,Did Not Subscribe,0.19647036,1965,19.65%,3319,0.1580817051509768,0,Not Recommended,0.00 to 0.19,0% to 19%,34,admin.,single,university.degree,telephone,may,1,0,nonexistent,0,0,0,0,0,0,0
test_002226,test,0,Did Not Subscribe,0.19638985,1964,19.64%,3320,0.1578279624460796,0,Not Recommended,0.00 to 0.19,0% to 19%,36,admin.,married,university.degree,telephone,may,1,0,nonexistent,0,0,0,0,0,0,0
test_002836,test,0,Did Not Subscribe,0.1963483,1963,19.63%,3321,0.1575742197411824,0,Not Recommended,0.00 to 0.19,0% to 19%,54,admin.,married,basic.9y,cellular,nov,2,0,nonexistent,0,0,0,0,0,0,0
test_003294,test,0,Did Not Subscribe,0.19633593,1963,19.63%,3322,0.1573204770362851,0,Not Recommended,0.00 to 0.19,0% to 19%,51,services,married,high.school,telephone,jun,1,0,nonexistent,0,0,0,0,0,0,0
test_000612,test,0,Did Not Subscribe,0.1961877,1962,19.62%,3323,0.1570667343313879,0,Not Recommended,0.00 to 0.19,0% to 19%,30,services,married,high.school,telephone,may,1,0,nonexistent,0,0,0,0,0,0,0
test_001013,test,0,Did Not Subscribe,0.19608079,1961,19.61%,3324,0.1568129916264907,0,Not Recommended,0.00 to 0.19,0% to 19%,30,blue-collar,single,basic.4y,telephone,may,1,0,nonexistent,0,0,0,0,0,0,0
test_000257,test,0,Did Not Subscribe,0.19593379,1959,19.59%,3325,0.1565592489215934,0,Not Recommended,0.00 to 0.19,0% to 19%,58,services,married,high.school,telephone,jun,13,0,nonexistent,0,0,0,0,0,0,0
test_001424,test,0,Did Not Subscribe,0.19574492,1957,19.57%,3326,0.1563055062166962,0,Not Recommended,0.00 to 0.19,0% to 19%,40,services,married,high.school,telephone,jun,1,0,nonexistent,0,0,0,0,0,0,0
test_001359,test,0,Did Not Subscribe,0.19568726,1957,19.57%,3327,0.156051763511799,0,Not Recommended,0.00 to 0.19,0% to 19%,46,blue-collar,unknown,unknown,cellular,may,7,0,nonexistent,0,0,0,0,0,0,0
test_002723,test,0,Did Not Subscribe,0.1956622,1957,19.57%,3328,0.1557980208069017,0,Not Recommended,0.00 to 0.19,0% to 19%,29,services,married,high.school,telephone,may,1,0,nonexistent,0,0,0,0,0,0,0
test_001846,test,0,Did Not Subscribe,0.19546999,1955,19.55%,3329,0.1555442781020045,0,Not Recommended,0.00 to 0.19,0% to 19%,39,blue-collar,married,professional.course,telephone,may,5,0,nonexistent,0,0,0,0,0,0,0
test_000654,test,0,Did Not Subscribe,0.19540007,1954,19.54%,3330,0.1552905353971073,0,Not Recommended,0.00 to 0.19,0% to 19%,41,services,divorced,basic.9y,telephone,may,3,0,nonexistent,0,0,0,0,0,0,0
test_001010,test,0,Did Not Subscribe,0.19539161,1954,19.54%,3331,0.15503679269221,0,Not Recommended,0.00 to 0.19,0% to 19%,51,entrepreneur,married,professional.course,cellular,may,1,1,failure,0,0,0,0,0,0,0
test_000408,test,0,Did Not Subscribe,0.19538467,1954,19.54%,3332,0.1547830499873128,0,Not Recommended,0.00 to 0.19,0% to 19%,30,technician,single,professional.course,telephone,may,1,0,nonexistent,0,0,0,0,0,0,0
test_002560,test,0,Did Not Subscribe,0.19536762,1954,19.54%,3333,0.1545293072824156,0,Not Recommended,0.00 to 0.19,0% to 19%,43,management,married,professional.course,telephone,may,3,0,nonexistent,0,0,0,0,0,0,0
test_002388,test,0,Did Not Subscribe,0.19535694,1954,19.54%,3334,0.1542755645775183,0,Not Recommended,0.00 to 0.19,0% to 19%,59,retired,married,university.degree,telephone,may,4,0,nonexistent,0,0,0,0,0,0,0
test_002470,test,0,Did Not Subscribe,0.19521272,1952,19.52%,3335,0.1540218218726211,0,Not Recommended,0.00 to 0.19,0% to 19%,51,admin.,married,basic.6y,telephone,may,1,0,nonexistent,0,0,0,0,0,0,0
test_002177,test,0,Did Not Subscribe,0.19515271,1952,19.52%,3336,0.1537680791677239,0,Not Recommended,0.00 to 0.19,0% to 19%,40,technician,married,basic.9y,telephone,may,3,0,nonexistent,0,0,0,0,0,0,0
test_002214,test,0,Did Not Subscribe,0.19500378,1950,19.50%,3337,0.1535143364628266,0,Not Recommended,0.00 to 0.19,0% to 19%,30,admin.,married,high.school,telephone,jun,2,0,nonexistent,0,0,0,0,0,0,0
test_003888,test,0,Did Not Subscribe,0.1949856,1950,19.50%,3338,0.1532605937579294,0,Not Recommended,0.00 to 0.19,0% to 19%,30,services,married,high.school,telephone,jun,1,0,nonexistent,0,0,0,0,0,0,0
test_000207,test,0,Did Not Subscribe,0.1947237,1947,19.47%,3339,0.1530068510530322,0,Not Recommended,0.00 to 0.19,0% to 19%,39,blue-collar,married,basic.4y,telephone,may,4,0,nonexistent,0,0,0,0,0,0,0
test_002784,test,0,Did Not Subscribe,0.19469988,1947,19.47%,3340,0.1527531083481349,0,Not Recommended,0.00 to 0.19,0% to 19%,54,admin.,married,university.degree,telephone,may,1,0,nonexistent,0,0,0,0,0,0,0
test_002910,test,0,Did Not Subscribe,0.19453174,1945,19.45%,3341,0.1524993656432377,0,Not Recommended,0.00 to 0.19,0% to 19%,59,technician,divorced,professional.course,telephone,may,2,0,nonexistent,0,0,0,0,0,0,0
test_000325,test,0,Did Not Subscribe,0.19445126,1945,19.45%,3342,0.1522456229383405,0,Not Recommended,0.00 to 0.19,0% to 19%,43,technician,married,professional.course,telephone,may,1,0,nonexistent,0,0,0,0,0,0,0
test_003164,test,0,Did Not Subscribe,0.19441107,1944,19.44%,3343,0.1519918802334433,0,Not Recommended,0.00 to 0.19,0% to 19%,39,entrepreneur,married,high.school,telephone,may,5,0,nonexistent,0,0,0,0,0,0,0
test_002236,test,0,Did Not Subscribe,0.1944071,1944,19.44%,3344,0.151738137528546,0,Not Recommended,0.00 to 0.19,0% to 19%,52,admin.,married,university.degree,telephone,may,1,0,nonexistent,0,0,0,0,0,0,0
test_002732,test,0,Did Not Subscribe,0.19424304,1942,19.42%,3345,0.1514843948236488,0,Not Recommended,0.00 to 0.19,0% to 19%,52,management,married,professional.course,telephone,may,1,0,nonexistent,0,0,0,0,0,0,0
test_003089,test,0,Did Not Subscribe,0.19421598,1942,19.42%,3346,0.1512306521187516,0,Not Recommended,0.00 to 0.19,0% to 19%,52,self-employed,married,basic.4y,telephone,jun,1,0,nonexistent,0,0,0,0,0,0,0
test_003470,test,0,Did Not Subscribe,0.19420333,1942,19.42%,3347,0.1509769094138543,0,Not Recommended,0.00 to 0.19,0% to 19%,52,admin.,married,basic.4y,cellular,nov,3,0,nonexistent,0,0,0,0,0,0,0
test_003505,test,0,Did Not Subscribe,0.19420315,1942,19.42%,3348,0.1507231667089571,0,Not Recommended,0.00 to 0.19,0% to 19%,37,blue-collar,married,basic.4y,telephone,may,1,0,nonexistent,0,0,0,0,0,0,0
test_001768,test,0,Did Not Subscribe,0.19417255,1942,19.42%,3349,0.1504694240040599,0,Not Recommended,0.00 to 0.19,0% to 19%,46,admin.,married,professional.course,telephone,may,1,0,nonexistent,0,0,0,0,0,0,0
test_000766,test,0,Did Not Subscribe,0.19408336,1941,19.41%,3350,0.1502156812991626,0,Not Recommended,0.00 to 0.19,0% to 19%,44,self-employed,married,university.degree,telephone,may,1,0,nonexistent,0,0,0,0,0,0,0
test_000950,test,0,Did Not Subscribe,0.19398408,1940,19.40%,3351,0.1499619385942654,0,Not Recommended,0.00 to 0.19,0% to 19%,32,self-employed,divorced,professional.course,telephone,jun,3,0,nonexistent,0,0,0,0,0,0,0
test_003783,test,0,Did Not Subscribe,0.19386312,1939,19.39%,3352,0.1497081958893682,0,Not Recommended,0.00 to 0.19,0% to 19%,48,admin.,single,university.degree,telephone,jul,4,0,nonexistent,0,0,0,0,0,0,0
test_002786,test,0,Did Not Subscribe,0.19368635,1937,19.37%,3353,0.1494544531844709,0,Not Recommended,0.00 to 0.19,0% to 19%,43,admin.,single,high.school,telephone,may,5,0,nonexistent,0,0,0,0,0,0,0
test_001137,test,0,Did Not Subscribe,0.19364746,1936,19.36%,3354,0.1492007104795737,0,Not Recommended,0.00 to 0.19,0% to 19%,40,services,single,high.school,telephone,jun,1,0,nonexistent,0,0,0,0,0,0,0
test_002398,test,0,Did Not Subscribe,0.19360666,1936,19.36%,3355,0.1489469677746765,0,Not Recommended,0.00 to 0.19,0% to 19%,32,blue-collar,married,basic.6y,telephone,may,4,0,nonexistent,0,0,0,0,0,0,0
test_002099,test,0,Did Not Subscribe,0.19337597,1934,19.34%,3356,0.1486932250697792,0,Not Recommended,0.00 to 0.19,0% to 19%,34,unemployed,married,high.school,cellular,nov,2,1,failure,0,0,0,0,0,0,0
test_002424,test,0,Did Not Subscribe,0.19330978,1933,19.33%,3357,0.148439482364882,0,Not Recommended,0.00 to 0.19,0% to 19%,30,blue-collar,married,basic.4y,telephone,may,4,0,nonexistent,0,0,0,0,0,0,0
test_002346,test,0,Did Not Subscribe,0.19326769,1933,19.33%,3358,0.1481857396599848,0,Not Recommended,0.00 to 0.19,0% to 19%,54,management,divorced,university.degree,telephone,may,4,0,nonexistent,0,0,0,0,0,0,0
test_002376,test,0,Did Not Subscribe,0.19320817,1932,19.32%,3359,0.1479319969550875,0,Not Recommended,0.00 to 0.19,0% to 19%,24,blue-collar,married,basic.9y,telephone,may,2,0,nonexistent,0,0,0,0,0,0,0
test_002399,test,0,Did Not Subscribe,0.19317174,1932,19.32%,3360,0.1476782542501903,0,Not Recommended,0.00 to 0.19,0% to 19%,35,blue-collar,married,basic.9y,telephone,may,2,0,nonexistent,0,0,0,0,0,0,0
test_003865,test,0,Did Not Subscribe,0.1930391,1930,19.30%,3361,0.1474245115452931,0,Not Recommended,0.00 to 0.19,0% to 19%,39,technician,married,professional.course,telephone,may,3,0,nonexistent,0,0,0,0,0,0,0
test_003278,test,0,Did Not Subscribe,0.19293445,1929,19.29%,3362,0.1471707688403958,0,Not Recommended,0.00 to 0.19,0% to 19%,30,technician,married,university.degree,telephone,may,4,0,nonexistent,0,0,0,0,0,0,0
test_000972,test,0,Did Not Subscribe,0.1929114,1929,19.29%,3363,0.1469170261354986,0,Not Recommended,0.00 to 0.19,0% to 19%,33,technician,married,professional.course,cellular,may,7,1,failure,0,0,0,0,0,0,0
test_000893,test,0,Did Not Subscribe,0.19276232,1928,19.28%,3364,0.1466632834306014,0,Not Recommended,0.00 to 0.19,0% to 19%,44,services,divorced,high.school,telephone,jul,1,0,nonexistent,0,0,0,0,0,0,0
test_001308,test,0,Did Not Subscribe,0.19275329,1928,19.28%,3365,0.1464095407257041,0,Not Recommended,0.00 to 0.19,0% to 19%,27,blue-collar,married,basic.9y,telephone,may,2,0,nonexistent,0,0,0,0,0,0,0
test_002372,test,0,Did Not Subscribe,0.1925097,1925,19.25%,3366,0.1461557980208069,0,Not Recommended,0.00 to 0.19,0% to 19%,41,self-employed,married,basic.6y,telephone,aug,15,0,nonexistent,0,0,0,0,0,0,0
test_001156,test,0,Did Not Subscribe,0.19250755,1925,19.25%,3367,0.1459020553159097,0,Not Recommended,0.00 to 0.19,0% to 19%,35,admin.,single,university.degree,telephone,may,1,0,nonexistent,0,0,0,0,0,0,0
test_003515,test,0,Did Not Subscribe,0.19239895,1924,19.24%,3368,0.1456483126110124,0,Not Recommended,0.00 to 0.19,0% to 19%,37,admin.,divorced,university.degree,telephone,jun,1,0,nonexistent,0,0,0,0,0,0,0
test_002514,test,0,Did Not Subscribe,0.19238669,1924,19.24%,3369,0.1453945699061152,0,Not Recommended,0.00 to 0.19,0% to 19%,56,retired,married,basic.6y,telephone,may,3,0,nonexistent,0,0,0,0,0,0,0
test_002612,test,0,Did Not Subscribe,0.19227232,1923,19.23%,3370,0.145140827201218,0,Not Recommended,0.00 to 0.19,0% to 19%,37,admin.,married,high.school,telephone,jun,3,0,nonexistent,0,0,0,0,0,0,0
test_003674,test,0,Did Not Subscribe,0.19223611,1922,19.22%,3371,0.1448870844963207,0,Not Recommended,0.00 to 0.19,0% to 19%,36,technician,single,university.degree,telephone,may,4,0,nonexistent,0,0,0,0,0,0,0
test_001123,test,0,Did Not Subscribe,0.1920573,1921,19.21%,3372,0.1446333417914235,0,Not Recommended,0.00 to 0.19,0% to 19%,44,technician,single,basic.6y,telephone,jun,9,0,nonexistent,0,0,0,0,0,0,0
test_001115,test,0,Did Not Subscribe,0.19203512,1920,19.20%,3373,0.1443795990865263,0,Not Recommended,0.00 to 0.19,0% to 19%,38,blue-collar,single,basic.9y,telephone,may,1,0,nonexistent,0,0,0,0,0,0,0
test_002458,test,0,Did Not Subscribe,0.1920122,1920,19.20%,3374,0.144125856381629,0,Not Recommended,0.00 to 0.19,0% to 19%,25,services,single,high.school,telephone,may,1,0,nonexistent,0,0,0,0,0,0,0
test_003903,test,0,Did Not Subscribe,0.19188476,1919,19.19%,3375,0.1438721136767318,0,Not Recommended,0.00 to 0.19,0% to 19%,54,management,divorced,university.degree,telephone,may,2,0,nonexistent,0,0,0,0,0,0,0
test_001542,test,0,Did Not Subscribe,0.19183856,1918,19.18%,3376,0.1436183709718346,0,Not Recommended,0.00 to 0.19,0% to 19%,27,unknown,single,high.school,cellular,may,1,1,failure,0,0,0,0,0,0,0
test_001098,test,0,Did Not Subscribe,0.19156738,1916,19.16%,3377,0.1433646282669373,0,Not Recommended,0.00 to 0.19,0% to 19%,33,management,married,university.degree,telephone,may,1,0,nonexistent,0,0,0,0,0,0,0
test_000273,test,0,Did Not Subscribe,0.19152334,1915,19.15%,3378,0.1431108855620401,0,Not Recommended,0.00 to 0.19,0% to 19%,51,entrepreneur,divorced,university.degree,telephone,may,2,0,nonexistent,0,0,0,0,0,0,0
test_003901,test,0,Did Not Subscribe,0.19142064,1914,19.14%,3379,0.1428571428571429,0,Not Recommended,0.00 to 0.19,0% to 19%,48,technician,married,professional.course,telephone,jun,3,0,nonexistent,0,0,0,0,0,0,0
test_001259,test,0,Did Not Subscribe,0.19139488,1914,19.14%,3380,0.1426034001522456,0,Not Recommended,0.00 to 0.19,0% to 19%,51,blue-collar,married,basic.4y,telephone,may,4,0,nonexistent,0,0,0,0,0,0,0
test_000551,test,0,Did Not Subscribe,0.19138284,1914,19.14%,3381,0.1423496574473484,0,Not Recommended,0.00 to 0.19,0% to 19%,23,blue-collar,married,basic.9y,telephone,may,1,0,nonexistent,0,0,0,0,0,0,0
test_000042,test,0,Did Not Subscribe,0.19131203,1913,19.13%,3382,0.1420959147424512,0,Not Recommended,0.00 to 0.19,0% to 19%,44,services,married,high.school,telephone,may,1,0,nonexistent,0,0,0,0,0,0,0
test_000319,test,0,Did Not Subscribe,0.19127968,1913,19.13%,3383,0.1418421720375539,0,Not Recommended,0.00 to 0.19,0% to 19%,42,admin.,married,university.degree,cellular,nov,2,0,nonexistent,0,0,0,0,0,0,0
test_000920,test,1,Subscribed,0.1912205,1912,19.12%,3384,0.1415884293326567,0,Not Recommended,0.00 to 0.19,0% to 19%,46,student,single,unknown,telephone,jul,4,0,nonexistent,0,0,0,0,0,0,0
test_001594,test,0,Did Not Subscribe,0.19103688,1910,19.10%,3385,0.1413346866277595,0,Not Recommended,0.00 to 0.19,0% to 19%,49,technician,married,professional.course,telephone,jun,1,0,nonexistent,0,0,0,0,0,0,0
test_003463,test,0,Did Not Subscribe,0.19098406,1910,19.10%,3386,0.1410809439228622,0,Not Recommended,0.00 to 0.19,0% to 19%,24,blue-collar,married,basic.9y,telephone,may,1,0,nonexistent,0,0,0,0,0,0,0
test_002914,test,0,Did Not Subscribe,0.19094697,1909,19.09%,3387,0.140827201217965,0,Not Recommended,0.00 to 0.19,0% to 19%,46,blue-collar,married,basic.4y,telephone,may,2,0,nonexistent,0,0,0,0,0,0,0
test_003250,test,0,Did Not Subscribe,0.1908522,1909,19.09%,3388,0.1405734585130678,0,Not Recommended,0.00 to 0.19,0% to 19%,50,housemaid,married,basic.9y,cellular,aug,12,0,nonexistent,0,0,0,0,0,0,0
test_001002,test,0,Did Not Subscribe,0.19075985,1908,19.08%,3389,0.1403197158081705,0,Not Recommended,0.00 to 0.19,0% to 19%,46,admin.,divorced,basic.9y,telephone,may,2,0,nonexistent,0,0,0,0,0,0,0
test_001932,test,0,Did Not Subscribe,0.1906322,1906,19.06%,3390,0.1400659731032733,0,Not Recommended,0.00 to 0.19,0% to 19%,55,technician,married,professional.course,telephone,may,2,0,nonexistent,0,0,0,0,0,0,0
test_002222,test,0,Did Not Subscribe,0.19057874,1906,19.06%,3391,0.1398122303983761,0,Not Recommended,0.00 to 0.19,0% to 19%,38,services,divorced,basic.6y,telephone,may,1,0,nonexistent,0,0,0,0,0,0,0
test_001293,test,1,Subscribed,0.19048087,1905,19.05%,3392,0.1395584876934787,0,Not Recommended,0.00 to 0.19,0% to 19%,48,technician,single,unknown,telephone,may,3,0,nonexistent,0,0,0,0,0,0,0
test_003765,test,0,Did Not Subscribe,0.19047675,1905,19.05%,3393,0.1393047449885815,0,Not Recommended,0.00 to 0.19,0% to 19%,42,admin.,married,basic.9y,telephone,may,2,0,nonexistent,0,0,0,0,0,0,0
test_001692,test,0,Did Not Subscribe,0.19046457,1905,19.05%,3394,0.1390510022836844,0,Not Recommended,0.00 to 0.19,0% to 19%,41,technician,single,university.degree,telephone,may,3,0,nonexistent,0,0,0,0,0,0,0
test_003503,test,1,Subscribed,0.19025646,1903,19.03%,3395,0.138797259578787,0,Not Recommended,0.00 to 0.19,0% to 19%,40,management,married,university.degree,cellular,nov,2,1,failure,0,0,0,0,0,0,0
test_001502,test,0,Did Not Subscribe,0.19025406,1903,19.03%,3396,0.1385435168738898,0,Not Recommended,0.00 to 0.19,0% to 19%,60,admin.,single,high.school,telephone,may,2,0,nonexistent,0,0,0,0,0,0,0
test_003555,test,0,Did Not Subscribe,0.190186,1902,19.02%,3397,0.1382897741689926,0,Not Recommended,0.00 to 0.19,0% to 19%,46,technician,divorced,professional.course,telephone,jun,2,0,nonexistent,0,0,0,0,0,0,0
test_000336,test,0,Did Not Subscribe,0.19013563,1901,19.01%,3398,0.1380360314640953,0,Not Recommended,0.00 to 0.19,0% to 19%,38,unemployed,single,high.school,telephone,may,3,0,nonexistent,0,0,0,0,0,0,0
test_001664,test,0,Did Not Subscribe,0.19012205,1901,19.01%,3399,0.1377822887591981,0,Not Recommended,0.00 to 0.19,0% to 19%,48,technician,married,high.school,telephone,may,1,0,nonexistent,0,0,0,0,0,0,0
test_001589,test,0,Did Not Subscribe,0.19011903,1901,19.01%,3400,0.1375285460543009,0,Not Recommended,0.00 to 0.19,0% to 19%,25,unemployed,single,high.school,telephone,jun,1,0,nonexistent,0,0,0,0,0,0,0
test_002097,test,0,Did Not Subscribe,0.19007075,1901,19.01%,3401,0.1372748033494036,0,Not Recommended,0.00 to 0.19,0% to 19%,31,services,married,high.school,telephone,may,2,0,nonexistent,0,0,0,0,0,0,0
test_000532,test,0,Did Not Subscribe,0.19006437,1901,19.01%,3402,0.1370210606445064,0,Not Recommended,0.00 to 0.19,0% to 19%,32,admin.,single,university.degree,telephone,may,2,0,nonexistent,0,0,0,0,0,0,0
test_001886,test,0,Did Not Subscribe,0.18998547,1900,19.00%,3403,0.1367673179396092,0,Not Recommended,0.00 to 0.19,0% to 19%,43,management,married,university.degree,telephone,may,4,0,nonexistent,0,0,0,0,0,0,0
test_001604,test,0,Did Not Subscribe,0.18997134,1900,19.00%,3404,0.1365135752347119,0,Not Recommended,0.00 to 0.19,0% to 19%,25,admin.,married,high.school,telephone,may,2,0,nonexistent,0,0,0,0,0,0,0
test_002225,test,0,Did Not Subscribe,0.18971275,1897,18.97%,3405,0.1362598325298147,0,Not Recommended,0.00 to 0.19,0% to 19%,53,self-employed,single,university.degree,cellular,nov,2,1,failure,0,0,0,0,0,0,0
test_003412,test,0,Did Not Subscribe,0.1896796,1897,18.97%,3406,0.1360060898249175,0,Not Recommended,0.00 to 0.19,0% to 19%,41,blue-collar,single,basic.9y,cellular,nov,4,1,failure,0,0,0,0,0,0,0
test_000288,test,0,Did Not Subscribe,0.18953143,1895,18.95%,3407,0.1357523471200202,0,Not Recommended,0.00 to 0.19,0% to 19%,32,admin.,married,high.school,telephone,may,3,0,nonexistent,0,0,0,0,0,0,0
test_001797,test,0,Did Not Subscribe,0.1895083,1895,18.95%,3408,0.135498604415123,0,Not Recommended,0.00 to 0.19,0% to 19%,60,management,married,unknown,telephone,jun,1,0,nonexistent,0,0,0,0,0,0,0
test_003760,test,1,Subscribed,0.18949954,1895,18.95%,3409,0.1352448617102258,0,Not Recommended,0.00 to 0.19,0% to 19%,41,admin.,divorced,high.school,telephone,jun,11,0,nonexistent,0,0,0,0,0,0,0
test_003676,test,0,Did Not Subscribe,0.18949506,1895,18.95%,3410,0.1349911190053285,0,Not Recommended,0.00 to 0.19,0% to 19%,33,management,single,university.degree,telephone,may,2,0,nonexistent,0,0,0,0,0,0,0
test_000317,test,0,Did Not Subscribe,0.18936504,1894,18.94%,3411,0.1347373763004313,0,Not Recommended,0.00 to 0.19,0% to 19%,32,technician,single,university.degree,telephone,may,7,0,nonexistent,0,0,0,0,0,0,0
test_000764,test,0,Did Not Subscribe,0.18932176,1893,18.93%,3412,0.1344836335955341,0,Not Recommended,0.00 to 0.19,0% to 19%,52,management,married,university.degree,telephone,may,1,0,nonexistent,0,0,0,0,0,0,0
test_000450,test,0,Did Not Subscribe,0.18921363,1892,18.92%,3413,0.1342298908906368,0,Not Recommended,0.00 to 0.19,0% to 19%,34,blue-collar,married,basic.9y,telephone,may,2,0,nonexistent,0,0,0,0,0,0,0
test_001723,test,0,Did Not Subscribe,0.18915467,1892,18.92%,3414,0.1339761481857396,0,Not Recommended,0.00 to 0.19,0% to 19%,50,management,single,university.degree,telephone,may,1,0,nonexistent,0,0,0,0,0,0,0
test_000156,test,0,Did Not Subscribe,0.18882869,1888,18.88%,3415,0.1337224054808424,0,Not Recommended,0.00 to 0.19,0% to 19%,49,housemaid,divorced,basic.4y,telephone,jun,1,0,nonexistent,0,0,0,0,0,0,0
test_003799,test,0,Did Not Subscribe,0.18882774,1888,18.88%,3416,0.1334686627759451,0,Not Recommended,0.00 to 0.19,0% to 19%,40,housemaid,single,university.degree,telephone,jun,3,0,nonexistent,0,0,0,0,0,0,0
test_000015,test,0,Did Not Subscribe,0.18873362,1887,18.87%,3417,0.1332149200710479,0,Not Recommended,0.00 to 0.19,0% to 19%,42,services,single,high.school,cellular,may,5,2,failure,0,0,0,0,0,0,0
test_000747,test,0,Did Not Subscribe,0.18868579,1887,18.87%,3418,0.1329611773661507,0,Not Recommended,0.00 to 0.19,0% to 19%,51,admin.,married,high.school,telephone,jun,4,0,nonexistent,0,0,0,0,0,0,0
test_003766,test,0,Did Not Subscribe,0.18858132,1886,18.86%,3419,0.1327074346612534,0,Not Recommended,0.00 to 0.19,0% to 19%,34,admin.,single,basic.9y,telephone,may,4,0,nonexistent,0,0,0,0,0,0,0
test_001007,test,0,Did Not Subscribe,0.1884004,1884,18.84%,3420,0.1324536919563562,0,Not Recommended,0.00 to 0.19,0% to 19%,47,management,divorced,university.degree,cellular,nov,2,0,nonexistent,0,0,0,0,0,0,0
test_002432,test,1,Subscribed,0.18838525,1884,18.84%,3421,0.132199949251459,0,Not Recommended,0.00 to 0.19,0% to 19%,50,technician,married,high.school,telephone,may,1,0,nonexistent,0,0,0,0,0,0,0
test_003189,test,0,Did Not Subscribe,0.18795219,1880,18.80%,3422,0.1319462065465617,0,Not Recommended,0.00 to 0.19,0% to 19%,55,admin.,divorced,university.degree,telephone,may,4,0,nonexistent,0,0,0,0,0,0,0
test_001690,test,0,Did Not Subscribe,0.18793531,1879,18.79%,3423,0.1316924638416645,0,Not Recommended,0.00 to 0.19,0% to 19%,40,blue-collar,married,high.school,telephone,may,2,0,nonexistent,0,0,0,0,0,0,0
test_003076,test,0,Did Not Subscribe,0.18792225,1879,18.79%,3424,0.1314387211367673,0,Not Recommended,0.00 to 0.19,0% to 19%,47,technician,divorced,high.school,telephone,jun,2,0,nonexistent,0,0,0,0,0,0,0
test_002174,test,0,Did Not Subscribe,0.18779996,1878,18.78%,3425,0.13118497843187,0,Not Recommended,0.00 to 0.19,0% to 19%,38,blue-collar,married,basic.9y,cellular,apr,2,2,failure,0,0,0,0,0,0,0
test_002890,test,0,Did Not Subscribe,0.18771364,1877,18.77%,3426,0.1309312357269728,0,Not Recommended,0.00 to 0.19,0% to 19%,49,blue-collar,single,unknown,cellular,may,1,1,failure,0,0,0,0,0,0,0
test_003251,test,0,Did Not Subscribe,0.18761365,1876,18.76%,3427,0.1306774930220756,0,Not Recommended,0.00 to 0.19,0% to 19%,32,services,married,high.school,telephone,may,2,0,nonexistent,0,0,0,0,0,0,0
test_002722,test,0,Did Not Subscribe,0.18759541,1876,18.76%,3428,0.1304237503171783,0,Not Recommended,0.00 to 0.19,0% to 19%,45,blue-collar,married,high.school,telephone,may,5,0,nonexistent,0,0,0,0,0,0,0
test_003461,test,1,Subscribed,0.18756162,1876,18.76%,3429,0.1301700076122811,0,Not Recommended,0.00 to 0.19,0% to 19%,60,housemaid,married,high.school,telephone,may,3,0,nonexistent,0,0,0,0,0,0,0
test_001775,test,0,Did Not Subscribe,0.1874281,1874,18.74%,3430,0.1299162649073839,0,Not Recommended,0.00 to 0.19,0% to 19%,34,admin.,married,university.degree,telephone,nov,3,1,failure,0,0,0,0,0,0,0
test_003911,test,0,Did Not Subscribe,0.18740538,1874,18.74%,3431,0.1296625222024866,0,Not Recommended,0.00 to 0.19,0% to 19%,44,management,divorced,basic.9y,telephone,jun,2,0,nonexistent,0,0,0,0,0,0,0
test_002342,test,0,Did Not Subscribe,0.18713802,1871,18.71%,3432,0.1294087794975894,0,Not Recommended,0.00 to 0.19,0% to 19%,56,technician,married,professional.course,telephone,jun,1,0,nonexistent,0,0,0,0,0,0,0
test_003183,test,0,Did Not Subscribe,0.18709001,1871,18.71%,3433,0.1291550367926922,0,Not Recommended,0.00 to 0.19,0% to 19%,33,admin.,single,university.degree,cellular,aug,14,0,nonexistent,0,0,0,0,0,0,0
test_000826,test,0,Did Not Subscribe,0.18704031,1870,18.70%,3434,0.1289012940877949,0,Not Recommended,0.00 to 0.19,0% to 19%,28,technician,married,professional.course,telephone,may,2,0,nonexistent,0,0,0,0,0,0,0
test_002211,test,0,Did Not Subscribe,0.18703556,1870,18.70%,3435,0.1286475513828977,0,Not Recommended,0.00 to 0.19,0% to 19%,58,retired,married,professional.course,telephone,may,2,0,nonexistent,0,0,0,0,0,0,0
test_001825,test,0,Did Not Subscribe,0.18701473,1870,18.70%,3436,0.1283938086780005,0,Not Recommended,0.00 to 0.19,0% to 19%,36,services,married,high.school,telephone,may,1,0,nonexistent,0,0,0,0,0,0,0
test_003929,test,0,Did Not Subscribe,0.18699588,1870,18.70%,3437,0.1281400659731032,0,Not Recommended,0.00 to 0.19,0% to 19%,29,housemaid,married,university.degree,telephone,may,3,0,nonexistent,0,0,0,0,0,0,0
test_002655,test,1,Subscribed,0.18694174,1869,18.69%,3438,0.127886323268206,0,Not Recommended,0.00 to 0.19,0% to 19%,45,admin.,married,unknown,telephone,jun,1,0,nonexistent,0,0,0,0,0,0,0
test_003918,test,0,Did Not Subscribe,0.1868989,1869,18.69%,3439,0.1276325805633088,0,Not Recommended,0.00 to 0.19,0% to 19%,27,blue-collar,divorced,unknown,telephone,may,2,0,nonexistent,0,0,0,0,0,0,0
test_000568,test,0,Did Not Subscribe,0.18681121,1868,18.68%,3440,0.1273788378584115,0,Not Recommended,0.00 to 0.19,0% to 19%,48,blue-collar,married,professional.course,telephone,may,4,0,nonexistent,0,0,0,0,0,0,0
test_002935,test,0,Did Not Subscribe,0.18675256,1868,18.68%,3441,0.1271250951535143,0,Not Recommended,0.00 to 0.19,0% to 19%,51,admin.,divorced,university.degree,telephone,may,1,0,nonexistent,0,0,0,0,0,0,0
test_000550,test,0,Did Not Subscribe,0.18675216,1868,18.68%,3442,0.1268713524486171,0,Not Recommended,0.00 to 0.19,0% to 19%,27,blue-collar,married,basic.4y,telephone,may,3,0,nonexistent,0,0,0,0,0,0,0
test_001808,test,0,Did Not Subscribe,0.18674977,1867,18.67%,3443,0.1266176097437198,0,Not Recommended,0.00 to 0.19,0% to 19%,56,entrepreneur,married,basic.4y,telephone,may,1,0,nonexistent,0,0,0,0,0,0,0
test_001607,test,0,Did Not Subscribe,0.1867446,1867,18.67%,3444,0.1263638670388226,0,Not Recommended,0.00 to 0.19,0% to 19%,46,admin.,single,high.school,telephone,may,1,0,nonexistent,0,0,0,0,0,0,0
test_000620,test,0,Did Not Subscribe,0.1867113,1867,18.67%,3445,0.1261101243339254,0,Not Recommended,0.00 to 0.19,0% to 19%,36,admin.,single,high.school,telephone,jun,1,0,nonexistent,0,0,0,0,0,0,0
test_001389,test,0,Did Not Subscribe,0.18638973,1864,18.64%,3446,0.1258563816290281,0,Not Recommended,0.00 to 0.19,0% to 19%,34,admin.,married,university.degree,telephone,jun,2,0,nonexistent,0,0,0,0,0,0,0
test_000965,test,0,Did Not Subscribe,0.18629867,1863,18.63%,3447,0.1256026389241309,0,Not Recommended,0.00 to 0.19,0% to 19%,50,blue-collar,single,basic.4y,telephone,jul,7,0,nonexistent,0,0,0,0,0,0,0
test_003589,test,0,Did Not Subscribe,0.18612793,1861,18.61%,3448,0.1253488962192337,0,Not Recommended,0.00 to 0.19,0% to 19%,31,blue-collar,married,basic.4y,telephone,may,1,0,nonexistent,0,0,0,0,0,0,0
test_003319,test,0,Did Not Subscribe,0.18609022,1861,18.61%,3449,0.1250951535143364,0,Not Recommended,0.00 to 0.19,0% to 19%,57,retired,single,professional.course,telephone,may,3,0,nonexistent,0,0,0,0,0,0,0
test_000146,test,0,Did Not Subscribe,0.1859826,1860,18.60%,3450,0.1248414108094392,0,Not Recommended,0.00 to 0.19,0% to 19%,39,services,married,high.school,telephone,may,2,0,nonexistent,0,0,0,0,0,0,0
test_001914,test,0,Did Not Subscribe,0.1859769,1860,18.60%,3451,0.124587668104542,0,Not Recommended,0.00 to 0.19,0% to 19%,46,admin.,single,university.degree,telephone,jun,1,0,nonexistent,0,0,0,0,0,0,0
test_001173,test,0,Did Not Subscribe,0.18595585,1860,18.60%,3452,0.1243339253996447,0,Not Recommended,0.00 to 0.19,0% to 19%,43,services,married,high.school,telephone,may,3,0,nonexistent,0,0,0,0,0,0,0
test_000428,test,0,Did Not Subscribe,0.18592845,1859,18.59%,3453,0.1240801826947475,0,Not Recommended,0.00 to 0.19,0% to 19%,54,technician,married,high.school,telephone,jul,1,0,nonexistent,0,0,0,0,0,0,0
test_002394,test,0,Did Not Subscribe,0.18592739,1859,18.59%,3454,0.1238264399898503,0,Not Recommended,0.00 to 0.19,0% to 19%,34,blue-collar,married,basic.4y,telephone,jun,8,0,nonexistent,0,0,0,0,0,0,0
test_003407,test,0,Did Not Subscribe,0.18569957,1857,18.57%,3455,0.123572697284953,0,Not Recommended,0.00 to 0.19,0% to 19%,33,admin.,divorced,university.degree,telephone,may,1,0,nonexistent,0,0,0,0,0,0,0
test_003173,test,0,Did Not Subscribe,0.18569374,1857,18.57%,3456,0.1233189545800558,0,Not Recommended,0.00 to 0.19,0% to 19%,29,admin.,married,basic.9y,telephone,may,4,0,nonexistent,0,0,0,0,0,0,0
test_002992,test,0,Did Not Subscribe,0.1856526,1857,18.57%,3457,0.1230652118751586,0,Not Recommended,0.00 to 0.19,0% to 19%,39,blue-collar,married,basic.9y,telephone,may,2,0,nonexistent,0,0,0,0,0,0,0
test_001300,test,0,Did Not Subscribe,0.18560286,1856,18.56%,3458,0.1228114691702613,0,Not Recommended,0.00 to 0.19,0% to 19%,39,blue-collar,married,basic.9y,telephone,may,1,0,nonexistent,0,0,0,0,0,0,0
test_000587,test,0,Did Not Subscribe,0.18543059,1854,18.54%,3459,0.1225577264653641,0,Not Recommended,0.00 to 0.19,0% to 19%,58,housemaid,married,basic.4y,cellular,aug,2,0,nonexistent,0,0,0,0,0,0,0
test_000131,test,0,Did Not Subscribe,0.18516698,1852,18.52%,3460,0.1223039837604669,0,Not Recommended,0.00 to 0.19,0% to 19%,55,technician,married,professional.course,telephone,jul,1,0,nonexistent,0,0,0,0,0,0,0
test_001803,test,0,Did Not Subscribe,0.18498902,1850,18.50%,3461,0.1220502410555696,0,Not Recommended,0.00 to 0.19,0% to 19%,44,technician,single,unknown,cellular,jul,3,0,nonexistent,0,0,0,0,0,0,0
test_000837,test,0,Did Not Subscribe,0.18496995,1850,18.50%,3462,0.1217964983506724,0,Not Recommended,0.00 to 0.19,0% to 19%,50,blue-collar,married,basic.9y,telephone,may,2,0,nonexistent,0,0,0,0,0,0,0
test_002908,test,0,Did Not Subscribe,0.18483543,1848,18.48%,3463,0.1215427556457752,0,Not Recommended,0.00 to 0.19,0% to 19%,35,blue-collar,married,high.school,cellular,nov,2,0,nonexistent,0,0,0,0,0,0,0
test_002166,test,0,Did Not Subscribe,0.18475905,1848,18.48%,3464,0.1212890129408779,0,Not Recommended,0.00 to 0.19,0% to 19%,31,services,divorced,high.school,cellular,nov,2,0,nonexistent,0,0,0,0,0,0,0
test_001388,test,0,Did Not Subscribe,0.18475758,1848,18.48%,3465,0.1210352702359807,0,Not Recommended,0.00 to 0.19,0% to 19%,49,technician,married,professional.course,telephone,jun,1,0,nonexistent,0,0,0,0,0,0,0
test_002407,test,0,Did Not Subscribe,0.18470056,1847,18.47%,3466,0.1207815275310835,0,Not Recommended,0.00 to 0.19,0% to 19%,36,technician,married,professional.course,telephone,may,1,0,nonexistent,0,0,0,0,0,0,0
test_002343,test,0,Did Not Subscribe,0.18468769,1847,18.47%,3467,0.1205277848261862,0,Not Recommended,0.00 to 0.19,0% to 19%,59,services,divorced,high.school,telephone,may,1,0,nonexistent,0,0,0,0,0,0,0
test_003384,test,0,Did Not Subscribe,0.1846624,1847,18.47%,3468,0.120274042121289,0,Not Recommended,0.00 to 0.19,0% to 19%,38,blue-collar,married,basic.9y,telephone,may,2,0,nonexistent,0,0,0,0,0,0,0
test_002899,test,0,Did Not Subscribe,0.18464567,1846,18.46%,3469,0.1200202994163918,0,Not Recommended,0.00 to 0.19,0% to 19%,36,admin.,divorced,high.school,telephone,jun,5,0,nonexistent,0,0,0,0,0,0,0
test_001484,test,0,Did Not Subscribe,0.18456247,1846,18.46%,3470,0.1197665567114945,0,Not Recommended,0.00 to 0.19,0% to 19%,37,entrepreneur,married,basic.6y,telephone,may,1,0,nonexistent,0,0,0,0,0,0,0
test_000960,test,0,Did Not Subscribe,0.1844714,1845,18.45%,3471,0.1195128140065973,0,Not Recommended,0.00 to 0.19,0% to 19%,48,blue-collar,married,professional.course,telephone,may,1,0,nonexistent,0,0,0,0,0,0,0
test_002693,test,0,Did Not Subscribe,0.18444034,1844,18.44%,3472,0.1192590713017001,0,Not Recommended,0.00 to 0.19,0% to 19%,50,unknown,married,unknown,cellular,jul,1,0,nonexistent,0,0,0,0,0,0,0
test_000564,test,0,Did Not Subscribe,0.18442291,1844,18.44%,3473,0.1190053285968028,0,Not Recommended,0.00 to 0.19,0% to 19%,54,technician,single,university.degree,telephone,may,1,0,nonexistent,0,0,0,0,0,0,0
test_002618,test,0,Did Not Subscribe,0.18409023,1841,18.41%,3474,0.1187515858919056,0,Not Recommended,0.00 to 0.19,0% to 19%,32,blue-collar,married,basic.9y,telephone,may,3,0,nonexistent,0,0,0,0,0,0,0
test_002902,test,0,Did Not Subscribe,0.18400952,1840,18.40%,3475,0.1184978431870084,0,Not Recommended,0.00 to 0.19,0% to 19%,30,blue-collar,single,basic.9y,telephone,may,4,0,nonexistent,0,0,0,0,0,0,0
test_000538,test,0,Did Not Subscribe,0.1839918,1840,18.40%,3476,0.118244100482111,0,Not Recommended,0.00 to 0.19,0% to 19%,34,services,married,basic.6y,telephone,may,2,0,nonexistent,0,0,0,0,0,0,0
test_003501,test,0,Did Not Subscribe,0.18396185,1840,18.40%,3477,0.1179903577772139,0,Not Recommended,0.00 to 0.19,0% to 19%,59,retired,married,basic.4y,telephone,may,3,0,nonexistent,0,0,0,0,0,0,0
test_003797,test,0,Did Not Subscribe,0.18390028,1839,18.39%,3478,0.1177366150723167,0,Not Recommended,0.00 to 0.19,0% to 19%,51,services,married,professional.course,telephone,may,5,0,nonexistent,0,0,0,0,0,0,0
test_002565,test,0,Did Not Subscribe,0.18384689,1838,18.38%,3479,0.1174828723674193,0,Not Recommended,0.00 to 0.19,0% to 19%,43,blue-collar,divorced,unknown,telephone,jun,2,0,nonexistent,0,0,0,0,0,0,0
test_002770,test,0,Did Not Subscribe,0.1836041,1836,18.36%,3480,0.1172291296625221,0,Not Recommended,0.00 to 0.19,0% to 19%,42,management,divorced,university.degree,telephone,may,9,0,nonexistent,0,0,0,0,0,0,0
test_000758,test,0,Did Not Subscribe,0.1835524,1836,18.36%,3481,0.116975386957625,0,Not Recommended,0.00 to 0.19,0% to 19%,49,blue-collar,married,basic.4y,telephone,may,1,0,nonexistent,0,0,0,0,0,0,0
test_001812,test,0,Did Not Subscribe,0.18348104,1835,18.35%,3482,0.1167216442527276,0,Not Recommended,0.00 to 0.19,0% to 19%,45,admin.,divorced,basic.9y,cellular,nov,9,0,nonexistent,0,0,0,0,0,0,0
test_001967,test,0,Did Not Subscribe,0.18347672,1835,18.35%,3483,0.1164679015478304,0,Not Recommended,0.00 to 0.19,0% to 19%,42,services,divorced,high.school,telephone,jun,2,0,nonexistent,0,0,0,0,0,0,0
test_000184,test,0,Did Not Subscribe,0.1833832,1834,18.34%,3484,0.1162141588429332,0,Not Recommended,0.00 to 0.19,0% to 19%,49,entrepreneur,married,high.school,telephone,may,1,0,nonexistent,0,0,0,0,0,0,0
test_000792,test,0,Did Not Subscribe,0.18327469,1833,18.33%,3485,0.1159604161380359,0,Not Recommended,0.00 to 0.19,0% to 19%,48,retired,divorced,professional.course,telephone,may,2,0,nonexistent,0,0,0,0,0,0,0
test_003315,test,0,Did Not Subscribe,0.18327084,1833,18.33%,3486,0.1157066734331387,0,Not Recommended,0.00 to 0.19,0% to 19%,30,admin.,single,university.degree,telephone,may,1,0,nonexistent,0,0,0,0,0,0,0
test_003455,test,0,Did Not Subscribe,0.18316354,1832,18.32%,3487,0.1154529307282415,0,Not Recommended,0.00 to 0.19,0% to 19%,42,admin.,divorced,university.degree,telephone,may,2,0,nonexistent,0,0,0,0,0,0,0
test_001973,test,0,Did Not Subscribe,0.18308261,1831,18.31%,3488,0.1151991880233442,0,Not Recommended,0.00 to 0.19,0% to 19%,37,admin.,single,university.degree,telephone,may,4,0,nonexistent,0,0,0,0,0,0,0
test_001369,test,0,Did Not Subscribe,0.18282506,1828,18.28%,3489,0.114945445318447,0,Not Recommended,0.00 to 0.19,0% to 19%,47,services,divorced,professional.course,telephone,jul,1,0,nonexistent,0,0,0,0,0,0,0
test_000989,test,0,Did Not Subscribe,0.18276457,1828,18.28%,3490,0.1146917026135498,0,Not Recommended,0.00 to 0.19,0% to 19%,35,technician,married,professional.course,telephone,may,1,0,nonexistent,0,0,0,0,0,0,0
test_003424,test,0,Did Not Subscribe,0.18271399,1827,18.27%,3491,0.1144379599086525,0,Not Recommended,0.00 to 0.19,0% to 19%,41,housemaid,married,high.school,telephone,may,1,0,nonexistent,0,0,0,0,0,0,0
test_001901,test,0,Did Not Subscribe,0.18267834,1827,18.27%,3492,0.1141842172037553,0,Not Recommended,0.00 to 0.19,0% to 19%,45,unemployed,married,university.degree,telephone,may,1,0,nonexistent,0,0,0,0,0,0,0
test_000966,test,0,Did Not Subscribe,0.18265097,1827,18.27%,3493,0.1139304744988581,0,Not Recommended,0.00 to 0.19,0% to 19%,57,technician,married,university.degree,telephone,may,5,0,nonexistent,0,0,0,0,0,0,0
test_003181,test,0,Did Not Subscribe,0.18261662,1826,18.26%,3494,0.1136767317939608,0,Not Recommended,0.00 to 0.19,0% to 19%,42,services,divorced,high.school,cellular,jul,14,0,nonexistent,0,0,0,0,0,0,0
test_000978,test,0,Did Not Subscribe,0.18260153,1826,18.26%,3495,0.1134229890890636,0,Not Recommended,0.00 to 0.19,0% to 19%,49,admin.,divorced,high.school,telephone,may,3,0,nonexistent,0,0,0,0,0,0,0
test_000613,test,0,Did Not Subscribe,0.1825497,1825,18.25%,3496,0.1131692463841664,0,Not Recommended,0.00 to 0.19,0% to 19%,58,technician,married,high.school,telephone,jun,1,0,nonexistent,0,0,0,0,0,0,0
test_003516,test,0,Did Not Subscribe,0.18249479,1825,18.25%,3497,0.1129155036792691,0,Not Recommended,0.00 to 0.19,0% to 19%,30,unknown,single,university.degree,telephone,may,1,0,nonexistent,0,0,0,0,0,0,0
test_002838,test,0,Did Not Subscribe,0.18232396,1823,18.23%,3498,0.1126617609743719,0,Not Recommended,0.00 to 0.19,0% to 19%,40,blue-collar,married,basic.4y,cellular,nov,1,1,failure,0,0,0,0,0,0,0
test_003579,test,1,Subscribed,0.1821954,1822,18.22%,3499,0.1124080182694747,0,Not Recommended,0.00 to 0.19,0% to 19%,40,admin.,married,university.degree,cellular,nov,1,0,nonexistent,0,0,0,0,0,0,0
test_003202,test,0,Did Not Subscribe,0.18209885,1821,18.21%,3500,0.1121542755645774,0,Not Recommended,0.00 to 0.19,0% to 19%,47,technician,married,basic.9y,telephone,may,1,0,nonexistent,0,0,0,0,0,0,0
test_002230,test,0,Did Not Subscribe,0.18203463,1820,18.20%,3501,0.1119005328596802,0,Not Recommended,0.00 to 0.19,0% to 19%,44,blue-collar,married,basic.9y,telephone,may,1,0,nonexistent,0,0,0,0,0,0,0
test_000442,test,0,Did Not Subscribe,0.18198314,1820,18.20%,3502,0.111646790154783,0,Not Recommended,0.00 to 0.19,0% to 19%,37,services,married,high.school,telephone,may,3,0,nonexistent,0,0,0,0,0,0,0
test_002759,test,0,Did Not Subscribe,0.18187705,1819,18.19%,3503,0.1113930474498857,0,Not Recommended,0.00 to 0.19,0% to 19%,52,technician,married,professional.course,telephone,nov,2,1,failure,0,0,0,0,0,0,0
test_002977,test,0,Did Not Subscribe,0.18183778,1818,18.18%,3504,0.1111393047449885,0,Not Recommended,0.00 to 0.19,0% to 19%,32,admin.,single,university.degree,telephone,may,1,0,nonexistent,0,0,0,0,0,0,0
test_001451,test,0,Did Not Subscribe,0.18176945,1818,18.18%,3505,0.1108855620400913,0,Not Recommended,0.00 to 0.19,0% to 19%,48,admin.,married,high.school,telephone,may,1,0,nonexistent,0,0,0,0,0,0,0
test_001082,test,0,Did Not Subscribe,0.1816968,1817,18.17%,3506,0.110631819335194,0,Not Recommended,0.00 to 0.19,0% to 19%,48,self-employed,married,basic.9y,telephone,jun,2,0,nonexistent,0,0,0,0,0,0,0
test_001157,test,0,Did Not Subscribe,0.18165325,1817,18.17%,3507,0.1103780766302968,0,Not Recommended,0.00 to 0.19,0% to 19%,47,admin.,married,university.degree,telephone,may,3,0,nonexistent,0,0,0,0,0,0,0
test_003514,test,0,Did Not Subscribe,0.18164629,1816,18.16%,3508,0.1101243339253996,0,Not Recommended,0.00 to 0.19,0% to 19%,37,admin.,married,basic.9y,cellular,apr,7,1,failure,0,0,0,0,0,0,0
test_002300,test,0,Did Not Subscribe,0.18152243,1815,18.15%,3509,0.1098705912205023,0,Not Recommended,0.00 to 0.19,0% to 19%,44,blue-collar,married,basic.4y,telephone,may,2,0,nonexistent,0,0,0,0,0,0,0
test_003789,test,0,Did Not Subscribe,0.18147175,1815,18.15%,3510,0.1096168485156051,0,Not Recommended,0.00 to 0.19,0% to 19%,37,self-employed,single,university.degree,telephone,may,1,0,nonexistent,0,0,0,0,0,0,0
test_002628,test,0,Did Not Subscribe,0.18139476,1814,18.14%,3511,0.1093631058107079,0,Not Recommended,0.00 to 0.19,0% to 19%,43,blue-collar,married,basic.4y,cellular,may,6,1,failure,0,0,0,0,0,0,0
test_003493,test,0,Did Not Subscribe,0.18136786,1814,18.14%,3512,0.1091093631058106,0,Not Recommended,0.00 to 0.19,0% to 19%,34,services,married,high.school,telephone,may,5,0,nonexistent,0,0,0,0,0,0,0
test_002293,test,0,Did Not Subscribe,0.18134299,1813,18.13%,3513,0.1088556204009134,0,Not Recommended,0.00 to 0.19,0% to 19%,45,management,married,unknown,telephone,may,1,0,nonexistent,0,0,0,0,0,0,0
test_000643,test,0,Did Not Subscribe,0.18133281,1813,18.13%,3514,0.1086018776960162,0,Not Recommended,0.00 to 0.19,0% to 19%,55,blue-collar,married,basic.4y,telephone,may,2,0,nonexistent,0,0,0,0,0,0,0
test_003666,test,0,Did Not Subscribe,0.18131888,1813,18.13%,3515,0.108348134991119,0,Not Recommended,0.00 to 0.19,0% to 19%,49,technician,married,professional.course,telephone,may,1,0,nonexistent,0,0,0,0,0,0,0
test_001747,test,0,Did Not Subscribe,0.18121277,1812,18.12%,3516,0.1080943922862217,0,Not Recommended,0.00 to 0.19,0% to 19%,34,blue-collar,married,basic.4y,telephone,may,2,1,failure,0,0,0,0,0,0,0
test_002860,test,0,Did Not Subscribe,0.18117781,1812,18.12%,3517,0.1078406495813245,0,Not Recommended,0.00 to 0.19,0% to 19%,47,technician,married,professional.course,cellular,jul,4,0,nonexistent,0,0,0,0,0,0,0
test_001234,test,0,Did Not Subscribe,0.18099262,1810,18.10%,3518,0.1075869068764273,0,Not Recommended,0.00 to 0.19,0% to 19%,35,blue-collar,married,basic.9y,telephone,may,1,0,nonexistent,0,0,0,0,0,0,0
test_002119,test,0,Did Not Subscribe,0.18092291,1809,18.09%,3519,0.10733316417153,0,Not Recommended,0.00 to 0.19,0% to 19%,42,technician,single,professional.course,telephone,may,1,0,nonexistent,0,0,0,0,0,0,0
test_000029,test,0,Did Not Subscribe,0.18090819,1809,18.09%,3520,0.1070794214666328,0,Not Recommended,0.00 to 0.19,0% to 19%,34,admin.,divorced,university.degree,telephone,may,2,0,nonexistent,0,0,0,0,0,0,0
test_001605,test,0,Did Not Subscribe,0.18073809,1807,18.07%,3521,0.1068256787617356,0,Not Recommended,0.00 to 0.19,0% to 19%,46,admin.,married,university.degree,telephone,may,5,0,nonexistent,0,0,0,0,0,0,0
test_002969,test,0,Did Not Subscribe,0.18068117,1807,18.07%,3522,0.1065719360568383,0,Not Recommended,0.00 to 0.19,0% to 19%,46,admin.,married,university.degree,telephone,may,2,0,nonexistent,0,0,0,0,0,0,0
test_000237,test,0,Did Not Subscribe,0.1806796,1807,18.07%,3523,0.1063181933519411,0,Not Recommended,0.00 to 0.19,0% to 19%,29,admin.,married,high.school,telephone,may,2,0,nonexistent,0,0,0,0,0,0,0
test_000088,test,0,Did Not Subscribe,0.18041931,1804,18.04%,3524,0.1060644506470439,0,Not Recommended,0.00 to 0.19,0% to 19%,37,admin.,divorced,university.degree,telephone,may,1,0,nonexistent,0,0,0,0,0,0,0
test_002611,test,0,Did Not Subscribe,0.18019953,1802,18.02%,3525,0.1058107079421466,0,Not Recommended,0.00 to 0.19,0% to 19%,52,management,married,university.degree,telephone,may,1,0,nonexistent,0,0,0,0,0,0,0
test_003874,test,0,Did Not Subscribe,0.18019883,1802,18.02%,3526,0.1055569652372494,0,Not Recommended,0.00 to 0.19,0% to 19%,57,retired,single,high.school,telephone,may,1,0,nonexistent,0,0,0,0,0,0,0
test_000912,test,0,Did Not Subscribe,0.18009865,1801,18.01%,3527,0.1053032225323522,0,Not Recommended,0.00 to 0.19,0% to 19%,39,management,divorced,university.degree,telephone,may,3,0,nonexistent,0,0,0,0,0,0,0
test_000169,test,0,Did Not Subscribe,0.18008727,1801,18.01%,3528,0.1050494798274549,0,Not Recommended,0.00 to 0.19,0% to 19%,36,blue-collar,single,basic.9y,telephone,may,1,0,nonexistent,0,0,0,0,0,0,0
test_003212,test,0,Did Not Subscribe,0.18004264,1800,18.00%,3529,0.1047957371225577,0,Not Recommended,0.00 to 0.19,0% to 19%,47,blue-collar,married,basic.6y,telephone,may,3,0,nonexistent,0,0,0,0,0,0,0
test_002959,test,0,Did Not Subscribe,0.18003017,1800,18.00%,3530,0.1045419944176605,0,Not Recommended,0.00 to 0.19,0% to 19%,33,unemployed,married,basic.9y,telephone,may,1,0,nonexistent,0,0,0,0,0,0,0
test_001919,test,0,Did Not Subscribe,0.17996566,1800,18.00%,3531,0.1042882517127632,0,Not Recommended,0.00 to 0.19,0% to 19%,51,admin.,married,university.degree,telephone,may,4,0,nonexistent,0,0,0,0,0,0,0
test_001459,test,0,Did Not Subscribe,0.17984655,1798,17.98%,3532,0.104034509007866,0,Not Recommended,0.00 to 0.19,0% to 19%,35,student,single,university.degree,telephone,may,1,0,nonexistent,0,0,0,0,0,0,0
test_003440,test,0,Did Not Subscribe,0.17974074,1797,17.97%,3533,0.1037807663029688,0,Not Recommended,0.00 to 0.19,0% to 19%,31,blue-collar,unknown,unknown,telephone,may,2,0,nonexistent,0,0,0,0,0,0,0
test_003243,test,0,Did Not Subscribe,0.17968649,1797,17.97%,3534,0.1035270235980715,0,Not Recommended,0.00 to 0.19,0% to 19%,40,admin.,single,university.degree,telephone,may,3,0,nonexistent,0,0,0,0,0,0,0
test_000555,test,0,Did Not Subscribe,0.17948462,1795,17.95%,3535,0.1032732808931743,0,Not Recommended,0.00 to 0.19,0% to 19%,35,self-employed,married,university.degree,telephone,may,1,0,nonexistent,0,0,0,0,0,0,0
test_001419,test,0,Did Not Subscribe,0.17947528,1795,17.95%,3536,0.1030195381882771,0,Not Recommended,0.00 to 0.19,0% to 19%,38,housemaid,married,basic.9y,telephone,may,4,0,nonexistent,0,0,0,0,0,0,0
test_000759,test,0,Did Not Subscribe,0.17915712,1792,17.92%,3537,0.1027657954833798,0,Not Recommended,0.00 to 0.19,0% to 19%,34,unemployed,married,unknown,telephone,may,3,0,nonexistent,0,0,0,0,0,0,0
test_002588,test,0,Did Not Subscribe,0.17910498,1791,17.91%,3538,0.1025120527784826,0,Not Recommended,0.00 to 0.19,0% to 19%,40,self-employed,married,high.school,telephone,may,1,0,nonexistent,0,0,0,0,0,0,0
test_000892,test,0,Did Not Subscribe,0.17904444,1790,17.90%,3539,0.1022583100735854,0,Not Recommended,0.00 to 0.19,0% to 19%,43,services,married,high.school,telephone,may,1,0,nonexistent,0,0,0,0,0,0,0
test_001870,test,0,Did Not Subscribe,0.17903067,1790,17.90%,3540,0.1020045673686881,0,Not Recommended,0.00 to 0.19,0% to 19%,38,blue-collar,divorced,unknown,telephone,may,3,0,nonexistent,0,0,0,0,0,0,0
test_003479,test,0,Did Not Subscribe,0.17886555,1789,17.89%,3541,0.1017508246637909,0,Not Recommended,0.00 to 0.19,0% to 19%,49,blue-collar,married,unknown,telephone,may,3,0,nonexistent,0,0,0,0,0,0,0
test_002283,test,0,Did Not Subscribe,0.17878155,1788,17.88%,3542,0.1014970819588937,0,Not Recommended,0.00 to 0.19,0% to 19%,34,unemployed,married,high.school,cellular,nov,2,0,nonexistent,0,0,0,0,0,0,0
test_001210,test,0,Did Not Subscribe,0.1786989,1787,17.87%,3543,0.1012433392539964,0,Not Recommended,0.00 to 0.19,0% to 19%,47,housemaid,divorced,basic.4y,cellular,jul,1,0,nonexistent,0,0,0,0,0,0,0
test_003343,test,0,Did Not Subscribe,0.1786527,1787,17.87%,3544,0.1009895965490992,0,Not Recommended,0.00 to 0.19,0% to 19%,32,admin.,married,university.degree,telephone,may,2,0,nonexistent,0,0,0,0,0,0,0
test_001966,test,0,Did Not Subscribe,0.17864788,1786,17.86%,3545,0.100735853844202,0,Not Recommended,0.00 to 0.19,0% to 19%,44,technician,divorced,basic.9y,telephone,may,2,0,nonexistent,0,0,0,0,0,0,0
test_000546,test,0,Did Not Subscribe,0.1785831,1786,17.86%,3546,0.1004821111393047,0,Not Recommended,0.00 to 0.19,0% to 19%,54,retired,divorced,professional.course,telephone,may,3,0,nonexistent,0,0,0,0,0,0,0
test_003201,test,0,Did Not Subscribe,0.17849684,1785,17.85%,3547,0.1002283684344075,0,Not Recommended,0.00 to 0.19,0% to 19%,34,technician,married,professional.course,telephone,may,3,0,nonexistent,0,0,0,0,0,0,0
test_003488,test,0,Did Not Subscribe,0.17843604,1784,17.84%,3548,0.0999746257295103,0,Not Recommended,0.00 to 0.19,0% to 19%,52,admin.,divorced,university.degree,telephone,may,2,0,nonexistent,0,0,0,0,0,0,0
test_000814,test,0,Did Not Subscribe,0.17829569,1783,17.83%,3549,0.099720883024613,0,Not Recommended,0.00 to 0.19,0% to 19%,51,housemaid,married,high.school,cellular,nov,6,0,nonexistent,0,0,0,0,0,0,0
test_003134,test,0,Did Not Subscribe,0.17822902,1782,17.82%,3550,0.0994671403197158,0,Not Recommended,0.00 to 0.19,0% to 19%,31,blue-collar,married,basic.9y,telephone,may,7,1,failure,0,0,0,0,0,0,0
test_002635,test,0,Did Not Subscribe,0.178216,1782,17.82%,3551,0.0992133976148186,0,Not Recommended,0.00 to 0.19,0% to 19%,47,self-employed,married,university.degree,telephone,may,5,0,nonexistent,0,0,0,0,0,0,0
test_001395,test,1,Subscribed,0.17802191,1780,17.80%,3552,0.0989596549099213,0,Not Recommended,0.00 to 0.19,0% to 19%,31,entrepreneur,divorced,high.school,telephone,may,2,0,nonexistent,0,0,0,0,0,0,0
test_003541,test,0,Did Not Subscribe,0.17801596,1780,17.80%,3553,0.0987059122050241,0,Not Recommended,0.00 to 0.19,0% to 19%,44,blue-collar,single,basic.9y,telephone,may,2,0,nonexistent,0,0,0,0,0,0,0
test_002391,test,0,Did Not Subscribe,0.17800334,1780,17.80%,3554,0.0984521695001269,0,Not Recommended,0.00 to 0.19,0% to 19%,34,management,married,university.degree,telephone,may,1,0,nonexistent,0,0,0,0,0,0,0
test_000113,test,0,Did Not Subscribe,0.17783146,1778,17.78%,3555,0.0981984267952296,0,Not Recommended,0.00 to 0.19,0% to 19%,37,technician,single,university.degree,telephone,may,2,0,nonexistent,0,0,0,0,0,0,0
test_003697,test,0,Did Not Subscribe,0.17781106,1778,17.78%,3556,0.0979446840903324,0,Not Recommended,0.00 to 0.19,0% to 19%,34,services,married,high.school,telephone,may,1,0,nonexistent,0,0,0,0,0,0,0
test_000534,test,0,Did Not Subscribe,0.17767732,1777,17.77%,3557,0.0976909413854352,0,Not Recommended,0.00 to 0.19,0% to 19%,41,admin.,married,high.school,telephone,may,1,0,nonexistent,0,0,0,0,0,0,0
test_001456,test,0,Did Not Subscribe,0.17760438,1776,17.76%,3558,0.0974371986805379,0,Not Recommended,0.00 to 0.19,0% to 19%,44,blue-collar,married,basic.9y,telephone,may,1,0,nonexistent,0,0,0,0,0,0,0
test_000974,test,0,Did Not Subscribe,0.17758676,1776,17.76%,3559,0.0971834559756407,0,Not Recommended,0.00 to 0.19,0% to 19%,42,blue-collar,married,basic.4y,telephone,may,2,0,nonexistent,0,0,0,0,0,0,0
test_001959,test,0,Did Not Subscribe,0.17758164,1776,17.76%,3560,0.0969297132707435,0,Not Recommended,0.00 to 0.19,0% to 19%,32,services,married,high.school,telephone,may,2,0,nonexistent,0,0,0,0,0,0,0
test_003088,test,0,Did Not Subscribe,0.17750227,1775,17.75%,3561,0.0966759705658462,0,Not Recommended,0.00 to 0.19,0% to 19%,50,admin.,single,university.degree,telephone,may,1,0,nonexistent,0,0,0,0,0,0,0
test_001548,test,0,Did Not Subscribe,0.17746893,1775,17.75%,3562,0.096422227860949,0,Not Recommended,0.00 to 0.19,0% to 19%,47,blue-collar,divorced,basic.4y,cellular,may,3,1,failure,0,0,0,0,0,0,0
test_003442,test,0,Did Not Subscribe,0.17741823,1774,17.74%,3563,0.0961684851560518,0,Not Recommended,0.00 to 0.19,0% to 19%,42,blue-collar,married,basic.6y,telephone,may,3,0,nonexistent,0,0,0,0,0,0,0
test_002621,test,0,Did Not Subscribe,0.17740694,1774,17.74%,3564,0.0959147424511545,0,Not Recommended,0.00 to 0.19,0% to 19%,50,services,divorced,basic.4y,telephone,jun,4,0,nonexistent,0,0,0,0,0,0,0
test_001666,test,0,Did Not Subscribe,0.17696553,1770,17.70%,3565,0.0956609997462573,0,Not Recommended,0.00 to 0.19,0% to 19%,53,self-employed,married,basic.4y,cellular,may,2,1,failure,0,0,0,0,0,0,0
test_001320,test,0,Did Not Subscribe,0.17689347,1769,17.69%,3566,0.0954072570413601,0,Not Recommended,0.00 to 0.19,0% to 19%,43,management,married,basic.6y,telephone,may,1,0,nonexistent,0,0,0,0,0,0,0
test_003644,test,0,Did Not Subscribe,0.17675374,1768,17.68%,3567,0.0951535143364628,0,Not Recommended,0.00 to 0.19,0% to 19%,41,management,married,basic.6y,telephone,may,1,0,nonexistent,0,0,0,0,0,0,0
test_000948,test,0,Did Not Subscribe,0.17673078,1767,17.67%,3568,0.0948997716315656,0,Not Recommended,0.00 to 0.19,0% to 19%,42,blue-collar,married,basic.9y,telephone,may,3,0,nonexistent,0,0,0,0,0,0,0
test_001704,test,0,Did Not Subscribe,0.17663729,1766,17.66%,3569,0.0946460289266684,0,Not Recommended,0.00 to 0.19,0% to 19%,46,services,married,professional.course,telephone,jun,3,0,nonexistent,0,0,0,0,0,0,0
test_001622,test,0,Did Not Subscribe,0.17655325,1766,17.66%,3570,0.0943922862217711,0,Not Recommended,0.00 to 0.19,0% to 19%,42,blue-collar,married,basic.9y,telephone,may,5,0,nonexistent,0,0,0,0,0,0,0
test_001941,test,1,Subscribed,0.17646837,1765,17.65%,3571,0.0941385435168739,0,Not Recommended,0.00 to 0.19,0% to 19%,51,admin.,single,basic.6y,telephone,may,1,0,nonexistent,0,0,0,0,0,0,0
test_003239,test,0,Did Not Subscribe,0.17641377,1764,17.64%,3572,0.0938848008119767,0,Not Recommended,0.00 to 0.19,0% to 19%,45,blue-collar,married,basic.9y,telephone,may,3,0,nonexistent,0,0,0,0,0,0,0
test_001019,test,0,Did Not Subscribe,0.17639297,1764,17.64%,3573,0.0936310581070793,0,Not Recommended,0.00 to 0.19,0% to 19%,36,technician,married,professional.course,telephone,may,1,0,nonexistent,0,0,0,0,0,0,0
test_002237,test,0,Did Not Subscribe,0.17626894,1763,17.63%,3574,0.0933773154021821,0,Not Recommended,0.00 to 0.19,0% to 19%,49,services,married,high.school,telephone,may,2,0,nonexistent,0,0,0,0,0,0,0
test_001272,test,0,Did Not Subscribe,0.1762152,1762,17.62%,3575,0.093123572697285,0,Not Recommended,0.00 to 0.19,0% to 19%,31,services,married,high.school,telephone,may,2,0,nonexistent,0,0,0,0,0,0,0
test_003587,test,0,Did Not Subscribe,0.17618077,1762,17.62%,3576,0.0928698299923876,0,Not Recommended,0.00 to 0.19,0% to 19%,35,housemaid,single,professional.course,cellular,aug,1,0,nonexistent,0,0,0,0,0,0,0
test_000041,test,0,Did Not Subscribe,0.17613336,1761,17.61%,3577,0.0926160872874904,0,Not Recommended,0.00 to 0.19,0% to 19%,41,management,divorced,university.degree,telephone,may,2,0,nonexistent,0,0,0,0,0,0,0
test_003142,test,0,Did Not Subscribe,0.17597765,1760,17.60%,3578,0.0923623445825932,0,Not Recommended,0.00 to 0.19,0% to 19%,46,services,married,basic.9y,telephone,jun,1,0,nonexistent,0,0,0,0,0,0,0
test_001072,test,0,Did Not Subscribe,0.17596291,1760,17.60%,3579,0.0921086018776959,0,Not Recommended,0.00 to 0.19,0% to 19%,45,technician,divorced,professional.course,telephone,may,7,0,nonexistent,0,0,0,0,0,0,0
test_000013,test,0,Did Not Subscribe,0.17595518,1760,17.60%,3580,0.0918548591727987,0,Not Recommended,0.00 to 0.19,0% to 19%,58,housemaid,married,basic.4y,telephone,may,3,0,nonexistent,0,0,0,0,0,0,0
test_000287,test,0,Did Not Subscribe,0.17585304,1759,17.59%,3581,0.0916011164679015,0,Not Recommended,0.00 to 0.19,0% to 19%,52,housemaid,married,basic.4y,cellular,aug,2,0,nonexistent,0,0,0,0,0,0,0
test_000961,test,0,Did Not Subscribe,0.17584246,1758,17.58%,3582,0.0913473737630042,0,Not Recommended,0.00 to 0.19,0% to 19%,44,technician,married,professional.course,telephone,may,1,0,nonexistent,0,0,0,0,0,0,0
test_000067,test,0,Did Not Subscribe,0.17583722,1758,17.58%,3583,0.091093631058107,0,Not Recommended,0.00 to 0.19,0% to 19%,48,blue-collar,divorced,high.school,telephone,jul,3,0,nonexistent,0,0,0,0,0,0,0
test_002576,test,0,Did Not Subscribe,0.17583545,1758,17.58%,3584,0.0908398883532098,0,Not Recommended,0.00 to 0.19,0% to 19%,50,self-employed,married,basic.4y,telephone,may,2,0,nonexistent,0,0,0,0,0,0,0
test_001532,test,0,Did Not Subscribe,0.17567357,1757,17.57%,3585,0.0905861456483125,0,Not Recommended,0.00 to 0.19,0% to 19%,46,unemployed,divorced,basic.9y,telephone,may,1,0,nonexistent,0,0,0,0,0,0,0
test_000897,test,0,Did Not Subscribe,0.17565851,1757,17.57%,3586,0.0903324029434153,0,Not Recommended,0.00 to 0.19,0% to 19%,31,services,single,high.school,telephone,may,12,0,nonexistent,0,0,0,0,0,0,0
test_002866,test,0,Did Not Subscribe,0.17559376,1756,17.56%,3587,0.0900786602385181,0,Not Recommended,0.00 to 0.19,0% to 19%,40,self-employed,married,high.school,telephone,may,2,0,nonexistent,0,0,0,0,0,0,0
test_003530,test,0,Did Not Subscribe,0.17545146,1755,17.55%,3588,0.0898249175336208,0,Not Recommended,0.00 to 0.19,0% to 19%,43,unemployed,married,basic.9y,telephone,may,2,0,nonexistent,0,0,0,0,0,0,0
test_000956,test,0,Did Not Subscribe,0.17544033,1754,17.54%,3589,0.0895711748287236,0,Not Recommended,0.00 to 0.19,0% to 19%,31,blue-collar,married,basic.4y,telephone,jun,2,0,nonexistent,0,0,0,0,0,0,0
test_002314,test,0,Did Not Subscribe,0.1752675,1753,17.53%,3590,0.0893174321238264,0,Not Recommended,0.00 to 0.19,0% to 19%,35,admin.,married,professional.course,telephone,may,2,0,nonexistent,0,0,0,0,0,0,0
test_003254,test,0,Did Not Subscribe,0.17521407,1752,17.52%,3591,0.0890636894189291,0,Not Recommended,0.00 to 0.19,0% to 19%,35,admin.,married,university.degree,telephone,may,9,0,nonexistent,0,0,0,0,0,0,0
test_002298,test,0,Did Not Subscribe,0.17482613,1748,17.48%,3592,0.0888099467140319,0,Not Recommended,0.00 to 0.19,0% to 19%,49,admin.,married,university.degree,telephone,may,3,0,nonexistent,0,0,0,0,0,0,0
test_000286,test,0,Did Not Subscribe,0.17467095,1747,17.47%,3593,0.0885562040091347,0,Not Recommended,0.00 to 0.19,0% to 19%,38,admin.,divorced,university.degree,cellular,nov,2,1,failure,0,0,0,0,0,0,0
test_003552,test,0,Did Not Subscribe,0.17456079,1746,17.46%,3594,0.0883024613042374,0,Not Recommended,0.00 to 0.19,0% to 19%,47,unknown,married,unknown,cellular,aug,5,0,nonexistent,0,0,0,0,0,0,0
test_000863,test,0,Did Not Subscribe,0.17436366,1744,17.44%,3595,0.0880487185993402,0,Not Recommended,0.00 to 0.19,0% to 19%,45,management,married,university.degree,cellular,aug,15,0,nonexistent,0,0,0,0,0,0,0
test_003788,test,0,Did Not Subscribe,0.17430575,1743,17.43%,3596,0.087794975894443,0,Not Recommended,0.00 to 0.19,0% to 19%,38,services,married,high.school,telephone,may,2,0,nonexistent,0,0,0,0,0,0,0
test_002145,test,0,Did Not Subscribe,0.17428681,1743,17.43%,3597,0.0875412331895457,0,Not Recommended,0.00 to 0.19,0% to 19%,28,services,married,high.school,telephone,may,2,0,nonexistent,0,0,0,0,0,0,0
test_002515,test,0,Did Not Subscribe,0.17422347,1742,17.42%,3598,0.0872874904846485,0,Not Recommended,0.00 to 0.19,0% to 19%,30,technician,single,professional.course,telephone,may,4,0,nonexistent,0,0,0,0,0,0,0
test_002853,test,0,Did Not Subscribe,0.17419025,1742,17.42%,3599,0.0870337477797513,0,Not Recommended,0.00 to 0.19,0% to 19%,36,unknown,single,basic.6y,telephone,may,1,0,nonexistent,0,0,0,0,0,0,0
test_000142,test,0,Did Not Subscribe,0.17415531,1742,17.42%,3600,0.086780005074854,0,Not Recommended,0.00 to 0.19,0% to 19%,54,housemaid,married,professional.course,telephone,jun,4,0,nonexistent,0,0,0,0,0,0,0
test_000490,test,0,Did Not Subscribe,0.17405486,1741,17.41%,3601,0.0865262623699568,0,Not Recommended,0.00 to 0.19,0% to 19%,44,admin.,married,university.degree,telephone,may,1,0,nonexistent,0,0,0,0,0,0,0
test_000268,test,0,Did Not Subscribe,0.17405279,1741,17.41%,3602,0.0862725196650596,0,Not Recommended,0.00 to 0.19,0% to 19%,41,blue-collar,married,basic.9y,telephone,may,5,0,nonexistent,0,0,0,0,0,0,0
test_002011,test,0,Did Not Subscribe,0.17397015,1740,17.40%,3603,0.0860187769601623,0,Not Recommended,0.00 to 0.19,0% to 19%,47,services,married,high.school,telephone,jun,1,0,nonexistent,0,0,0,0,0,0,0
test_000235,test,0,Did Not Subscribe,0.17390603,1739,17.39%,3604,0.0857650342552651,0,Not Recommended,0.00 to 0.19,0% to 19%,40,blue-collar,married,basic.6y,cellular,nov,3,0,nonexistent,0,0,0,0,0,0,0
test_001953,test,0,Did Not Subscribe,0.17373627,1737,17.37%,3605,0.0855112915503679,0,Not Recommended,0.00 to 0.19,0% to 19%,47,blue-collar,married,basic.9y,telephone,may,1,0,nonexistent,0,0,0,0,0,0,0
test_003161,test,0,Did Not Subscribe,0.17370145,1737,17.37%,3606,0.0852575488454706,0,Not Recommended,0.00 to 0.19,0% to 19%,34,admin.,married,high.school,cellular,nov,3,1,failure,0,0,0,0,0,0,0
test_003354,test,0,Did Not Subscribe,0.17364725,1736,17.36%,3607,0.0850038061405734,0,Not Recommended,0.00 to 0.19,0% to 19%,49,technician,married,professional.course,telephone,may,1,0,nonexistent,0,0,0,0,0,0,0
test_002309,test,0,Did Not Subscribe,0.1736294,1736,17.36%,3608,0.0847500634356762,0,Not Recommended,0.00 to 0.19,0% to 19%,49,admin.,married,unknown,telephone,nov,9,0,nonexistent,0,0,0,0,0,0,0
test_003454,test,0,Did Not Subscribe,0.1734244,1734,17.34%,3609,0.0844963207307789,0,Not Recommended,0.00 to 0.19,0% to 19%,32,admin.,divorced,high.school,telephone,may,1,0,nonexistent,0,0,0,0,0,0,0
test_000879,test,0,Did Not Subscribe,0.17335841,1734,17.34%,3610,0.0842425780258817,0,Not Recommended,0.00 to 0.19,0% to 19%,50,blue-collar,married,basic.6y,telephone,may,3,0,nonexistent,0,0,0,0,0,0,0
test_001668,test,0,Did Not Subscribe,0.1733272,1733,17.33%,3611,0.0839888353209845,0,Not Recommended,0.00 to 0.19,0% to 19%,35,admin.,single,high.school,telephone,may,3,0,nonexistent,0,0,0,0,0,0,0
test_001341,test,0,Did Not Subscribe,0.17303759,1730,17.30%,3612,0.0837350926160872,0,Not Recommended,0.00 to 0.19,0% to 19%,48,admin.,married,high.school,telephone,may,2,0,nonexistent,0,0,0,0,0,0,0
test_001055,test,0,Did Not Subscribe,0.17278565,1728,17.28%,3613,0.08348134991119,0,Not Recommended,0.00 to 0.19,0% to 19%,46,blue-collar,married,basic.4y,telephone,may,4,0,nonexistent,0,0,0,0,0,0,0
test_001346,test,0,Did Not Subscribe,0.17271346,1727,17.27%,3614,0.0832276072062928,0,Not Recommended,0.00 to 0.19,0% to 19%,31,admin.,married,high.school,telephone,may,3,0,nonexistent,0,0,0,0,0,0,0
test_002776,test,0,Did Not Subscribe,0.17248347,1725,17.25%,3615,0.0829738645013955,0,Not Recommended,0.00 to 0.19,0% to 19%,50,services,married,professional.course,telephone,may,3,0,nonexistent,0,0,0,0,0,0,0
test_000559,test,0,Did Not Subscribe,0.17245859,1725,17.25%,3616,0.0827201217964983,0,Not Recommended,0.00 to 0.19,0% to 19%,31,blue-collar,married,basic.4y,telephone,may,2,0,nonexistent,0,0,0,0,0,0,0
test_003855,test,0,Did Not Subscribe,0.17244613,1724,17.24%,3617,0.0824663790916011,0,Not Recommended,0.00 to 0.19,0% to 19%,33,admin.,divorced,high.school,telephone,may,2,0,nonexistent,0,0,0,0,0,0,0
test_002473,test,0,Did Not Subscribe,0.17244346,1724,17.24%,3618,0.0822126363867038,0,Not Recommended,0.00 to 0.19,0% to 19%,49,housemaid,married,basic.4y,telephone,may,1,0,nonexistent,0,0,0,0,0,0,0
test_003684,test,0,Did Not Subscribe,0.17225331,1723,17.23%,3619,0.0819588936818066,0,Not Recommended,0.00 to 0.19,0% to 19%,42,admin.,single,unknown,telephone,may,6,0,nonexistent,0,0,0,0,0,0,0
test_003364,test,0,Did Not Subscribe,0.17200275,1720,17.20%,3620,0.0817051509769094,0,Not Recommended,0.00 to 0.19,0% to 19%,33,admin.,single,university.degree,telephone,may,5,0,nonexistent,0,0,0,0,0,0,0
test_000331,test,1,Subscribed,0.1718579,1719,17.19%,3621,0.0814514082720121,0,Not Recommended,0.00 to 0.19,0% to 19%,39,services,married,high.school,telephone,may,1,0,nonexistent,0,0,0,0,0,0,0
test_000362,test,0,Did Not Subscribe,0.17171189,1717,17.17%,3622,0.0811976655671149,0,Not Recommended,0.00 to 0.19,0% to 19%,32,housemaid,married,basic.4y,telephone,may,2,0,nonexistent,0,0,0,0,0,0,0
test_001287,test,0,Did Not Subscribe,0.1716792,1717,17.17%,3623,0.0809439228622177,0,Not Recommended,0.00 to 0.19,0% to 19%,46,blue-collar,married,basic.4y,cellular,nov,2,0,nonexistent,0,0,0,0,0,0,0
test_001948,test,0,Did Not Subscribe,0.17154238,1715,17.15%,3624,0.0806901801573204,0,Not Recommended,0.00 to 0.19,0% to 19%,44,blue-collar,divorced,basic.6y,telephone,may,2,0,nonexistent,0,0,0,0,0,0,0
test_001370,test,0,Did Not Subscribe,0.1712749,1713,17.13%,3625,0.0804364374524232,0,Not Recommended,0.00 to 0.19,0% to 19%,30,services,married,high.school,telephone,may,1,0,nonexistent,0,0,0,0,0,0,0
test_002190,test,0,Did Not Subscribe,0.17122713,1712,17.12%,3626,0.080182694747526,0,Not Recommended,0.00 to 0.19,0% to 19%,55,admin.,married,high.school,telephone,may,1,0,nonexistent,0,0,0,0,0,0,0
test_002864,test,0,Did Not Subscribe,0.17102867,1710,17.10%,3627,0.0799289520426287,0,Not Recommended,0.00 to 0.19,0% to 19%,31,blue-collar,single,unknown,telephone,jun,1,0,nonexistent,0,0,0,0,0,0,0
test_000674,test,0,Did Not Subscribe,0.1708788,1709,17.09%,3628,0.0796752093377315,0,Not Recommended,0.00 to 0.19,0% to 19%,34,management,married,university.degree,telephone,may,1,0,nonexistent,0,0,0,0,0,0,0
test_002191,test,0,Did Not Subscribe,0.17085421,1709,17.09%,3629,0.0794214666328343,0,Not Recommended,0.00 to 0.19,0% to 19%,42,self-employed,married,unknown,telephone,jun,3,0,nonexistent,0,0,0,0,0,0,0
test_003411,test,0,Did Not Subscribe,0.1707586,1708,17.08%,3630,0.079167723927937,0,Not Recommended,0.00 to 0.19,0% to 19%,50,self-employed,unknown,basic.6y,telephone,may,3,0,nonexistent,0,0,0,0,0,0,0
test_001659,test,0,Did Not Subscribe,0.17048025,1705,17.05%,3631,0.0789139812230398,0,Not Recommended,0.00 to 0.19,0% to 19%,38,self-employed,divorced,basic.9y,telephone,may,3,0,nonexistent,0,0,0,0,0,0,0
test_002749,test,0,Did Not Subscribe,0.1703441,1703,17.03%,3632,0.0786602385181426,0,Not Recommended,0.00 to 0.19,0% to 19%,41,technician,single,university.degree,telephone,jun,1,0,nonexistent,0,0,0,0,0,0,0
test_003156,test,0,Did Not Subscribe,0.17003134,1700,17.00%,3633,0.0784064958132453,0,Not Recommended,0.00 to 0.19,0% to 19%,44,blue-collar,married,basic.4y,telephone,may,3,0,nonexistent,0,0,0,0,0,0,0
test_001531,test,0,Did Not Subscribe,0.16992691,1699,16.99%,3634,0.0781527531083481,0,Not Recommended,0.00 to 0.19,0% to 19%,37,services,married,basic.6y,cellular,nov,1,0,nonexistent,0,0,0,0,0,0,0
test_001212,test,0,Did Not Subscribe,0.16989909,1699,16.99%,3635,0.0778990104034509,0,Not Recommended,0.00 to 0.19,0% to 19%,32,admin.,single,university.degree,telephone,may,1,0,nonexistent,0,0,0,0,0,0,0
test_001134,test,0,Did Not Subscribe,0.16989857,1699,16.99%,3636,0.0776452676985536,0,Not Recommended,0.00 to 0.19,0% to 19%,46,blue-collar,married,basic.9y,telephone,jul,4,0,nonexistent,0,0,0,0,0,0,0
test_001262,test,0,Did Not Subscribe,0.16962048,1696,16.96%,3637,0.0773915249936564,0,Not Recommended,0.00 to 0.19,0% to 19%,47,admin.,divorced,university.degree,telephone,may,1,0,nonexistent,0,0,0,0,0,0,0
test_003425,test,0,Did Not Subscribe,0.16944231,1694,16.94%,3638,0.0771377822887592,0,Not Recommended,0.00 to 0.19,0% to 19%,39,unemployed,single,basic.9y,telephone,may,1,0,nonexistent,0,0,0,0,0,0,0
test_003356,test,0,Did Not Subscribe,0.16936459,1694,16.94%,3639,0.0768840395838619,0,Not Recommended,0.00 to 0.19,0% to 19%,37,technician,married,professional.course,telephone,may,1,0,nonexistent,0,0,0,0,0,0,0
test_000615,test,0,Did Not Subscribe,0.16935013,1694,16.94%,3640,0.0766302968789647,0,Not Recommended,0.00 to 0.19,0% to 19%,52,management,married,professional.course,telephone,may,9,0,nonexistent,0,0,0,0,0,0,0
test_001435,test,0,Did Not Subscribe,0.16930206,1693,16.93%,3641,0.0763765541740675,0,Not Recommended,0.00 to 0.19,0% to 19%,51,blue-collar,married,basic.9y,telephone,may,2,0,nonexistent,0,0,0,0,0,0,0
test_000246,test,0,Did Not Subscribe,0.16922525,1692,16.92%,3642,0.0761228114691702,0,Not Recommended,0.00 to 0.19,0% to 19%,46,entrepreneur,married,high.school,telephone,may,4,0,nonexistent,0,0,0,0,0,0,0
test_001799,test,0,Did Not Subscribe,0.16914792,1691,16.91%,3643,0.075869068764273,0,Not Recommended,0.00 to 0.19,0% to 19%,37,blue-collar,married,professional.course,telephone,may,1,0,nonexistent,0,0,0,0,0,0,0
test_002142,test,0,Did Not Subscribe,0.16909964,1691,16.91%,3644,0.0756153260593758,0,Not Recommended,0.00 to 0.19,0% to 19%,29,admin.,married,university.degree,cellular,nov,1,1,failure,0,0,0,0,0,0,0
test_001220,test,0,Did Not Subscribe,0.16890095,1689,16.89%,3645,0.0753615833544785,0,Not Recommended,0.00 to 0.19,0% to 19%,36,services,married,high.school,telephone,may,3,0,nonexistent,0,0,0,0,0,0,0
test_002945,test,0,Did Not Subscribe,0.16886401,1689,16.89%,3646,0.0751078406495813,0,Not Recommended,0.00 to 0.19,0% to 19%,48,management,married,university.degree,telephone,may,1,0,nonexistent,0,0,0,0,0,0,0
test_002634,test,0,Did Not Subscribe,0.16874605,1687,16.87%,3647,0.0748540979446841,0,Not Recommended,0.00 to 0.19,0% to 19%,35,management,married,basic.4y,cellular,nov,1,1,failure,0,0,0,0,0,0,0
test_002761,test,0,Did Not Subscribe,0.16855323,1686,16.86%,3648,0.0746003552397868,0,Not Recommended,0.00 to 0.19,0% to 19%,41,self-employed,single,university.degree,telephone,may,17,0,nonexistent,0,0,0,0,0,0,0
test_000030,test,0,Did Not Subscribe,0.16821788,1682,16.82%,3649,0.0743466125348896,0,Not Recommended,0.00 to 0.19,0% to 19%,39,blue-collar,married,basic.4y,telephone,may,3,0,nonexistent,0,0,0,0,0,0,0
test_001353,test,0,Did Not Subscribe,0.16804609,1680,16.80%,3650,0.0740928698299924,0,Not Recommended,0.00 to 0.19,0% to 19%,44,blue-collar,single,basic.4y,telephone,may,2,0,nonexistent,0,0,0,0,0,0,0
test_003431,test,0,Did Not Subscribe,0.16792227,1679,16.79%,3651,0.0738391271250951,0,Not Recommended,0.00 to 0.19,0% to 19%,48,blue-collar,married,basic.4y,telephone,jun,2,0,nonexistent,0,0,0,0,0,0,0
test_003558,test,0,Did Not Subscribe,0.16790713,1679,16.79%,3652,0.0735853844201979,0,Not Recommended,0.00 to 0.19,0% to 19%,43,unemployed,single,university.degree,telephone,may,4,0,nonexistent,0,0,0,0,0,0,0
test_003283,test,0,Did Not Subscribe,0.16789283,1679,16.79%,3653,0.0733316417153007,0,Not Recommended,0.00 to 0.19,0% to 19%,32,blue-collar,married,basic.9y,telephone,may,2,0,nonexistent,0,0,0,0,0,0,0
test_001425,test,0,Did Not Subscribe,0.16776147,1678,16.78%,3654,0.0730778990104034,0,Not Recommended,0.00 to 0.19,0% to 19%,37,admin.,single,high.school,telephone,may,2,0,nonexistent,0,0,0,0,0,0,0
test_000394,test,0,Did Not Subscribe,0.16756527,1676,16.76%,3655,0.0728241563055062,0,Not Recommended,0.00 to 0.19,0% to 19%,48,blue-collar,married,high.school,telephone,may,1,0,nonexistent,0,0,0,0,0,0,0
test_001477,test,0,Did Not Subscribe,0.16754566,1675,16.75%,3656,0.072570413600609,0,Not Recommended,0.00 to 0.19,0% to 19%,48,technician,married,unknown,telephone,may,1,0,nonexistent,0,0,0,0,0,0,0
test_003128,test,0,Did Not Subscribe,0.16741228,1674,16.74%,3657,0.0723166708957117,0,Not Recommended,0.00 to 0.19,0% to 19%,37,services,single,basic.9y,cellular,nov,2,0,nonexistent,0,0,0,0,0,0,0
test_000885,test,0,Did Not Subscribe,0.1667068,1667,16.67%,3658,0.0720629281908145,0,Not Recommended,0.00 to 0.19,0% to 19%,44,blue-collar,married,high.school,telephone,may,3,0,nonexistent,0,0,0,0,0,0,0
test_003214,test,0,Did Not Subscribe,0.16663076,1666,16.66%,3659,0.0718091854859173,0,Not Recommended,0.00 to 0.19,0% to 19%,51,services,married,unknown,telephone,may,1,0,nonexistent,0,0,0,0,0,0,0
test_003898,test,0,Did Not Subscribe,0.16653064,1665,16.65%,3660,0.07155544278102,0,Not Recommended,0.00 to 0.19,0% to 19%,36,blue-collar,married,basic.9y,telephone,may,1,0,nonexistent,0,0,0,0,0,0,0
test_000855,test,0,Did Not Subscribe,0.16647992,1665,16.65%,3661,0.0713017000761228,0,Not Recommended,0.00 to 0.19,0% to 19%,33,management,single,unknown,telephone,may,2,0,nonexistent,0,0,0,0,0,0,0
test_003312,test,0,Did Not Subscribe,0.16642255,1664,16.64%,3662,0.0710479573712256,0,Not Recommended,0.00 to 0.19,0% to 19%,41,admin.,married,basic.9y,telephone,may,5,0,nonexistent,0,0,0,0,0,0,0
test_000876,test,0,Did Not Subscribe,0.16637717,1664,16.64%,3663,0.0707942146663282,0,Not Recommended,0.00 to 0.19,0% to 19%,35,technician,single,university.degree,telephone,may,15,0,nonexistent,0,0,0,0,0,0,0
test_003204,test,0,Did Not Subscribe,0.16633639,1663,16.63%,3664,0.0705404719614311,0,Not Recommended,0.00 to 0.19,0% to 19%,46,self-employed,married,basic.4y,cellular,nov,1,1,failure,0,0,0,0,0,0,0
test_001375,test,1,Subscribed,0.16613427,1661,16.61%,3665,0.0702867292565339,0,Not Recommended,0.00 to 0.19,0% to 19%,45,blue-collar,married,basic.6y,cellular,nov,2,0,nonexistent,0,0,0,0,0,0,0
test_001927,test,0,Did Not Subscribe,0.16594632,1659,16.59%,3666,0.0700329865516365,0,Not Recommended,0.00 to 0.19,0% to 19%,35,services,married,professional.course,telephone,may,1,0,nonexistent,0,0,0,0,0,0,0
test_002308,test,0,Did Not Subscribe,0.16586328,1659,16.59%,3667,0.0697792438467393,0,Not Recommended,0.00 to 0.19,0% to 19%,39,unemployed,married,high.school,telephone,may,1,0,nonexistent,0,0,0,0,0,0,0
test_002769,test,0,Did Not Subscribe,0.16582808,1658,16.58%,3668,0.0695255011418422,0,Not Recommended,0.00 to 0.19,0% to 19%,41,admin.,married,high.school,telephone,may,1,0,nonexistent,0,0,0,0,0,0,0
test_003163,test,0,Did Not Subscribe,0.16581023,1658,16.58%,3669,0.0692717584369448,0,Not Recommended,0.00 to 0.19,0% to 19%,45,services,married,high.school,cellular,apr,2,1,failure,0,0,0,0,0,0,0
test_000281,test,0,Did Not Subscribe,0.1657938,1658,16.58%,3670,0.0690180157320476,0,Not Recommended,0.00 to 0.19,0% to 19%,46,admin.,divorced,university.degree,telephone,may,1,0,nonexistent,0,0,0,0,0,0,0
test_000507,test,0,Did Not Subscribe,0.16557942,1656,16.56%,3671,0.0687642730271504,0,Not Recommended,0.00 to 0.19,0% to 19%,47,technician,divorced,university.degree,telephone,may,3,0,nonexistent,0,0,0,0,0,0,0
test_001559,test,0,Did Not Subscribe,0.16539258,1654,16.54%,3672,0.0685105303222531,0,Not Recommended,0.00 to 0.19,0% to 19%,43,services,single,high.school,telephone,may,1,0,nonexistent,0,0,0,0,0,0,0
test_003909,test,0,Did Not Subscribe,0.16538672,1654,16.54%,3673,0.0682567876173559,0,Not Recommended,0.00 to 0.19,0% to 19%,36,management,married,university.degree,telephone,may,2,0,nonexistent,0,0,0,0,0,0,0
test_001987,test,0,Did Not Subscribe,0.1652725,1653,16.53%,3674,0.0680030449124587,0,Not Recommended,0.00 to 0.19,0% to 19%,28,technician,married,professional.course,telephone,jul,1,0,nonexistent,0,0,0,0,0,0,0
test_003692,test,0,Did Not Subscribe,0.16516483,1652,16.52%,3675,0.0677493022075614,0,Not Recommended,0.00 to 0.19,0% to 19%,46,management,single,university.degree,cellular,nov,8,0,nonexistent,0,0,0,0,0,0,0
test_000345,test,0,Did Not Subscribe,0.16515134,1652,16.52%,3676,0.0674955595026642,0,Not Recommended,0.00 to 0.19,0% to 19%,34,blue-collar,single,basic.9y,telephone,may,1,0,nonexistent,0,0,0,0,0,0,0
test_003634,test,0,Did Not Subscribe,0.16513258,1651,16.51%,3677,0.067241816797767,0,Not Recommended,0.00 to 0.19,0% to 19%,45,unknown,married,unknown,telephone,jun,4,0,nonexistent,0,0,0,0,0,0,0
test_001883,test,0,Did Not Subscribe,0.16507952,1651,16.51%,3678,0.0669880740928697,0,Not Recommended,0.00 to 0.19,0% to 19%,36,blue-collar,married,basic.9y,telephone,may,2,0,nonexistent,0,0,0,0,0,0,0
test_001172,test,0,Did Not Subscribe,0.16503151,1650,16.50%,3679,0.0667343313879725,0,Not Recommended,0.00 to 0.19,0% to 19%,33,technician,married,basic.9y,telephone,may,1,0,nonexistent,0,0,0,0,0,0,0
test_003203,test,0,Did Not Subscribe,0.16500376,1650,16.50%,3680,0.0664805886830753,0,Not Recommended,0.00 to 0.19,0% to 19%,40,admin.,single,high.school,cellular,may,2,1,failure,0,0,0,0,0,0,0
test_000663,test,0,Did Not Subscribe,0.16495392,1650,16.50%,3681,0.066226845978178,0,Not Recommended,0.00 to 0.19,0% to 19%,31,management,single,high.school,telephone,may,2,0,nonexistent,0,0,0,0,0,0,0
test_000371,test,0,Did Not Subscribe,0.16494109,1649,16.49%,3682,0.0659731032732808,0,Not Recommended,0.00 to 0.19,0% to 19%,41,admin.,single,high.school,telephone,may,2,0,nonexistent,0,0,0,0,0,0,0
test_003770,test,0,Did Not Subscribe,0.1649372,1649,16.49%,3683,0.0657193605683836,0,Not Recommended,0.00 to 0.19,0% to 19%,48,admin.,single,high.school,telephone,jul,2,0,nonexistent,0,0,0,0,0,0,0
test_000395,test,0,Did Not Subscribe,0.1649265,1649,16.49%,3684,0.0654656178634863,0,Not Recommended,0.00 to 0.19,0% to 19%,39,unemployed,married,basic.9y,cellular,nov,1,1,failure,0,0,0,0,0,0,0
test_001612,test,0,Did Not Subscribe,0.1648609,1649,16.49%,3685,0.0652118751585891,0,Not Recommended,0.00 to 0.19,0% to 19%,36,blue-collar,single,high.school,telephone,may,1,0,nonexistent,0,0,0,0,0,0,0
test_001348,test,0,Did Not Subscribe,0.16483584,1648,16.48%,3686,0.0649581324536919,0,Not Recommended,0.00 to 0.19,0% to 19%,42,self-employed,married,high.school,telephone,may,1,0,nonexistent,0,0,0,0,0,0,0
test_002439,test,0,Did Not Subscribe,0.16481684,1648,16.48%,3687,0.0647043897487947,0,Not Recommended,0.00 to 0.19,0% to 19%,39,blue-collar,married,basic.9y,telephone,may,5,0,nonexistent,0,0,0,0,0,0,0
test_003608,test,1,Subscribed,0.16464022,1646,16.46%,3688,0.0644506470438974,0,Not Recommended,0.00 to 0.19,0% to 19%,58,admin.,single,university.degree,telephone,may,2,0,nonexistent,0,0,0,0,0,0,0
test_000111,test,0,Did Not Subscribe,0.16455007,1646,16.46%,3689,0.0641969043390002,0,Not Recommended,0.00 to 0.19,0% to 19%,59,management,married,basic.4y,telephone,may,1,0,nonexistent,0,0,0,0,0,0,0
test_003415,test,0,Did Not Subscribe,0.16446526,1645,16.45%,3690,0.063943161634103,0,Not Recommended,0.00 to 0.19,0% to 19%,33,housemaid,married,high.school,telephone,jun,2,0,nonexistent,0,0,0,0,0,0,0
test_000479,test,0,Did Not Subscribe,0.16440007,1644,16.44%,3691,0.0636894189292057,0,Not Recommended,0.00 to 0.19,0% to 19%,33,technician,married,professional.course,cellular,nov,7,0,nonexistent,0,0,0,0,0,0,0
test_001327,test,0,Did Not Subscribe,0.16431111,1643,16.43%,3692,0.0634356762243085,0,Not Recommended,0.00 to 0.19,0% to 19%,42,technician,married,professional.course,telephone,may,4,0,nonexistent,0,0,0,0,0,0,0
test_003037,test,0,Did Not Subscribe,0.16382928,1638,16.38%,3693,0.0631819335194113,0,Not Recommended,0.00 to 0.19,0% to 19%,49,technician,divorced,university.degree,telephone,may,8,0,nonexistent,0,0,0,0,0,0,0
test_002538,test,0,Did Not Subscribe,0.16381468,1638,16.38%,3694,0.062928190814514,0,Not Recommended,0.00 to 0.19,0% to 19%,51,technician,married,professional.course,telephone,may,1,0,nonexistent,0,0,0,0,0,0,0
test_000004,test,0,Did Not Subscribe,0.16375041,1638,16.38%,3695,0.0626744481096168,0,Not Recommended,0.00 to 0.19,0% to 19%,48,admin.,married,university.degree,telephone,may,2,0,nonexistent,0,0,0,0,0,0,0
test_002423,test,0,Did Not Subscribe,0.16356714,1636,16.36%,3696,0.0624207054047196,0,Not Recommended,0.00 to 0.19,0% to 19%,44,admin.,single,high.school,telephone,may,2,0,nonexistent,0,0,0,0,0,0,0
test_003725,test,0,Did Not Subscribe,0.16342157,1634,16.34%,3697,0.0621669626998223,0,Not Recommended,0.00 to 0.19,0% to 19%,50,technician,married,professional.course,telephone,may,2,0,nonexistent,0,0,0,0,0,0,0
test_002213,test,0,Did Not Subscribe,0.16341773,1634,16.34%,3698,0.0619132199949251,0,Not Recommended,0.00 to 0.19,0% to 19%,57,housemaid,married,high.school,telephone,jul,1,0,nonexistent,0,0,0,0,0,0,0
test_001271,test,0,Did Not Subscribe,0.16326609,1633,16.33%,3699,0.0616594772900279,0,Not Recommended,0.00 to 0.19,0% to 19%,55,unknown,married,unknown,cellular,aug,1,0,nonexistent,0,0,0,0,0,0,0
test_000429,test,0,Did Not Subscribe,0.16312796,1631,16.31%,3700,0.0614057345851306,0,Not Recommended,0.00 to 0.19,0% to 19%,37,admin.,married,university.degree,telephone,may,12,0,nonexistent,0,0,0,0,0,0,0
test_003138,test,0,Did Not Subscribe,0.16309562,1631,16.31%,3701,0.0611519918802334,0,Not Recommended,0.00 to 0.19,0% to 19%,41,blue-collar,married,basic.9y,cellular,nov,1,0,nonexistent,0,0,0,0,0,0,0
test_002352,test,0,Did Not Subscribe,0.16304979,1630,16.30%,3702,0.0608982491753362,0,Not Recommended,0.00 to 0.19,0% to 19%,50,blue-collar,married,basic.9y,telephone,may,2,0,nonexistent,0,0,0,0,0,0,0
test_000422,test,0,Did Not Subscribe,0.16287728,1629,16.29%,3703,0.0606445064704389,0,Not Recommended,0.00 to 0.19,0% to 19%,36,services,married,high.school,cellular,nov,2,0,nonexistent,0,0,0,0,0,0,0
test_002936,test,0,Did Not Subscribe,0.1628216,1628,16.28%,3704,0.0603907637655417,0,Not Recommended,0.00 to 0.19,0% to 19%,32,admin.,single,university.degree,cellular,nov,1,1,failure,0,0,0,0,0,0,0
test_002981,test,0,Did Not Subscribe,0.16275236,1628,16.28%,3705,0.0601370210606445,0,Not Recommended,0.00 to 0.19,0% to 19%,42,blue-collar,married,basic.9y,telephone,may,2,0,nonexistent,0,0,0,0,0,0,0
test_003302,test,0,Did Not Subscribe,0.16245325,1625,16.25%,3706,0.0598832783557472,0,Not Recommended,0.00 to 0.19,0% to 19%,36,services,married,high.school,telephone,may,1,0,nonexistent,0,0,0,0,0,0,0
test_001363,test,0,Did Not Subscribe,0.16233952,1623,16.23%,3707,0.05962953565085,0,Not Recommended,0.00 to 0.19,0% to 19%,39,self-employed,married,basic.9y,telephone,may,1,0,nonexistent,0,0,0,0,0,0,0
test_003941,test,0,Did Not Subscribe,0.16222396,1622,16.22%,3708,0.0593757929459528,0,Not Recommended,0.00 to 0.19,0% to 19%,52,housemaid,married,basic.4y,telephone,may,1,0,nonexistent,0,0,0,0,0,0,0
test_003680,test,0,Did Not Subscribe,0.16215111,1622,16.22%,3709,0.0591220502410555,0,Not Recommended,0.00 to 0.19,0% to 19%,42,admin.,single,unknown,telephone,may,3,0,nonexistent,0,0,0,0,0,0,0
test_002570,test,0,Did Not Subscribe,0.16213194,1621,16.21%,3710,0.0588683075361583,0,Not Recommended,0.00 to 0.19,0% to 19%,37,housemaid,single,professional.course,cellular,jul,1,0,nonexistent,0,0,0,0,0,0,0
test_002472,test,0,Did Not Subscribe,0.16212071,1621,16.21%,3711,0.0586145648312611,0,Not Recommended,0.00 to 0.19,0% to 19%,57,blue-collar,married,basic.4y,telephone,may,2,0,nonexistent,0,0,0,0,0,0,0
test_003809,test,0,Did Not Subscribe,0.16205049,1621,16.21%,3712,0.0583608221263638,0,Not Recommended,0.00 to 0.19,0% to 19%,56,admin.,single,high.school,telephone,may,2,0,nonexistent,0,0,0,0,0,0,0
test_000774,test,0,Did Not Subscribe,0.1620267,1620,16.20%,3713,0.0581070794214666,0,Not Recommended,0.00 to 0.19,0% to 19%,56,blue-collar,married,basic.4y,telephone,may,7,0,nonexistent,0,0,0,0,0,0,0
test_003329,test,0,Did Not Subscribe,0.16177967,1618,16.18%,3714,0.0578533367165694,0,Not Recommended,0.00 to 0.19,0% to 19%,43,technician,married,professional.course,cellular,nov,9,0,nonexistent,0,0,0,0,0,0,0
test_001292,test,1,Subscribed,0.16149615,1615,16.15%,3715,0.0575995940116721,0,Not Recommended,0.00 to 0.19,0% to 19%,24,admin.,married,basic.9y,telephone,may,2,0,nonexistent,0,0,0,0,0,0,0
test_001364,test,0,Did Not Subscribe,0.16146988,1615,16.15%,3716,0.0573458513067749,0,Not Recommended,0.00 to 0.19,0% to 19%,50,services,married,high.school,cellular,may,2,1,failure,0,0,0,0,0,0,0
test_003339,test,0,Did Not Subscribe,0.16141468,1614,16.14%,3717,0.0570921086018777,0,Not Recommended,0.00 to 0.19,0% to 19%,39,admin.,single,unknown,telephone,may,3,0,nonexistent,0,0,0,0,0,0,0
test_000567,test,0,Did Not Subscribe,0.16129224,1613,16.13%,3718,0.0568383658969804,0,Not Recommended,0.00 to 0.19,0% to 19%,46,blue-collar,married,basic.9y,telephone,may,10,0,nonexistent,0,0,0,0,0,0,0
test_003564,test,0,Did Not Subscribe,0.16123666,1612,16.12%,3719,0.0565846231920832,0,Not Recommended,0.00 to 0.19,0% to 19%,36,technician,married,professional.course,telephone,may,2,0,nonexistent,0,0,0,0,0,0,0
test_003646,test,0,Did Not Subscribe,0.1612031,1612,16.12%,3720,0.056330880487186,0,Not Recommended,0.00 to 0.19,0% to 19%,31,admin.,single,basic.9y,telephone,jun,15,0,nonexistent,0,0,0,0,0,0,0
test_002806,test,0,Did Not Subscribe,0.16068001,1607,16.07%,3721,0.0560771377822887,0,Not Recommended,0.00 to 0.19,0% to 19%,49,housemaid,married,basic.4y,telephone,may,1,0,nonexistent,0,0,0,0,0,0,0
test_000464,test,0,Did Not Subscribe,0.16054866,1605,16.05%,3722,0.0558233950773915,0,Not Recommended,0.00 to 0.19,0% to 19%,33,services,married,basic.4y,telephone,jun,6,0,nonexistent,0,0,0,0,0,0,0
test_001178,test,0,Did Not Subscribe,0.16053149,1605,16.05%,3723,0.0555696523724943,0,Not Recommended,0.00 to 0.19,0% to 19%,39,technician,married,professional.course,telephone,may,2,0,nonexistent,0,0,0,0,0,0,0
test_000106,test,0,Did Not Subscribe,0.16038238,1604,16.04%,3724,0.055315909667597,0,Not Recommended,0.00 to 0.19,0% to 19%,24,admin.,single,high.school,telephone,jul,1,0,nonexistent,0,0,0,0,0,0,0
test_002597,test,0,Did Not Subscribe,0.16000089,1600,16.00%,3725,0.0550621669626998,0,Not Recommended,0.00 to 0.19,0% to 19%,40,management,married,university.degree,telephone,may,2,0,nonexistent,0,0,0,0,0,0,0
test_002752,test,1,Subscribed,0.15959579,1596,15.96%,3726,0.0548084242578026,0,Not Recommended,0.00 to 0.19,0% to 19%,39,services,married,high.school,telephone,may,6,0,nonexistent,0,0,0,0,0,0,0
test_002072,test,0,Did Not Subscribe,0.15956108,1596,15.96%,3727,0.0545546815529053,0,Not Recommended,0.00 to 0.19,0% to 19%,57,services,married,basic.6y,telephone,may,2,0,nonexistent,0,0,0,0,0,0,0
test_003925,test,0,Did Not Subscribe,0.15946856,1595,15.95%,3728,0.0543009388480081,0,Not Recommended,0.00 to 0.19,0% to 19%,36,admin.,married,university.degree,telephone,may,1,0,nonexistent,0,0,0,0,0,0,0
test_001357,test,0,Did Not Subscribe,0.15928888,1593,15.93%,3729,0.0540471961431109,0,Not Recommended,0.00 to 0.19,0% to 19%,36,management,married,basic.9y,telephone,may,2,0,nonexistent,0,0,0,0,0,0,0
test_001332,test,0,Did Not Subscribe,0.15924548,1592,15.92%,3730,0.0537934534382136,0,Not Recommended,0.00 to 0.19,0% to 19%,35,blue-collar,married,basic.9y,telephone,may,6,0,nonexistent,0,0,0,0,0,0,0
test_000746,test,0,Did Not Subscribe,0.15922394,1592,15.92%,3731,0.0535397107333164,0,Not Recommended,0.00 to 0.19,0% to 19%,40,admin.,married,university.degree,telephone,may,1,0,nonexistent,0,0,0,0,0,0,0
test_002282,test,0,Did Not Subscribe,0.15921737,1592,15.92%,3732,0.0532859680284192,0,Not Recommended,0.00 to 0.19,0% to 19%,41,admin.,single,university.degree,cellular,nov,5,1,failure,0,0,0,0,0,0,0
test_002008,test,0,Did Not Subscribe,0.15921387,1592,15.92%,3733,0.0530322253235219,0,Not Recommended,0.00 to 0.19,0% to 19%,50,admin.,divorced,high.school,telephone,may,1,0,nonexistent,0,0,0,0,0,0,0
test_001109,test,0,Did Not Subscribe,0.15891825,1589,15.89%,3734,0.0527784826186247,0,Not Recommended,0.00 to 0.19,0% to 19%,46,management,married,basic.9y,telephone,may,2,0,nonexistent,0,0,0,0,0,0,0
test_003141,test,0,Did Not Subscribe,0.15866643,1587,15.87%,3735,0.0525247399137275,0,Not Recommended,0.00 to 0.19,0% to 19%,47,technician,married,professional.course,telephone,may,4,0,nonexistent,0,0,0,0,0,0,0
test_002494,test,0,Did Not Subscribe,0.15864977,1586,15.86%,3736,0.0522709972088302,0,Not Recommended,0.00 to 0.19,0% to 19%,48,unemployed,single,basic.4y,telephone,jun,6,0,nonexistent,0,0,0,0,0,0,0
test_000038,test,0,Did Not Subscribe,0.1586182,1586,15.86%,3737,0.052017254503933,0,Not Recommended,0.00 to 0.19,0% to 19%,43,admin.,divorced,high.school,telephone,may,1,0,nonexistent,0,0,0,0,0,0,0
test_001783,test,0,Did Not Subscribe,0.15847927,1585,15.85%,3738,0.0517635117990358,0,Not Recommended,0.00 to 0.19,0% to 19%,30,blue-collar,single,unknown,telephone,may,1,0,nonexistent,0,0,0,0,0,0,0
test_003922,test,0,Did Not Subscribe,0.15839139,1584,15.84%,3739,0.0515097690941385,0,Not Recommended,0.00 to 0.19,0% to 19%,59,retired,married,university.degree,telephone,may,6,0,nonexistent,0,0,0,0,0,0,0
test_003862,test,0,Did Not Subscribe,0.15837036,1584,15.84%,3740,0.0512560263892413,0,Not Recommended,0.00 to 0.19,0% to 19%,40,blue-collar,married,basic.9y,telephone,may,1,0,nonexistent,0,0,0,0,0,0,0
test_002680,test,0,Did Not Subscribe,0.15831274,1583,15.83%,3741,0.0510022836843441,0,Not Recommended,0.00 to 0.19,0% to 19%,50,admin.,married,high.school,telephone,jun,1,0,nonexistent,0,0,0,0,0,0,0
test_002193,test,0,Did Not Subscribe,0.15811849,1581,15.81%,3742,0.0507485409794468,0,Not Recommended,0.00 to 0.19,0% to 19%,47,admin.,single,unknown,telephone,may,1,0,nonexistent,0,0,0,0,0,0,0
test_001024,test,0,Did Not Subscribe,0.15807183,1581,15.81%,3743,0.0504947982745496,0,Not Recommended,0.00 to 0.19,0% to 19%,24,admin.,single,high.school,telephone,may,6,1,failure,0,0,0,0,0,0,0
test_002924,test,0,Did Not Subscribe,0.1580432,1580,15.80%,3744,0.0502410555696524,0,Not Recommended,0.00 to 0.19,0% to 19%,39,blue-collar,married,high.school,telephone,may,2,0,nonexistent,0,0,0,0,0,0,0
test_002873,test,0,Did Not Subscribe,0.15792274,1579,15.79%,3745,0.0499873128647551,0,Not Recommended,0.00 to 0.19,0% to 19%,56,services,married,high.school,telephone,may,3,0,nonexistent,0,0,0,0,0,0,0
test_002675,test,0,Did Not Subscribe,0.15784788,1578,15.78%,3746,0.0497335701598579,0,Not Recommended,0.00 to 0.19,0% to 19%,43,technician,married,basic.9y,telephone,may,2,0,nonexistent,0,0,0,0,0,0,0
test_000800,test,0,Did Not Subscribe,0.15762806,1576,15.76%,3747,0.0494798274549607,0,Not Recommended,0.00 to 0.19,0% to 19%,53,retired,married,basic.6y,telephone,may,5,0,nonexistent,0,0,0,0,0,0,0
test_000404,test,0,Did Not Subscribe,0.15756364,1576,15.76%,3748,0.0492260847500634,0,Not Recommended,0.00 to 0.19,0% to 19%,47,retired,married,basic.4y,telephone,may,2,0,nonexistent,0,0,0,0,0,0,0
test_003222,test,0,Did Not Subscribe,0.15756115,1576,15.76%,3749,0.0489723420451662,0,Not Recommended,0.00 to 0.19,0% to 19%,56,blue-collar,divorced,basic.9y,telephone,may,9,0,nonexistent,0,0,0,0,0,0,0
test_000601,test,0,Did Not Subscribe,0.15721592,1572,15.72%,3750,0.048718599340269,0,Not Recommended,0.00 to 0.19,0% to 19%,41,services,divorced,unknown,telephone,may,3,0,nonexistent,0,0,0,0,0,0,0
test_001374,test,0,Did Not Subscribe,0.15660147,1566,15.66%,3751,0.0484648566353717,0,Not Recommended,0.00 to 0.19,0% to 19%,35,services,divorced,high.school,telephone,may,3,0,nonexistent,0,0,0,0,0,0,0
test_002600,test,0,Did Not Subscribe,0.15634206,1563,15.63%,3752,0.0482111139304745,0,Not Recommended,0.00 to 0.19,0% to 19%,47,services,married,high.school,telephone,jun,1,0,nonexistent,0,0,0,0,0,0,0
test_000616,test,0,Did Not Subscribe,0.15631779,1563,15.63%,3753,0.0479573712255773,0,Not Recommended,0.00 to 0.19,0% to 19%,37,technician,single,high.school,telephone,may,4,0,nonexistent,0,0,0,0,0,0,0
test_000554,test,0,Did Not Subscribe,0.15624623,1562,15.62%,3754,0.04770362852068,0,Not Recommended,0.00 to 0.19,0% to 19%,36,admin.,married,high.school,telephone,may,2,0,nonexistent,0,0,0,0,0,0,0
test_001355,test,1,Subscribed,0.15624538,1562,15.62%,3755,0.0474498858157828,0,Not Recommended,0.00 to 0.19,0% to 19%,53,blue-collar,married,basic.4y,telephone,may,2,0,nonexistent,0,0,0,0,0,0,0
test_003362,test,0,Did Not Subscribe,0.15624067,1562,15.62%,3756,0.0471961431108856,0,Not Recommended,0.00 to 0.19,0% to 19%,45,blue-collar,married,basic.4y,telephone,may,2,0,nonexistent,0,0,0,0,0,0,0
test_001665,test,0,Did Not Subscribe,0.15621191,1562,15.62%,3757,0.0469424004059882,0,Not Recommended,0.00 to 0.19,0% to 19%,36,admin.,single,high.school,telephone,may,6,0,nonexistent,0,0,0,0,0,0,0
test_003531,test,0,Did Not Subscribe,0.15577582,1558,15.58%,3758,0.046688657701091,0,Not Recommended,0.00 to 0.19,0% to 19%,39,self-employed,married,high.school,telephone,may,5,0,nonexistent,0,0,0,0,0,0,0
test_001687,test,0,Did Not Subscribe,0.15543433,1554,15.54%,3759,0.0464349149961939,0,Not Recommended,0.00 to 0.19,0% to 19%,48,technician,single,university.degree,cellular,nov,4,1,failure,0,0,0,0,0,0,0
test_000816,test,0,Did Not Subscribe,0.15532903,1553,15.53%,3760,0.0461811722912965,0,Not Recommended,0.00 to 0.19,0% to 19%,32,unemployed,divorced,basic.4y,telephone,jun,1,0,nonexistent,0,0,0,0,0,0,0
test_002315,test,0,Did Not Subscribe,0.15526988,1553,15.53%,3761,0.0459274295863993,0,Not Recommended,0.00 to 0.19,0% to 19%,56,entrepreneur,married,unknown,telephone,may,1,0,nonexistent,0,0,0,0,0,0,0
test_003228,test,0,Did Not Subscribe,0.15518735,1552,15.52%,3762,0.0456736868815021,0,Not Recommended,0.00 to 0.19,0% to 19%,47,blue-collar,divorced,basic.9y,telephone,may,2,0,nonexistent,0,0,0,0,0,0,0
test_001549,test,0,Did Not Subscribe,0.15510917,1551,15.51%,3763,0.0454199441766048,0,Not Recommended,0.00 to 0.19,0% to 19%,37,blue-collar,single,unknown,telephone,may,1,0,nonexistent,0,0,0,0,0,0,0
test_001624,test,0,Did Not Subscribe,0.15502343,1550,15.50%,3764,0.0451662014717076,0,Not Recommended,0.00 to 0.19,0% to 19%,42,technician,single,high.school,telephone,may,6,0,nonexistent,0,0,0,0,0,0,0
test_002241,test,0,Did Not Subscribe,0.15497045,1550,15.50%,3765,0.0449124587668104,0,Not Recommended,0.00 to 0.19,0% to 19%,35,admin.,single,basic.4y,telephone,may,1,0,nonexistent,0,0,0,0,0,0,0
test_001562,test,0,Did Not Subscribe,0.15458089,1546,15.46%,3766,0.0446587160619131,0,Not Recommended,0.00 to 0.19,0% to 19%,34,admin.,single,basic.9y,telephone,may,2,0,nonexistent,0,0,0,0,0,0,0
test_002377,test,0,Did Not Subscribe,0.15456253,1546,15.46%,3767,0.0444049733570159,0,Not Recommended,0.00 to 0.19,0% to 19%,35,blue-collar,divorced,basic.4y,telephone,may,3,0,nonexistent,0,0,0,0,0,0,0
test_000886,test,0,Did Not Subscribe,0.15423493,1542,15.42%,3768,0.0441512306521187,0,Not Recommended,0.00 to 0.19,0% to 19%,35,admin.,divorced,high.school,telephone,may,2,1,failure,0,0,0,0,0,0,0
test_003022,test,0,Did Not Subscribe,0.15382677,1538,15.38%,3769,0.0438974879472214,0,Not Recommended,0.00 to 0.19,0% to 19%,48,technician,divorced,professional.course,telephone,jul,1,0,nonexistent,0,0,0,0,0,0,0
test_002904,test,0,Did Not Subscribe,0.15376286,1538,15.38%,3770,0.0436437452423242,0,Not Recommended,0.00 to 0.19,0% to 19%,49,admin.,married,high.school,cellular,aug,13,0,nonexistent,0,0,0,0,0,0,0
test_000619,test,0,Did Not Subscribe,0.15369293,1537,15.37%,3771,0.043390002537427,0,Not Recommended,0.00 to 0.19,0% to 19%,38,blue-collar,single,basic.9y,telephone,may,3,0,nonexistent,0,0,0,0,0,0,0
test_001297,test,0,Did Not Subscribe,0.15358093,1536,15.36%,3772,0.0431362598325297,0,Not Recommended,0.00 to 0.19,0% to 19%,46,entrepreneur,married,basic.4y,telephone,may,2,0,nonexistent,0,0,0,0,0,0,0
test_002235,test,0,Did Not Subscribe,0.15329641,1533,15.33%,3773,0.0428825171276325,0,Not Recommended,0.00 to 0.19,0% to 19%,32,admin.,divorced,high.school,telephone,may,2,0,nonexistent,0,0,0,0,0,0,0
test_000736,test,0,Did Not Subscribe,0.15263078,1526,15.26%,3774,0.0426287744227353,0,Not Recommended,0.00 to 0.19,0% to 19%,39,blue-collar,married,basic.9y,cellular,may,2,1,failure,0,0,0,0,0,0,0
test_001586,test,0,Did Not Subscribe,0.1525489,1525,15.25%,3775,0.042375031717838,0,Not Recommended,0.00 to 0.19,0% to 19%,34,blue-collar,divorced,basic.9y,telephone,may,8,1,failure,0,0,0,0,0,0,0
test_003117,test,1,Subscribed,0.15254347,1525,15.25%,3776,0.0421212890129408,0,Not Recommended,0.00 to 0.19,0% to 19%,46,blue-collar,married,basic.4y,telephone,may,2,0,nonexistent,0,0,0,0,0,0,0
test_001708,test,0,Did Not Subscribe,0.15217392,1522,15.22%,3777,0.0418675463080436,0,Not Recommended,0.00 to 0.19,0% to 19%,32,admin.,single,high.school,cellular,nov,1,1,failure,0,0,0,0,0,0,0
test_002502,test,0,Did Not Subscribe,0.1512827,1513,15.13%,3778,0.0416138036031463,0,Not Recommended,0.00 to 0.19,0% to 19%,56,admin.,divorced,unknown,telephone,jun,2,0,nonexistent,0,0,0,0,0,0,0
test_003828,test,0,Did Not Subscribe,0.15082131,1508,15.08%,3779,0.0413600608982491,0,Not Recommended,0.00 to 0.19,0% to 19%,36,admin.,married,high.school,telephone,may,2,0,nonexistent,0,0,0,0,0,0,0
test_003664,test,0,Did Not Subscribe,0.15077065,1508,15.08%,3780,0.0411063181933519,0,Not Recommended,0.00 to 0.19,0% to 19%,41,blue-collar,married,basic.4y,telephone,may,2,0,nonexistent,0,0,0,0,0,0,0
test_001469,test,0,Did Not Subscribe,0.15071772,1507,15.07%,3781,0.0408525754884546,0,Not Recommended,0.00 to 0.19,0% to 19%,35,blue-collar,divorced,high.school,telephone,may,2,0,nonexistent,0,0,0,0,0,0,0
test_001050,test,0,Did Not Subscribe,0.15052274,1505,15.05%,3782,0.0405988327835574,0,Not Recommended,0.00 to 0.19,0% to 19%,47,services,divorced,high.school,telephone,may,3,0,nonexistent,0,0,0,0,0,0,0
test_003175,test,0,Did Not Subscribe,0.15033746,1503,15.03%,3783,0.0403450900786602,0,Not Recommended,0.00 to 0.19,0% to 19%,34,blue-collar,married,basic.4y,telephone,may,2,0,nonexistent,0,0,0,0,0,0,0
test_002208,test,0,Did Not Subscribe,0.15020892,1502,15.02%,3784,0.0400913473737629,0,Not Recommended,0.00 to 0.19,0% to 19%,40,blue-collar,married,high.school,telephone,may,1,0,nonexistent,0,0,0,0,0,0,0
test_001047,test,0,Did Not Subscribe,0.15017678,1502,15.02%,3785,0.0398376046688657,0,Not Recommended,0.00 to 0.19,0% to 19%,40,blue-collar,married,basic.6y,cellular,nov,1,1,failure,0,0,0,0,0,0,0
test_000985,test,0,Did Not Subscribe,0.14979488,1498,14.98%,3786,0.0395838619639685,0,Not Recommended,0.00 to 0.19,0% to 19%,57,admin.,married,high.school,cellular,aug,15,0,nonexistent,0,0,0,0,0,0,0
test_000132,test,0,Did Not Subscribe,0.14963157,1496,14.96%,3787,0.0393301192590712,0,Not Recommended,0.00 to 0.19,0% to 19%,48,services,married,basic.9y,cellular,nov,1,0,nonexistent,0,0,0,0,0,0,0
test_000695,test,0,Did Not Subscribe,0.14954345,1495,14.95%,3788,0.039076376554174,0,Not Recommended,0.00 to 0.19,0% to 19%,47,admin.,married,university.degree,telephone,may,6,0,nonexistent,0,0,0,0,0,0,0
test_000121,test,0,Did Not Subscribe,0.14939745,1494,14.94%,3789,0.0388226338492768,0,Not Recommended,0.00 to 0.19,0% to 19%,53,admin.,married,university.degree,cellular,may,7,1,failure,0,0,0,0,0,0,0
test_001149,test,0,Did Not Subscribe,0.1493623,1494,14.94%,3790,0.0385688911443795,0,Not Recommended,0.00 to 0.19,0% to 19%,30,technician,single,unknown,telephone,may,3,0,nonexistent,0,0,0,0,0,0,0
test_002657,test,0,Did Not Subscribe,0.14836212,1484,14.84%,3791,0.0383151484394823,0,Not Recommended,0.00 to 0.19,0% to 19%,46,blue-collar,married,unknown,telephone,may,1,0,nonexistent,0,0,0,0,0,0,0
test_003560,test,0,Did Not Subscribe,0.14834186,1483,14.83%,3792,0.0380614057345851,0,Not Recommended,0.00 to 0.19,0% to 19%,39,blue-collar,married,professional.course,telephone,may,1,0,nonexistent,0,0,0,0,0,0,0
test_003719,test,0,Did Not Subscribe,0.14831488,1483,14.83%,3793,0.0378076630296878,0,Not Recommended,0.00 to 0.19,0% to 19%,33,housemaid,married,basic.4y,telephone,may,1,0,nonexistent,0,0,0,0,0,0,0
test_000382,test,0,Did Not Subscribe,0.14807403,1481,14.81%,3794,0.0375539203247906,0,Not Recommended,0.00 to 0.19,0% to 19%,38,admin.,married,high.school,telephone,may,2,0,nonexistent,0,0,0,0,0,0,0
test_003522,test,0,Did Not Subscribe,0.1475304,1475,14.75%,3795,0.0373001776198934,0,Not Recommended,0.00 to 0.19,0% to 19%,39,admin.,married,high.school,telephone,may,1,0,nonexistent,0,0,0,0,0,0,0
test_000247,test,0,Did Not Subscribe,0.14752048,1475,14.75%,3796,0.0370464349149961,0,Not Recommended,0.00 to 0.19,0% to 19%,38,management,married,unknown,telephone,may,5,1,failure,0,0,0,0,0,0,0
test_003235,test,0,Did Not Subscribe,0.1475096,1475,14.75%,3797,0.0367926922100989,0,Not Recommended,0.00 to 0.19,0% to 19%,37,housemaid,divorced,basic.9y,telephone,may,2,0,nonexistent,0,0,0,0,0,0,0
test_002451,test,0,Did Not Subscribe,0.14740644,1474,14.74%,3798,0.0365389495052017,0,Not Recommended,0.00 to 0.19,0% to 19%,39,admin.,married,high.school,telephone,may,5,0,nonexistent,0,0,0,0,0,0,0
test_002872,test,0,Did Not Subscribe,0.14732869,1473,14.73%,3799,0.0362852068003044,0,Not Recommended,0.00 to 0.19,0% to 19%,43,retired,married,basic.4y,telephone,may,3,0,nonexistent,0,0,0,0,0,0,0
test_000819,test,0,Did Not Subscribe,0.14729741,1473,14.73%,3800,0.0360314640954072,0,Not Recommended,0.00 to 0.19,0% to 19%,31,blue-collar,married,basic.9y,telephone,may,2,0,nonexistent,0,0,0,0,0,0,0
test_001219,test,0,Did Not Subscribe,0.14727008,1473,14.73%,3801,0.03577772139051,0,Not Recommended,0.00 to 0.19,0% to 19%,48,admin.,divorced,high.school,telephone,may,2,0,nonexistent,0,0,0,0,0,0,0
test_003186,test,0,Did Not Subscribe,0.14681007,1468,14.68%,3802,0.0355239786856127,0,Not Recommended,0.00 to 0.19,0% to 19%,57,blue-collar,married,basic.4y,telephone,may,2,0,nonexistent,0,0,0,0,0,0,0
test_002511,test,0,Did Not Subscribe,0.14678419,1468,14.68%,3803,0.0352702359807155,0,Not Recommended,0.00 to 0.19,0% to 19%,38,blue-collar,single,basic.4y,telephone,may,7,0,nonexistent,0,0,0,0,0,0,0
test_002224,test,0,Did Not Subscribe,0.14674582,1467,14.67%,3804,0.0350164932758183,0,Not Recommended,0.00 to 0.19,0% to 19%,37,blue-collar,married,basic.4y,telephone,may,13,0,nonexistent,0,0,0,0,0,0,0
test_000232,test,0,Did Not Subscribe,0.14631832,1463,14.63%,3805,0.034762750570921,0,Not Recommended,0.00 to 0.19,0% to 19%,36,technician,single,high.school,telephone,may,2,0,nonexistent,0,0,0,0,0,0,0
test_001442,test,0,Did Not Subscribe,0.14596072,1460,14.60%,3806,0.0345090078660238,0,Not Recommended,0.00 to 0.19,0% to 19%,46,blue-collar,married,basic.4y,telephone,may,1,0,nonexistent,0,0,0,0,0,0,0
test_001754,test,0,Did Not Subscribe,0.14565262,1457,14.57%,3807,0.0342552651611266,0,Not Recommended,0.00 to 0.19,0% to 19%,56,housemaid,divorced,basic.4y,telephone,jun,5,0,nonexistent,0,0,0,0,0,0,0
test_001490,test,0,Did Not Subscribe,0.1454955,1455,14.55%,3808,0.0340015224562293,0,Not Recommended,0.00 to 0.19,0% to 19%,55,admin.,married,high.school,telephone,may,6,0,nonexistent,0,0,0,0,0,0,0
test_000006,test,0,Did Not Subscribe,0.14505613,1451,14.51%,3809,0.0337477797513321,0,Not Recommended,0.00 to 0.19,0% to 19%,47,self-employed,married,basic.4y,telephone,jun,8,0,nonexistent,0,0,0,0,0,0,0
test_001213,test,0,Did Not Subscribe,0.14494325,1449,14.49%,3810,0.0334940370464349,0,Not Recommended,0.00 to 0.19,0% to 19%,54,unemployed,single,basic.6y,telephone,jun,1,0,nonexistent,0,0,0,0,0,0,0
test_002341,test,0,Did Not Subscribe,0.14487877,1449,14.49%,3811,0.0332402943415376,0,Not Recommended,0.00 to 0.19,0% to 19%,34,housemaid,married,university.degree,telephone,may,2,0,nonexistent,0,0,0,0,0,0,0
test_000500,test,0,Did Not Subscribe,0.14473273,1447,14.47%,3812,0.0329865516366404,0,Not Recommended,0.00 to 0.19,0% to 19%,46,self-employed,married,basic.9y,telephone,may,2,0,nonexistent,0,0,0,0,0,0,0
test_002506,test,0,Did Not Subscribe,0.14422451,1442,14.42%,3813,0.0327328089317432,0,Not Recommended,0.00 to 0.19,0% to 19%,36,services,married,high.school,telephone,may,1,0,nonexistent,0,0,0,0,0,0,0
test_003119,test,0,Did Not Subscribe,0.1441534,1442,14.42%,3814,0.0324790662268459,0,Not Recommended,0.00 to 0.19,0% to 19%,34,admin.,single,high.school,cellular,nov,1,1,failure,0,0,0,0,0,0,0
test_000520,test,0,Did Not Subscribe,0.1437952,1438,14.38%,3815,0.0322253235219487,0,Not Recommended,0.00 to 0.19,0% to 19%,29,entrepreneur,married,basic.4y,telephone,may,3,1,failure,0,0,0,0,0,0,0
test_000276,test,0,Did Not Subscribe,0.14360079,1436,14.36%,3816,0.0319715808170515,0,Not Recommended,0.00 to 0.19,0% to 19%,43,blue-collar,single,basic.4y,telephone,may,2,0,nonexistent,0,0,0,0,0,0,0
test_002231,test,0,Did Not Subscribe,0.14324264,1432,14.32%,3817,0.0317178381121542,0,Not Recommended,0.00 to 0.19,0% to 19%,36,blue-collar,married,basic.6y,telephone,may,4,0,nonexistent,0,0,0,0,0,0,0
test_003353,test,0,Did Not Subscribe,0.14307529,1431,14.31%,3818,0.031464095407257,0,Not Recommended,0.00 to 0.19,0% to 19%,41,self-employed,married,basic.9y,cellular,nov,2,0,nonexistent,0,0,0,0,0,0,0
test_003707,test,0,Did Not Subscribe,0.14283186,1428,14.28%,3819,0.0312103527023598,0,Not Recommended,0.00 to 0.19,0% to 19%,37,services,married,high.school,telephone,may,2,0,nonexistent,0,0,0,0,0,0,0
test_003857,test,1,Subscribed,0.14275065,1428,14.28%,3820,0.0309566099974625,0,Not Recommended,0.00 to 0.19,0% to 19%,59,unknown,married,unknown,telephone,jun,1,0,nonexistent,0,0,0,0,0,0,0
test_001561,test,0,Did Not Subscribe,0.14254694,1425,14.25%,3821,0.0307028672925653,0,Not Recommended,0.00 to 0.19,0% to 19%,37,services,divorced,high.school,telephone,may,4,0,nonexistent,0,0,0,0,0,0,0
test_002610,test,0,Did Not Subscribe,0.14220741,1422,14.22%,3822,0.0304491245876681,0,Not Recommended,0.00 to 0.19,0% to 19%,43,admin.,married,high.school,telephone,may,6,0,nonexistent,0,0,0,0,0,0,0
test_002160,test,0,Did Not Subscribe,0.14203483,1420,14.20%,3823,0.0301953818827708,0,Not Recommended,0.00 to 0.19,0% to 19%,39,blue-collar,married,basic.4y,telephone,may,7,0,nonexistent,0,0,0,0,0,0,0
test_003116,test,0,Did Not Subscribe,0.14197873,1420,14.20%,3824,0.0299416391778736,0,Not Recommended,0.00 to 0.19,0% to 19%,33,blue-collar,married,basic.4y,telephone,may,7,0,nonexistent,0,0,0,0,0,0,0
test_002081,test,0,Did Not Subscribe,0.14197738,1420,14.20%,3825,0.0296878964729764,0,Not Recommended,0.00 to 0.19,0% to 19%,41,technician,divorced,professional.course,cellular,aug,13,0,nonexistent,0,0,0,0,0,0,0
test_003655,test,0,Did Not Subscribe,0.14189893,1419,14.19%,3826,0.0294341537680791,0,Not Recommended,0.00 to 0.19,0% to 19%,52,housemaid,married,basic.4y,telephone,may,3,0,nonexistent,0,0,0,0,0,0,0
test_002627,test,0,Did Not Subscribe,0.1416711,1417,14.17%,3827,0.0291804110631819,0,Not Recommended,0.00 to 0.19,0% to 19%,46,blue-collar,married,professional.course,telephone,may,2,0,nonexistent,0,0,0,0,0,0,0
test_002854,test,0,Did Not Subscribe,0.14155085,1416,14.16%,3828,0.0289266683582847,0,Not Recommended,0.00 to 0.19,0% to 19%,47,services,divorced,high.school,telephone,may,5,0,nonexistent,0,0,0,0,0,0,0
test_000846,test,0,Did Not Subscribe,0.14140978,1414,14.14%,3829,0.0286729256533874,0,Not Recommended,0.00 to 0.19,0% to 19%,35,admin.,single,basic.4y,telephone,may,3,0,nonexistent,0,0,0,0,0,0,0
test_000923,test,0,Did Not Subscribe,0.14132388,1413,14.13%,3830,0.0284191829484902,0,Not Recommended,0.00 to 0.19,0% to 19%,40,admin.,married,basic.9y,telephone,may,2,0,nonexistent,0,0,0,0,0,0,0
test_002707,test,0,Did Not Subscribe,0.14117004,1412,14.12%,3831,0.028165440243593,0,Not Recommended,0.00 to 0.19,0% to 19%,45,admin.,single,unknown,telephone,may,3,0,nonexistent,0,0,0,0,0,0,0
test_001322,test,0,Did Not Subscribe,0.1408872,1409,14.09%,3832,0.0279116975386957,0,Not Recommended,0.00 to 0.19,0% to 19%,49,technician,married,professional.course,telephone,may,6,0,nonexistent,0,0,0,0,0,0,0
test_001080,test,0,Did Not Subscribe,0.14072178,1407,14.07%,3833,0.0276579548337985,0,Not Recommended,0.00 to 0.19,0% to 19%,41,blue-collar,married,basic.4y,telephone,may,1,0,nonexistent,0,0,0,0,0,0,0
test_001874,test,0,Did Not Subscribe,0.1402643,1403,14.03%,3834,0.0274042121289013,0,Not Recommended,0.00 to 0.19,0% to 19%,40,blue-collar,married,basic.9y,cellular,nov,1,1,failure,0,0,0,0,0,0,0
test_002516,test,0,Did Not Subscribe,0.14026126,1403,14.03%,3835,0.027150469424004,0,Not Recommended,0.00 to 0.19,0% to 19%,34,blue-collar,married,basic.4y,telephone,may,1,0,nonexistent,0,0,0,0,0,0,0
test_000722,test,1,Subscribed,0.14015591,1402,14.02%,3836,0.0268967267191068,0,Not Recommended,0.00 to 0.19,0% to 19%,44,entrepreneur,married,university.degree,cellular,nov,2,1,failure,0,0,0,0,0,0,0
test_000611,test,0,Did Not Subscribe,0.1401295,1401,14.01%,3837,0.0266429840142096,0,Not Recommended,0.00 to 0.19,0% to 19%,47,admin.,married,university.degree,cellular,nov,1,1,failure,0,0,0,0,0,0,0
test_002339,test,0,Did Not Subscribe,0.14000328,1400,14.00%,3838,0.0263892413093123,0,Not Recommended,0.00 to 0.19,0% to 19%,42,blue-collar,married,basic.4y,telephone,may,3,0,nonexistent,0,0,0,0,0,0,0
test_002366,test,0,Did Not Subscribe,0.1398157,1398,13.98%,3839,0.0261354986044151,0,Not Recommended,0.00 to 0.19,0% to 19%,45,entrepreneur,married,high.school,cellular,nov,1,1,failure,0,0,0,0,0,0,0
test_003237,test,0,Did Not Subscribe,0.13932012,1393,13.93%,3840,0.0258817558995179,0,Not Recommended,0.00 to 0.19,0% to 19%,42,blue-collar,married,basic.4y,telephone,may,2,0,nonexistent,0,0,0,0,0,0,0
test_003190,test,0,Did Not Subscribe,0.13858697,1386,13.86%,3841,0.0256280131946206,0,Not Recommended,0.00 to 0.19,0% to 19%,42,blue-collar,married,unknown,telephone,may,2,0,nonexistent,0,0,0,0,0,0,0
test_001350,test,0,Did Not Subscribe,0.13852696,1385,13.85%,3842,0.0253742704897234,0,Not Recommended,0.00 to 0.19,0% to 19%,46,blue-collar,married,basic.4y,telephone,may,3,0,nonexistent,0,0,0,0,0,0,0
test_000935,test,0,Did Not Subscribe,0.13852319,1385,13.85%,3843,0.0251205277848262,0,Not Recommended,0.00 to 0.19,0% to 19%,40,blue-collar,married,professional.course,cellular,nov,1,1,failure,0,0,0,0,0,0,0
test_000805,test,0,Did Not Subscribe,0.13850836,1385,13.85%,3844,0.0248667850799289,0,Not Recommended,0.00 to 0.19,0% to 19%,44,unknown,single,basic.9y,telephone,may,1,0,nonexistent,0,0,0,0,0,0,0
test_001118,test,0,Did Not Subscribe,0.13811342,1381,13.81%,3845,0.0246130423750317,0,Not Recommended,0.00 to 0.19,0% to 19%,35,management,married,high.school,telephone,may,5,0,nonexistent,0,0,0,0,0,0,0
test_003571,test,0,Did Not Subscribe,0.13798565,1380,13.80%,3846,0.0243592996701345,0,Not Recommended,0.00 to 0.19,0% to 19%,37,blue-collar,married,unknown,telephone,may,2,0,nonexistent,0,0,0,0,0,0,0
test_002774,test,0,Did Not Subscribe,0.13797939,1380,13.80%,3847,0.0241055569652371,0,Not Recommended,0.00 to 0.19,0% to 19%,48,blue-collar,married,basic.4y,telephone,may,1,0,nonexistent,0,0,0,0,0,0,0
test_002972,test,0,Did Not Subscribe,0.1377035,1377,13.77%,3848,0.02385181426034,0,Not Recommended,0.00 to 0.19,0% to 19%,45,unknown,married,unknown,telephone,jun,1,0,nonexistent,0,0,0,0,0,0,0
test_000398,test,0,Did Not Subscribe,0.13761495,1376,13.76%,3849,0.0235980715554428,0,Not Recommended,0.00 to 0.19,0% to 19%,51,admin.,married,high.school,telephone,jun,12,0,nonexistent,0,0,0,0,0,0,0
test_002509,test,0,Did Not Subscribe,0.13750169,1375,13.75%,3850,0.0233443288505454,0,Not Recommended,0.00 to 0.19,0% to 19%,47,blue-collar,single,basic.4y,telephone,may,2,0,nonexistent,0,0,0,0,0,0,0
test_001401,test,0,Did Not Subscribe,0.1363876,1364,13.64%,3851,0.0230905861456482,0,Not Recommended,0.00 to 0.19,0% to 19%,48,technician,single,unknown,telephone,may,1,0,nonexistent,0,0,0,0,0,0,0
test_001836,test,1,Subscribed,0.13621007,1362,13.62%,3852,0.022836843440751,0,Not Recommended,0.00 to 0.19,0% to 19%,32,unknown,unknown,university.degree,telephone,may,4,0,nonexistent,0,0,0,0,0,0,0
test_000823,test,0,Did Not Subscribe,0.13565108,1357,13.57%,3853,0.0225831007358537,0,Not Recommended,0.00 to 0.19,0% to 19%,37,admin.,single,high.school,cellular,jul,15,0,nonexistent,0,0,0,0,0,0,0
test_003647,test,0,Did Not Subscribe,0.13542496,1354,13.54%,3854,0.0223293580309565,0,Not Recommended,0.00 to 0.19,0% to 19%,39,housemaid,married,basic.4y,telephone,may,3,0,nonexistent,0,0,0,0,0,0,0
test_000505,test,0,Did Not Subscribe,0.13496585,1350,13.50%,3855,0.0220756153260593,0,Not Recommended,0.00 to 0.19,0% to 19%,52,unknown,married,basic.4y,telephone,jun,17,0,nonexistent,0,0,0,0,0,0,0
test_001904,test,0,Did Not Subscribe,0.13480033,1348,13.48%,3856,0.021821872621162,0,Not Recommended,0.00 to 0.19,0% to 19%,47,management,married,basic.4y,telephone,jun,1,0,nonexistent,0,0,0,0,0,0,0
test_000188,test,0,Did Not Subscribe,0.133894,1339,13.39%,3857,0.0215681299162648,0,Not Recommended,0.00 to 0.19,0% to 19%,37,management,divorced,unknown,cellular,nov,1,1,failure,0,0,0,0,0,0,0
test_003421,test,0,Did Not Subscribe,0.13384889,1338,13.38%,3858,0.0213143872113676,0,Not Recommended,0.00 to 0.19,0% to 19%,52,unknown,married,basic.4y,telephone,may,1,0,nonexistent,0,0,0,0,0,0,0
test_001771,test,0,Did Not Subscribe,0.13356057,1336,13.36%,3859,0.0210606445064704,0,Not Recommended,0.00 to 0.19,0% to 19%,50,technician,married,high.school,cellular,nov,1,1,failure,0,0,0,0,0,0,0
test_002802,test,0,Did Not Subscribe,0.13349727,1335,13.35%,3860,0.0208069018015731,0,Not Recommended,0.00 to 0.19,0% to 19%,48,unemployed,married,high.school,telephone,may,6,0,nonexistent,0,0,0,0,0,0,0
test_000595,test,0,Did Not Subscribe,0.13337547,1334,13.34%,3861,0.0205531590966759,0,Not Recommended,0.00 to 0.19,0% to 19%,28,blue-collar,single,basic.4y,telephone,may,2,0,nonexistent,0,0,0,0,0,0,0
test_002254,test,0,Did Not Subscribe,0.13256675,1326,13.26%,3862,0.0202994163917787,0,Not Recommended,0.00 to 0.19,0% to 19%,37,housemaid,single,basic.9y,telephone,may,3,0,nonexistent,0,0,0,0,0,0,0
test_002674,test,0,Did Not Subscribe,0.13235277,1324,13.24%,3863,0.0200456736868814,0,Not Recommended,0.00 to 0.19,0% to 19%,42,management,married,unknown,telephone,may,3,0,nonexistent,0,0,0,0,0,0,0
test_003413,test,0,Did Not Subscribe,0.13226165,1323,13.23%,3864,0.0197919309819842,0,Not Recommended,0.00 to 0.19,0% to 19%,36,services,single,basic.4y,telephone,may,1,0,nonexistent,0,0,0,0,0,0,0
test_000412,test,0,Did Not Subscribe,0.1320102,1320,13.20%,3865,0.019538188277087,0,Not Recommended,0.00 to 0.19,0% to 19%,44,blue-collar,divorced,basic.4y,cellular,apr,3,1,failure,0,0,0,0,0,0,0
test_001983,test,1,Subscribed,0.13191025,1319,13.19%,3866,0.0192844455721897,0,Not Recommended,0.00 to 0.19,0% to 19%,59,retired,married,professional.course,telephone,may,9,0,nonexistent,0,0,0,0,0,0,0
test_003111,test,0,Did Not Subscribe,0.13142659,1314,13.14%,3867,0.0190307028672925,0,Not Recommended,0.00 to 0.19,0% to 19%,49,housemaid,married,basic.9y,telephone,may,1,0,nonexistent,0,0,0,0,0,0,0
test_002984,test,0,Did Not Subscribe,0.13121124,1312,13.12%,3868,0.0187769601623953,0,Not Recommended,0.00 to 0.19,0% to 19%,39,blue-collar,single,unknown,telephone,may,1,0,nonexistent,0,0,0,0,0,0,0
test_000743,test,0,Did Not Subscribe,0.13092598,1309,13.09%,3869,0.018523217457498,0,Not Recommended,0.00 to 0.19,0% to 19%,40,unemployed,married,basic.4y,telephone,may,1,0,nonexistent,0,0,0,0,0,0,0
test_000387,test,0,Did Not Subscribe,0.13012362,1301,13.01%,3870,0.0182694747526008,0,Not Recommended,0.00 to 0.19,0% to 19%,47,housemaid,married,university.degree,telephone,may,6,0,nonexistent,0,0,0,0,0,0,0
test_000307,test,0,Did Not Subscribe,0.12998645,1300,13.00%,3871,0.0180157320477036,0,Not Recommended,0.00 to 0.19,0% to 19%,47,blue-collar,divorced,basic.4y,telephone,may,2,0,nonexistent,0,0,0,0,0,0,0
test_001741,test,0,Did Not Subscribe,0.12909357,1291,12.91%,3872,0.0177619893428063,0,Not Recommended,0.00 to 0.19,0% to 19%,38,housemaid,divorced,high.school,telephone,may,1,0,nonexistent,0,0,0,0,0,0,0
test_003015,test,0,Did Not Subscribe,0.12738328,1274,12.74%,3873,0.0175082466379091,0,Not Recommended,0.00 to 0.19,0% to 19%,37,blue-collar,single,basic.9y,telephone,may,2,0,nonexistent,0,0,0,0,0,0,0
test_003827,test,0,Did Not Subscribe,0.12734538,1273,12.73%,3874,0.0172545039330119,0,Not Recommended,0.00 to 0.19,0% to 19%,36,blue-collar,married,basic.9y,telephone,may,4,0,nonexistent,0,0,0,0,0,0,0
test_001457,test,0,Did Not Subscribe,0.12732214,1273,12.73%,3875,0.0170007612281146,0,Not Recommended,0.00 to 0.19,0% to 19%,55,technician,married,professional.course,telephone,jul,13,0,nonexistent,0,0,0,0,0,0,0
test_000328,test,0,Did Not Subscribe,0.12705775,1271,12.71%,3876,0.0167470185232174,0,Not Recommended,0.00 to 0.19,0% to 19%,52,management,married,unknown,telephone,may,2,0,nonexistent,0,0,0,0,0,0,0
test_000161,test,0,Did Not Subscribe,0.12610659,1261,12.61%,3877,0.0164932758183202,0,Not Recommended,0.00 to 0.19,0% to 19%,41,unknown,single,unknown,telephone,jun,6,0,nonexistent,0,0,0,0,0,0,0
test_000668,test,0,Did Not Subscribe,0.12600404,1260,12.60%,3878,0.0162395331134229,0,Not Recommended,0.00 to 0.19,0% to 19%,36,unemployed,single,basic.4y,telephone,may,1,0,nonexistent,0,0,0,0,0,0,0
test_002206,test,0,Did Not Subscribe,0.12564419,1256,12.56%,3879,0.0159857904085257,0,Not Recommended,0.00 to 0.19,0% to 19%,57,self-employed,married,unknown,telephone,may,2,0,nonexistent,0,0,0,0,0,0,0
test_001810,test,0,Did Not Subscribe,0.12539084,1254,12.54%,3880,0.0157320477036285,0,Not Recommended,0.00 to 0.19,0% to 19%,53,unknown,married,high.school,telephone,jun,2,0,nonexistent,0,0,0,0,0,0,0
test_000763,test,0,Did Not Subscribe,0.12532556,1253,12.53%,3881,0.0154783049987312,0,Not Recommended,0.00 to 0.19,0% to 19%,43,blue-collar,married,basic.4y,telephone,may,6,0,nonexistent,0,0,0,0,0,0,0
test_003172,test,0,Did Not Subscribe,0.12508674,1251,12.51%,3882,0.015224562293834,0,Not Recommended,0.00 to 0.19,0% to 19%,46,admin.,married,high.school,cellular,nov,1,1,failure,0,0,0,0,0,0,0
test_002746,test,0,Did Not Subscribe,0.124118336,1241,12.41%,3883,0.0149708195889368,0,Not Recommended,0.00 to 0.19,0% to 19%,36,housemaid,divorced,basic.4y,cellular,nov,2,1,failure,0,0,0,0,0,0,0
test_003032,test,0,Did Not Subscribe,0.123428494,1234,12.34%,3884,0.0147170768840395,0,Not Recommended,0.00 to 0.19,0% to 19%,39,management,married,high.school,telephone,may,10,0,nonexistent,0,0,0,0,0,0,0
test_003345,test,0,Did Not Subscribe,0.1223026,1223,12.23%,3885,0.0144633341791423,0,Not Recommended,0.00 to 0.19,0% to 19%,53,management,divorced,university.degree,telephone,jun,12,0,nonexistent,0,0,0,0,0,0,0
test_002779,test,0,Did Not Subscribe,0.1222371,1222,12.22%,3886,0.0142095914742451,0,Not Recommended,0.00 to 0.19,0% to 19%,39,blue-collar,married,basic.9y,telephone,may,8,0,nonexistent,0,0,0,0,0,0,0
test_003286,test,0,Did Not Subscribe,0.122233056,1222,12.22%,3887,0.0139558487693478,0,Not Recommended,0.00 to 0.19,0% to 19%,36,blue-collar,married,basic.6y,telephone,may,7,0,nonexistent,0,0,0,0,0,0,0
test_000942,test,0,Did Not Subscribe,0.12182691,1218,12.18%,3888,0.0137021060644506,0,Not Recommended,0.00 to 0.19,0% to 19%,57,admin.,married,university.degree,cellular,jul,15,0,nonexistent,0,0,0,0,0,0,0
test_000298,test,0,Did Not Subscribe,0.12137394,1214,12.14%,3889,0.0134483633595534,0,Not Recommended,0.00 to 0.19,0% to 19%,44,admin.,divorced,high.school,cellular,jul,17,0,nonexistent,0,0,0,0,0,0,0
test_003569,test,0,Did Not Subscribe,0.12104466,1210,12.10%,3890,0.0131946206546561,0,Not Recommended,0.00 to 0.19,0% to 19%,53,unknown,married,high.school,telephone,may,2,0,nonexistent,0,0,0,0,0,0,0
test_000740,test,0,Did Not Subscribe,0.120667405,1207,12.07%,3891,0.0129408779497589,0,Not Recommended,0.00 to 0.19,0% to 19%,54,management,married,basic.4y,telephone,may,9,0,nonexistent,0,0,0,0,0,0,0
test_003739,test,0,Did Not Subscribe,0.113178335,1132,11.32%,3892,0.0126871352448617,0,Not Recommended,0.00 to 0.19,0% to 19%,60,unknown,single,unknown,telephone,may,1,0,nonexistent,0,0,0,0,0,0,0
test_001201,test,0,Did Not Subscribe,0.11230033,1123,11.23%,3893,0.0124333925399644,0,Not Recommended,0.00 to 0.19,0% to 19%,48,technician,married,professional.course,cellular,jul,10,0,nonexistent,0,0,0,0,0,0,0
test_001703,test,0,Did Not Subscribe,0.11218909,1122,11.22%,3894,0.0121796498350672,0,Not Recommended,0.00 to 0.19,0% to 19%,48,blue-collar,married,basic.6y,telephone,may,10,0,nonexistent,0,0,0,0,0,0,0
test_002294,test,0,Did Not Subscribe,0.11065809,1107,11.07%,3895,0.01192590713017,0,Not Recommended,0.00 to 0.19,0% to 19%,31,admin.,married,high.school,telephone,may,13,0,nonexistent,0,0,0,0,0,0,0
test_000023,test,0,Did Not Subscribe,0.109842725,1098,10.98%,3896,0.0116721644252727,0,Not Recommended,0.00 to 0.19,0% to 19%,36,admin.,single,university.degree,cellular,jul,16,0,nonexistent,0,0,0,0,0,0,0
test_000801,test,0,Did Not Subscribe,0.10975189,1098,10.98%,3897,0.0114184217203755,0,Not Recommended,0.00 to 0.19,0% to 19%,36,blue-collar,married,basic.4y,telephone,may,5,0,nonexistent,0,0,0,0,0,0,0
test_003056,test,0,Did Not Subscribe,0.10947385,1095,10.95%,3898,0.0111646790154783,0,Not Recommended,0.00 to 0.19,0% to 19%,33,blue-collar,married,basic.9y,telephone,nov,3,1,failure,0,0,0,0,0,0,0
test_001035,test,0,Did Not Subscribe,0.1088906,1089,10.89%,3899,0.010910936310581,0,Not Recommended,0.00 to 0.19,0% to 19%,37,blue-collar,married,high.school,telephone,may,7,0,nonexistent,0,0,0,0,0,0,0
test_003499,test,0,Did Not Subscribe,0.105808124,1058,10.58%,3900,0.0106571936056838,0,Not Recommended,0.00 to 0.19,0% to 19%,50,unemployed,married,high.school,telephone,may,12,0,nonexistent,0,0,0,0,0,0,0
test_002921,test,0,Did Not Subscribe,0.10489916,1049,10.49%,3901,0.0104034509007866,0,Not Recommended,0.00 to 0.19,0% to 19%,39,housemaid,married,basic.4y,telephone,may,2,0,nonexistent,0,0,0,0,0,0,0
test_002209,test,0,Did Not Subscribe,0.104446165,1044,10.44%,3902,0.0101497081958893,0,Not Recommended,0.00 to 0.19,0% to 19%,51,management,married,university.degree,telephone,jun,17,0,nonexistent,0,0,0,0,0,0,0
test_001572,test,0,Did Not Subscribe,0.104121536,1041,10.41%,3903,0.0098959654909921,0,Not Recommended,0.00 to 0.19,0% to 19%,42,unemployed,married,basic.4y,telephone,may,6,0,nonexistent,0,0,0,0,0,0,0
test_000114,test,0,Did Not Subscribe,0.10336822,1034,10.34%,3904,0.0096422227860949,0,Not Recommended,0.00 to 0.19,0% to 19%,48,admin.,married,university.degree,cellular,nov,7,1,failure,0,0,0,0,0,0,0
test_000964,test,0,Did Not Subscribe,0.101848446,1018,10.18%,3905,0.0093884800811976,0,Not Recommended,0.00 to 0.19,0% to 19%,28,blue-collar,single,basic.4y,telephone,may,7,0,nonexistent,0,0,0,0,0,0,0
test_003000,test,0,Did Not Subscribe,0.10166807,1017,10.17%,3906,0.0091347373763004,0,Not Recommended,0.00 to 0.19,0% to 19%,35,unknown,single,basic.4y,telephone,may,6,0,nonexistent,0,0,0,0,0,0,0
test_001872,test,0,Did Not Subscribe,0.100793004,1008,10.08%,3907,0.0088809946714032,0,Not Recommended,0.00 to 0.19,0% to 19%,46,admin.,married,university.degree,cellular,nov,1,1,failure,0,0,0,0,0,0,0
test_001544,test,0,Did Not Subscribe,0.09882501,988,9.88%,3908,0.0086272519665059,0,Not Recommended,0.00 to 0.19,0% to 19%,37,technician,married,professional.course,telephone,may,9,0,nonexistent,0,0,0,0,0,0,0
test_000508,test,0,Did Not Subscribe,0.09582577,958,9.58%,3909,0.0083735092616087,0,Not Recommended,0.00 to 0.19,0% to 19%,49,technician,married,professional.course,cellular,aug,14,0,nonexistent,0,0,0,0,0,0,0
test_001280,test,0,Did Not Subscribe,0.09409032,941,9.41%,3910,0.0081197665567115,0,Not Recommended,0.00 to 0.19,0% to 19%,42,technician,married,professional.course,telephone,jun,16,0,nonexistent,0,0,0,0,0,0,0
test_003042,test,0,Did Not Subscribe,0.087473534,875,8.75%,3911,0.0078660238518142,0,Not Recommended,0.00 to 0.19,0% to 19%,30,blue-collar,married,basic.9y,telephone,jun,29,0,nonexistent,0,0,0,0,0,0,0
test_001826,test,0,Did Not Subscribe,0.086348,863,8.63%,3912,0.007612281146917,0,Not Recommended,0.00 to 0.19,0% to 19%,47,unknown,divorced,basic.4y,telephone,may,1,0,nonexistent,0,0,0,0,0,0,0
test_000046,test,0,Did Not Subscribe,0.08256081,826,8.26%,3913,0.0073585384420198,0,Not Recommended,0.00 to 0.19,0% to 19%,38,unknown,married,unknown,telephone,may,4,0,nonexistent,0,0,0,0,0,0,0
test_002852,test,0,Did Not Subscribe,0.07700497,770,7.70%,3914,0.0071047957371225,0,Not Recommended,0.00 to 0.19,0% to 19%,53,services,divorced,university.degree,telephone,may,16,0,nonexistent,0,0,0,0,0,0,0
test_003928,test,0,Did Not Subscribe,0.075284086,753,7.53%,3915,0.0068510530322253,0,Not Recommended,0.00 to 0.19,0% to 19%,36,admin.,married,high.school,telephone,may,14,0,nonexistent,0,0,0,0,0,0,0
test_002448,test,0,Did Not Subscribe,0.06831774,683,6.83%,3916,0.0065973103273281,0,Not Recommended,0.00 to 0.19,0% to 19%,32,technician,single,university.degree,telephone,may,16,0,nonexistent,0,0,0,0,0,0,0
test_000234,test,0,Did Not Subscribe,0.06775411,678,6.78%,3917,0.0063435676224308,0,Not Recommended,0.00 to 0.19,0% to 19%,54,unknown,married,unknown,telephone,may,8,0,nonexistent,0,0,0,0,0,0,0
test_001908,test,0,Did Not Subscribe,0.06430999,643,6.43%,3918,0.0060898249175336,0,Not Recommended,0.00 to 0.19,0% to 19%,33,housemaid,married,basic.4y,telephone,may,8,0,nonexistent,0,0,0,0,0,0,0
test_002061,test,0,Did Not Subscribe,0.06383118,638,6.38%,3919,0.0058360822126364,0,Not Recommended,0.00 to 0.19,0% to 19%,34,admin.,single,university.degree,telephone,jun,32,0,nonexistent,0,0,0,0,0,0,0
test_002108,test,0,Did Not Subscribe,0.06365007,637,6.37%,3920,0.0055823395077391,0,Not Recommended,0.00 to 0.19,0% to 19%,36,technician,married,university.degree,telephone,may,14,0,nonexistent,0,0,0,0,0,0,0
test_002417,test,0,Did Not Subscribe,0.06344229,634,6.34%,3921,0.0053285968028419,0,Not Recommended,0.00 to 0.19,0% to 19%,31,admin.,single,high.school,telephone,may,25,0,nonexistent,0,0,0,0,0,0,0
test_002059,test,0,Did Not Subscribe,0.06137689,614,6.14%,3922,0.0050748540979447,0,Not Recommended,0.00 to 0.19,0% to 19%,43,blue-collar,married,basic.9y,telephone,jun,23,0,nonexistent,0,0,0,0,0,0,0
test_000056,test,0,Did Not Subscribe,0.060668267,607,6.07%,3923,0.0048211113930474,0,Not Recommended,0.00 to 0.19,0% to 19%,31,admin.,single,high.school,telephone,may,22,0,nonexistent,0,0,0,0,0,0,0
test_003347,test,0,Did Not Subscribe,0.059552412,596,5.96%,3924,0.0045673686881502,0,Not Recommended,0.00 to 0.19,0% to 19%,54,unemployed,married,high.school,telephone,jun,16,0,nonexistent,0,0,0,0,0,0,0
test_003745,test,0,Did Not Subscribe,0.055890948,559,5.59%,3925,0.004313625983253,0,Not Recommended,0.00 to 0.19,0% to 19%,43,unemployed,married,basic.9y,telephone,jun,28,0,nonexistent,0,0,0,0,0,0,0
test_002928,test,0,Did Not Subscribe,0.05063753,506,5.06%,3926,0.0040598832783557,0,Not Recommended,0.00 to 0.19,0% to 19%,35,management,single,university.degree,telephone,jun,21,0,nonexistent,0,0,0,0,0,0,0
test_000744,test,0,Did Not Subscribe,0.050587177,506,5.06%,3927,0.0038061405734585,0,Not Recommended,0.00 to 0.19,0% to 19%,34,management,married,unknown,telephone,may,16,0,nonexistent,0,0,0,0,0,0,0
test_000420,test,0,Did Not Subscribe,0.049821213,498,4.98%,3928,0.0035523978685613,0,Not Recommended,0.00 to 0.19,0% to 19%,39,admin.,married,university.degree,telephone,may,32,0,nonexistent,0,0,0,0,0,0,0
test_000259,test,0,Did Not Subscribe,0.04067478,407,4.07%,3929,0.003298655163664,0,Not Recommended,0.00 to 0.19,0% to 19%,35,management,divorced,university.degree,cellular,jul,20,0,nonexistent,0,0,0,0,0,0,0
test_003326,test,0,Did Not Subscribe,0.037623126,376,3.76%,3930,0.0030449124587668,0,Not Recommended,0.00 to 0.19,0% to 19%,28,admin.,married,high.school,telephone,may,18,0,nonexistent,0,0,0,0,0,0,0
test_001520,test,0,Did Not Subscribe,0.03319113,332,3.32%,3931,0.0027911697538696,0,Not Recommended,0.00 to 0.19,0% to 19%,36,admin.,single,university.degree,cellular,jul,33,0,nonexistent,0,0,0,0,0,0,0
test_001110,test,0,Did Not Subscribe,0.032467194,325,3.25%,3932,0.0025374270489723,0,Not Recommended,0.00 to 0.19,0% to 19%,41,entrepreneur,single,high.school,cellular,jul,20,0,nonexistent,0,0,0,0,0,0,0
test_003704,test,0,Did Not Subscribe,0.032359783,324,3.24%,3933,0.0022836843440751,0,Not Recommended,0.00 to 0.19,0% to 19%,32,admin.,married,high.school,cellular,jul,22,0,nonexistent,0,0,0,0,0,0,0
test_003207,test,0,Did Not Subscribe,0.031828903,318,3.18%,3934,0.0020299416391779,0,Not Recommended,0.00 to 0.19,0% to 19%,57,admin.,divorced,unknown,telephone,jun,19,0,nonexistent,0,0,0,0,0,0,0
test_001289,test,0,Did Not Subscribe,0.030128045,301,3.01%,3935,0.0017761989342806,0,Not Recommended,0.00 to 0.19,0% to 19%,26,blue-collar,married,basic.9y,telephone,jun,35,0,nonexistent,0,0,0,0,0,0,0
test_001823,test,0,Did Not Subscribe,0.02979616,298,2.98%,3936,0.0015224562293834,0,Not Recommended,0.00 to 0.19,0% to 19%,30,admin.,single,professional.course,cellular,jul,18,0,nonexistent,0,0,0,0,0,0,0
test_000261,test,0,Did Not Subscribe,0.027742563,277,2.77%,3937,0.0012687135244862,0,Not Recommended,0.00 to 0.19,0% to 19%,33,admin.,single,high.school,telephone,jun,26,0,nonexistent,0,0,0,0,0,0,0
test_001565,test,0,Did Not Subscribe,0.026202463,262,2.62%,3938,0.0010149708195889,0,Not Recommended,0.00 to 0.19,0% to 19%,33,services,single,high.school,telephone,jun,18,0,nonexistent,0,0,0,0,0,0,0
test_001731,test,0,Did Not Subscribe,0.025545282,255,2.55%,3939,0.0007612281146917,0,Not Recommended,0.00 to 0.19,0% to 19%,54,services,married,high.school,cellular,jul,33,0,nonexistent,0,0,0,0,0,0,0
test_001910,test,0,Did Not Subscribe,0.024749968,247,2.47%,3940,0.0005074854097945,0,Not Recommended,0.00 to 0.19,0% to 19%,49,admin.,divorced,high.school,telephone,jun,20,0,nonexistent,0,0,0,0,0,0,0
test_002704,test,0,Did Not Subscribe,0.014738727,147,1.47%,3941,0.0002537427048971,0,Not Recommended,0.00 to 0.19,0% to 19%,41,housemaid,married,basic.4y,cellular,jul,24,0,nonexistent,0,0,0,0,0,0,0
